student_id,school_year,assessment,subject,score,school,grade_num,source_file,year_confidence,year_confidence_reason
2007801,2022-23,CAASPP,ELA,2560.0,Longfellow Arts and Technology Middle,8,CAASPP_corrected.xlsx,High,Columns explicitly identify 22-23 CAASPP.
2009146,2022-23,CAASPP,ELA,2478.0,Longfellow Arts and Technology Middle,8,CAASPP_corrected.xlsx,High,Columns explicitly identify 22-23 CAASPP.
2009815,2022-23,CAASPP,ELA,2429.0,Longfellow Arts and Technology Middle,8,CAASPP_corrected.xlsx,High,Columns explicitly identify 22-23 CAASPP.
2010008,2022-23,CAASPP,ELA,2463.0,Longfellow Arts and Technology Middle,8,CAASPP_corrected.xlsx,High,Columns explicitly identify 22-23 CAASPP.
2010013,2022-23,CAASPP,ELA,2597.0,Longfellow Arts and Technology Middle,8,CAASPP_corrected.xlsx,High,Columns explicitly identify 22-23 CAASPP.
2010038,2022-23,CAASPP,ELA,2573.0,Longfellow Arts and Technology Middle,8,CAASPP_corrected.xlsx,High,Columns explicitly identify 22-23 CAASPP.
2010721,2022-23,CAASPP,ELA,2514.0,Longfellow Arts and Technology Middle,8,CAASPP_corrected.xlsx,High,Columns explicitly identify 22-23 CAASPP.
2010886,2022-23,CAASPP,ELA,2619.0,Longfellow Arts and Technology Middle,8,CAASPP_corrected.xlsx,High,Columns explicitly identify 22-23 CAASPP.
2010956,2022-23,CAASPP,ELA,2480.0,Longfellow Arts and Technology Middle,8,CAASPP_corrected.xlsx,High,Columns explicitly identify 22-23 CAASPP.
2011010,2022-23,CAASPP,ELA,2565.0,Longfellow Arts and Technology Middle,8,CAASPP_corrected.xlsx,High,Columns explicitly identify 22-23 CAASPP.
2011093,2022-23,CAASPP,ELA,2467.0,Longfellow Arts and Technology Middle,8,CAASPP_corrected.xlsx,High,Columns explicitly identify 22-23 CAASPP.
2011122,2022-23,CAASPP,ELA,2462.0,Longfellow Arts and Technology Middle,8,CAASPP_corrected.xlsx,High,Columns explicitly identify 22-23 CAASPP.
2011129,2022-23,CAASPP,ELA,2379.0,Longfellow Arts and Technology Middle,8,CAASPP_corrected.xlsx,High,Columns explicitly identify 22-23 CAASPP.
2011162,2022-23,CAASPP,ELA,2605.0,Longfellow Arts and Technology Middle,8,CAASPP_corrected.xlsx,High,Columns explicitly identify 22-23 CAASPP.
2011242,2022-23,CAASPP,ELA,2501.0,Longfellow Arts and Technology Middle,8,CAASPP_corrected.xlsx,High,Columns explicitly identify 22-23 CAASPP.
2011321,2022-23,CAASPP,ELA,2586.0,Longfellow Arts and Technology Middle,8,CAASPP_corrected.xlsx,High,Columns explicitly identify 22-23 CAASPP.
2011339,2022-23,CAASPP,ELA,2710.0,Longfellow Arts and Technology Middle,8,CAASPP_corrected.xlsx,High,Columns explicitly identify 22-23 CAASPP.
2011410,2022-23,CAASPP,ELA,2505.0,Longfellow Arts and Technology Middle,7,CAASPP_corrected.xlsx,High,Columns explicitly identify 22-23 CAASPP.
2011411,2022-23,CAASPP,ELA,2483.0,Longfellow Arts and Technology Middle,7,CAASPP_corrected.xlsx,High,Columns explicitly identify 22-23 CAASPP.
2011435,2022-23,CAASPP,ELA,2517.0,Longfellow Arts and Technology Middle,8,CAASPP_corrected.xlsx,High,Columns explicitly identify 22-23 CAASPP.
2011542,2022-23,CAASPP,ELA,2413.0,Longfellow Arts and Technology Middle,8,CAASPP_corrected.xlsx,High,Columns explicitly identify 22-23 CAASPP.
2011578,2022-23,CAASPP,ELA,2543.0,Longfellow Arts and Technology Middle,8,CAASPP_corrected.xlsx,High,Columns explicitly identify 22-23 CAASPP.
2011706,2022-23,CAASPP,ELA,2534.0,Longfellow Arts and Technology Middle,7,CAASPP_corrected.xlsx,High,Columns explicitly identify 22-23 CAASPP.
2011750,2022-23,CAASPP,ELA,2580.0,Longfellow Arts and Technology Middle,8,CAASPP_corrected.xlsx,High,Columns explicitly identify 22-23 CAASPP.
2011751,2022-23,CAASPP,ELA,2453.0,Longfellow Arts and Technology Middle,8,CAASPP_corrected.xlsx,High,Columns explicitly identify 22-23 CAASPP.
2011767,2022-23,CAASPP,ELA,2412.0,Longfellow Arts and Technology Middle,8,CAASPP_corrected.xlsx,High,Columns explicitly identify 22-23 CAASPP.
2011768,2022-23,CAASPP,ELA,2423.0,Longfellow Arts and Technology Middle,8,CAASPP_corrected.xlsx,High,Columns explicitly identify 22-23 CAASPP.
2011779,2022-23,CAASPP,ELA,2487.0,Longfellow Arts and Technology Middle,8,CAASPP_corrected.xlsx,High,Columns explicitly identify 22-23 CAASPP.
2011806,2022-23,CAASPP,ELA,2399.0,Longfellow Arts and Technology Middle,8,CAASPP_corrected.xlsx,High,Columns explicitly identify 22-23 CAASPP.
2011858,2022-23,CAASPP,ELA,2424.0,Longfellow Arts and Technology Middle,8,CAASPP_corrected.xlsx,High,Columns explicitly identify 22-23 CAASPP.
2011859,2022-23,CAASPP,ELA,2487.0,Longfellow Arts and Technology Middle,8,CAASPP_corrected.xlsx,High,Columns explicitly identify 22-23 CAASPP.
2011889,2022-23,CAASPP,ELA,2455.0,Longfellow Arts and Technology Middle,7,CAASPP_corrected.xlsx,High,Columns explicitly identify 22-23 CAASPP.
2011896,2022-23,CAASPP,ELA,2370.0,Longfellow Arts and Technology Middle,7,CAASPP_corrected.xlsx,High,Columns explicitly identify 22-23 CAASPP.
2011949,2022-23,CAASPP,ELA,2260.0,Longfellow Arts and Technology Middle,8,CAASPP_corrected.xlsx,High,Columns explicitly identify 22-23 CAASPP.
2011977,2022-23,CAASPP,ELA,2413.0,Longfellow Arts and Technology Middle,7,CAASPP_corrected.xlsx,High,Columns explicitly identify 22-23 CAASPP.
2012036,2022-23,CAASPP,ELA,2684.0,Longfellow Arts and Technology Middle,8,CAASPP_corrected.xlsx,High,Columns explicitly identify 22-23 CAASPP.
2012274,2022-23,CAASPP,ELA,2296.0,Longfellow Arts and Technology Middle,8,CAASPP_corrected.xlsx,High,Columns explicitly identify 22-23 CAASPP.
2012356,2022-23,CAASPP,ELA,2457.0,Longfellow Arts and Technology Middle,7,CAASPP_corrected.xlsx,High,Columns explicitly identify 22-23 CAASPP.
2012520,2022-23,CAASPP,ELA,2537.0,Longfellow Arts and Technology Middle,7,CAASPP_corrected.xlsx,High,Columns explicitly identify 22-23 CAASPP.
2012590,2022-23,CAASPP,ELA,2394.0,Longfellow Arts and Technology Middle,7,CAASPP_corrected.xlsx,High,Columns explicitly identify 22-23 CAASPP.
2012600,2022-23,CAASPP,ELA,2558.0,Longfellow Arts and Technology Middle,7,CAASPP_corrected.xlsx,High,Columns explicitly identify 22-23 CAASPP.
2012619,2022-23,CAASPP,ELA,2456.0,Longfellow Arts and Technology Middle,7,CAASPP_corrected.xlsx,High,Columns explicitly identify 22-23 CAASPP.
2012650,2022-23,CAASPP,ELA,2609.0,Longfellow Arts and Technology Middle,7,CAASPP_corrected.xlsx,High,Columns explicitly identify 22-23 CAASPP.
2012736,2022-23,CAASPP,ELA,2334.0,Longfellow Arts and Technology Middle,7,CAASPP_corrected.xlsx,High,Columns explicitly identify 22-23 CAASPP.
2012746,2022-23,CAASPP,ELA,2457.0,Longfellow Arts and Technology Middle,7,CAASPP_corrected.xlsx,High,Columns explicitly identify 22-23 CAASPP.
2012800,2022-23,CAASPP,ELA,2457.0,Longfellow Arts and Technology Middle,7,CAASPP_corrected.xlsx,High,Columns explicitly identify 22-23 CAASPP.
2012854,2022-23,CAASPP,ELA,2418.0,Longfellow Arts and Technology Middle,7,CAASPP_corrected.xlsx,High,Columns explicitly identify 22-23 CAASPP.
2012941,2022-23,CAASPP,ELA,2418.0,Longfellow Arts and Technology Middle,7,CAASPP_corrected.xlsx,High,Columns explicitly identify 22-23 CAASPP.
2012980,2022-23,CAASPP,ELA,2677.0,Longfellow Arts and Technology Middle,7,CAASPP_corrected.xlsx,High,Columns explicitly identify 22-23 CAASPP.
2013074,2022-23,CAASPP,ELA,2363.0,Longfellow Arts and Technology Middle,6,CAASPP_corrected.xlsx,High,Columns explicitly identify 22-23 CAASPP.
2013113,2022-23,CAASPP,ELA,2496.0,Longfellow Arts and Technology Middle,6,CAASPP_corrected.xlsx,High,Columns explicitly identify 22-23 CAASPP.
2013224,2022-23,CAASPP,ELA,2415.0,Longfellow Arts and Technology Middle,7,CAASPP_corrected.xlsx,High,Columns explicitly identify 22-23 CAASPP.
2013231,2022-23,CAASPP,ELA,2463.0,Longfellow Arts and Technology Middle,7,CAASPP_corrected.xlsx,High,Columns explicitly identify 22-23 CAASPP.
2013239,2022-23,CAASPP,ELA,2388.0,Longfellow Arts and Technology Middle,7,CAASPP_corrected.xlsx,High,Columns explicitly identify 22-23 CAASPP.
2013295,2022-23,CAASPP,ELA,2361.0,Longfellow Arts and Technology Middle,6,CAASPP_corrected.xlsx,High,Columns explicitly identify 22-23 CAASPP.
2013394,2022-23,CAASPP,ELA,2413.0,Longfellow Arts and Technology Middle,6,CAASPP_corrected.xlsx,High,Columns explicitly identify 22-23 CAASPP.
2013474,2022-23,CAASPP,ELA,2366.0,Longfellow Arts and Technology Middle,7,CAASPP_corrected.xlsx,High,Columns explicitly identify 22-23 CAASPP.
2013545,2022-23,CAASPP,ELA,2486.0,Longfellow Arts and Technology Middle,7,CAASPP_corrected.xlsx,High,Columns explicitly identify 22-23 CAASPP.
2013546,2022-23,CAASPP,ELA,2424.0,Longfellow Arts and Technology Middle,7,CAASPP_corrected.xlsx,High,Columns explicitly identify 22-23 CAASPP.
2013610,2022-23,CAASPP,ELA,2503.0,Longfellow Arts and Technology Middle,7,CAASPP_corrected.xlsx,High,Columns explicitly identify 22-23 CAASPP.
2014175,2022-23,CAASPP,ELA,2478.0,Longfellow Arts and Technology Middle,6,CAASPP_corrected.xlsx,High,Columns explicitly identify 22-23 CAASPP.
2014279,2022-23,CAASPP,ELA,2444.0,Longfellow Arts and Technology Middle,6,CAASPP_corrected.xlsx,High,Columns explicitly identify 22-23 CAASPP.
2014299,2022-23,CAASPP,ELA,559.0,Longfellow Arts and Technology Middle,6,CAASPP_corrected.xlsx,High,Columns explicitly identify 22-23 CAASPP.
2014307,2022-23,CAASPP,ELA,2407.0,Longfellow Arts and Technology Middle,6,CAASPP_corrected.xlsx,High,Columns explicitly identify 22-23 CAASPP.
2014546,2022-23,CAASPP,ELA,2428.0,Longfellow Arts and Technology Middle,6,CAASPP_corrected.xlsx,High,Columns explicitly identify 22-23 CAASPP.
2014925,2022-23,CAASPP,ELA,2451.0,Longfellow Arts and Technology Middle,6,CAASPP_corrected.xlsx,High,Columns explicitly identify 22-23 CAASPP.
2014971,2022-23,CAASPP,ELA,2494.0,Longfellow Arts and Technology Middle,6,CAASPP_corrected.xlsx,High,Columns explicitly identify 22-23 CAASPP.
2015041,2022-23,CAASPP,ELA,2575.0,Longfellow Arts and Technology Middle,6,CAASPP_corrected.xlsx,High,Columns explicitly identify 22-23 CAASPP.
2015044,2022-23,CAASPP,ELA,2349.0,Longfellow Arts and Technology Middle,6,CAASPP_corrected.xlsx,High,Columns explicitly identify 22-23 CAASPP.
2015442,2022-23,CAASPP,ELA,2474.0,Longfellow Arts and Technology Middle,7,CAASPP_corrected.xlsx,High,Columns explicitly identify 22-23 CAASPP.
2015450,2022-23,CAASPP,ELA,2578.0,Longfellow Arts and Technology Middle,6,CAASPP_corrected.xlsx,High,Columns explicitly identify 22-23 CAASPP.
2015452,2022-23,CAASPP,ELA,2598.0,Longfellow Arts and Technology Middle,8,CAASPP_corrected.xlsx,High,Columns explicitly identify 22-23 CAASPP.
2015528,2022-23,CAASPP,ELA,2388.0,Longfellow Arts and Technology Middle,6,CAASPP_corrected.xlsx,High,Columns explicitly identify 22-23 CAASPP.
2015560,2022-23,CAASPP,ELA,2609.0,Longfellow Arts and Technology Middle,7,CAASPP_corrected.xlsx,High,Columns explicitly identify 22-23 CAASPP.
2015561,2022-23,CAASPP,ELA,2581.0,Longfellow Arts and Technology Middle,7,CAASPP_corrected.xlsx,High,Columns explicitly identify 22-23 CAASPP.
2016402,2022-23,CAASPP,ELA,2382.0,Longfellow Arts and Technology Middle,6,CAASPP_corrected.xlsx,High,Columns explicitly identify 22-23 CAASPP.
2016463,2022-23,CAASPP,ELA,2472.0,Longfellow Arts and Technology Middle,8,CAASPP_corrected.xlsx,High,Columns explicitly identify 22-23 CAASPP.
2016502,2022-23,CAASPP,ELA,2456.0,Longfellow Arts and Technology Middle,7,CAASPP_corrected.xlsx,High,Columns explicitly identify 22-23 CAASPP.
2018515,2022-23,CAASPP,ELA,2523.0,Longfellow Arts and Technology Middle,7,CAASPP_corrected.xlsx,High,Columns explicitly identify 22-23 CAASPP.
2018460,2022-23,CAASPP,ELA,2597.0,Longfellow Arts and Technology Middle,8,CAASPP_corrected.xlsx,High,Columns explicitly identify 22-23 CAASPP.
2018582,2022-23,CAASPP,ELA,2386.0,Longfellow Arts and Technology Middle,7,CAASPP_corrected.xlsx,High,Columns explicitly identify 22-23 CAASPP.
2010731,2022-23,CAASPP,ELA,2490.0,Longfellow Arts and Technology Middle,7,CAASPP_corrected.xlsx,High,Columns explicitly identify 22-23 CAASPP.
2018731,2022-23,CAASPP,ELA,2669.0,Longfellow Arts and Technology Middle,8,CAASPP_corrected.xlsx,High,Columns explicitly identify 22-23 CAASPP.
2018773,2022-23,CAASPP,ELA,2390.0,Longfellow Arts and Technology Middle,7,CAASPP_corrected.xlsx,High,Columns explicitly identify 22-23 CAASPP.
2018858,2022-23,CAASPP,ELA,2560.0,Longfellow Arts and Technology Middle,8,CAASPP_corrected.xlsx,High,Columns explicitly identify 22-23 CAASPP.
2018933,2022-23,CAASPP,ELA,2406.0,Longfellow Arts and Technology Middle,7,CAASPP_corrected.xlsx,High,Columns explicitly identify 22-23 CAASPP.
2020510,2022-23,CAASPP,ELA,2411.0,Longfellow Arts and Technology Middle,7,CAASPP_corrected.xlsx,High,Columns explicitly identify 22-23 CAASPP.
2020528,2022-23,CAASPP,ELA,2521.0,Longfellow Arts and Technology Middle,7,CAASPP_corrected.xlsx,High,Columns explicitly identify 22-23 CAASPP.
2020556,2022-23,CAASPP,ELA,2382.0,Longfellow Arts and Technology Middle,8,CAASPP_corrected.xlsx,High,Columns explicitly identify 22-23 CAASPP.
2021074,2022-23,CAASPP,ELA,2527.0,Longfellow Arts and Technology Middle,7,CAASPP_corrected.xlsx,High,Columns explicitly identify 22-23 CAASPP.
2021072,2022-23,CAASPP,ELA,2271.0,Longfellow Arts and Technology Middle,6,CAASPP_corrected.xlsx,High,Columns explicitly identify 22-23 CAASPP.
2021281,2022-23,CAASPP,ELA,2485.0,Longfellow Arts and Technology Middle,8,CAASPP_corrected.xlsx,High,Columns explicitly identify 22-23 CAASPP.
2016395,2022-23,CAASPP,ELA,2593.0,Longfellow Arts and Technology Middle,7,CAASPP_corrected.xlsx,High,Columns explicitly identify 22-23 CAASPP.
2022369,2022-23,CAASPP,ELA,2543.0,Longfellow Arts and Technology Middle,8,CAASPP_corrected.xlsx,High,Columns explicitly identify 22-23 CAASPP.
2022466,2022-23,CAASPP,ELA,2607.0,Longfellow Arts and Technology Middle,8,CAASPP_corrected.xlsx,High,Columns explicitly identify 22-23 CAASPP.
2020708,2022-23,CAASPP,ELA,2491.0,Longfellow Arts and Technology Middle,8,CAASPP_corrected.xlsx,High,Columns explicitly identify 22-23 CAASPP.
2022589,2022-23,CAASPP,ELA,2383.0,Longfellow Arts and Technology Middle,7,CAASPP_corrected.xlsx,High,Columns explicitly identify 22-23 CAASPP.
2022452,2022-23,CAASPP,ELA,2442.0,Longfellow Arts and Technology Middle,7,CAASPP_corrected.xlsx,High,Columns explicitly identify 22-23 CAASPP.
2009098,2022-23,CAASPP,ELA,2406.0,Martin Luther King Middle School,8,CAASPP_corrected.xlsx,High,Columns explicitly identify 22-23 CAASPP.
2009121,2022-23,CAASPP,ELA,2329.0,Martin Luther King Middle School,8,CAASPP_corrected.xlsx,High,Columns explicitly identify 22-23 CAASPP.
2009813,2022-23,CAASPP,ELA,2422.0,Martin Luther King Middle School,8,CAASPP_corrected.xlsx,High,Columns explicitly identify 22-23 CAASPP.
2010045,2022-23,CAASPP,ELA,2283.0,Martin Luther King Middle School,8,CAASPP_corrected.xlsx,High,Columns explicitly identify 22-23 CAASPP.
2010579,2022-23,CAASPP,ELA,2646.0,Martin Luther King Middle School,8,CAASPP_corrected.xlsx,High,Columns explicitly identify 22-23 CAASPP.
2010901,2022-23,CAASPP,ELA,2664.0,Martin Luther King Middle School,8,CAASPP_corrected.xlsx,High,Columns explicitly identify 22-23 CAASPP.
2010913,2022-23,CAASPP,ELA,2521.0,Martin Luther King Middle School,8,CAASPP_corrected.xlsx,High,Columns explicitly identify 22-23 CAASPP.
2010918,2022-23,CAASPP,ELA,2495.0,Martin Luther King Middle School,7,CAASPP_corrected.xlsx,High,Columns explicitly identify 22-23 CAASPP.
2010981,2022-23,CAASPP,ELA,2313.0,Martin Luther King Middle School,8,CAASPP_corrected.xlsx,High,Columns explicitly identify 22-23 CAASPP.
2010991,2022-23,CAASPP,ELA,2453.0,Martin Luther King Middle School,8,CAASPP_corrected.xlsx,High,Columns explicitly identify 22-23 CAASPP.
2011071,2022-23,CAASPP,ELA,2530.0,Martin Luther King Middle School,8,CAASPP_corrected.xlsx,High,Columns explicitly identify 22-23 CAASPP.
2011124,2022-23,CAASPP,ELA,2562.0,Martin Luther King Middle School,8,CAASPP_corrected.xlsx,High,Columns explicitly identify 22-23 CAASPP.
2011154,2022-23,CAASPP,ELA,2560.0,Martin Luther King Middle School,8,CAASPP_corrected.xlsx,High,Columns explicitly identify 22-23 CAASPP.
2011187,2022-23,CAASPP,ELA,2559.0,Martin Luther King Middle School,8,CAASPP_corrected.xlsx,High,Columns explicitly identify 22-23 CAASPP.
2011370,2022-23,CAASPP,ELA,2569.0,Martin Luther King Middle School,7,CAASPP_corrected.xlsx,High,Columns explicitly identify 22-23 CAASPP.
2011402,2022-23,CAASPP,ELA,2260.0,Martin Luther King Middle School,8,CAASPP_corrected.xlsx,High,Columns explicitly identify 22-23 CAASPP.
2011412,2022-23,CAASPP,ELA,2506.0,Martin Luther King Middle School,7,CAASPP_corrected.xlsx,High,Columns explicitly identify 22-23 CAASPP.
2011482,2022-23,CAASPP,ELA,2564.0,Martin Luther King Middle School,7,CAASPP_corrected.xlsx,High,Columns explicitly identify 22-23 CAASPP.
2011692,2022-23,CAASPP,ELA,2525.0,Martin Luther King Middle School,7,CAASPP_corrected.xlsx,High,Columns explicitly identify 22-23 CAASPP.
2011693,2022-23,CAASPP,ELA,2376.0,Martin Luther King Middle School,7,CAASPP_corrected.xlsx,High,Columns explicitly identify 22-23 CAASPP.
2011708,2022-23,CAASPP,ELA,2489.0,Martin Luther King Middle School,7,CAASPP_corrected.xlsx,High,Columns explicitly identify 22-23 CAASPP.
2011736,2022-23,CAASPP,ELA,2457.0,Martin Luther King Middle School,7,CAASPP_corrected.xlsx,High,Columns explicitly identify 22-23 CAASPP.
2011761,2022-23,CAASPP,ELA,2362.0,Martin Luther King Middle School,7,CAASPP_corrected.xlsx,High,Columns explicitly identify 22-23 CAASPP.
2011777,2022-23,CAASPP,ELA,2339.0,Martin Luther King Middle School,7,CAASPP_corrected.xlsx,High,Columns explicitly identify 22-23 CAASPP.
2011780,2022-23,CAASPP,ELA,2554.0,Martin Luther King Middle School,8,CAASPP_corrected.xlsx,High,Columns explicitly identify 22-23 CAASPP.
2011846,2022-23,CAASPP,ELA,2647.0,Martin Luther King Middle School,8,CAASPP_corrected.xlsx,High,Columns explicitly identify 22-23 CAASPP.
2011874,2022-23,CAASPP,ELA,2509.0,Martin Luther King Middle School,8,CAASPP_corrected.xlsx,High,Columns explicitly identify 22-23 CAASPP.
2011876,2022-23,CAASPP,ELA,2497.0,Martin Luther King Middle School,8,CAASPP_corrected.xlsx,High,Columns explicitly identify 22-23 CAASPP.
2012137,2022-23,CAASPP,ELA,2370.0,Martin Luther King Middle School,7,CAASPP_corrected.xlsx,High,Columns explicitly identify 22-23 CAASPP.
2012566,2022-23,CAASPP,ELA,2428.0,Martin Luther King Middle School,7,CAASPP_corrected.xlsx,High,Columns explicitly identify 22-23 CAASPP.
2012655,2022-23,CAASPP,ELA,2453.0,Martin Luther King Middle School,7,CAASPP_corrected.xlsx,High,Columns explicitly identify 22-23 CAASPP.
2012657,2022-23,CAASPP,ELA,2464.0,Martin Luther King Middle School,7,CAASPP_corrected.xlsx,High,Columns explicitly identify 22-23 CAASPP.
2012864,2022-23,CAASPP,ELA,2520.0,Martin Luther King Middle School,7,CAASPP_corrected.xlsx,High,Columns explicitly identify 22-23 CAASPP.
2013098,2022-23,CAASPP,ELA,2654.0,Martin Luther King Middle School,6,CAASPP_corrected.xlsx,High,Columns explicitly identify 22-23 CAASPP.
2013126,2022-23,CAASPP,ELA,2426.0,Martin Luther King Middle School,6,CAASPP_corrected.xlsx,High,Columns explicitly identify 22-23 CAASPP.
2013135,2022-23,CAASPP,ELA,2455.0,Martin Luther King Middle School,6,CAASPP_corrected.xlsx,High,Columns explicitly identify 22-23 CAASPP.
2013207,2022-23,CAASPP,ELA,2353.0,Martin Luther King Middle School,7,CAASPP_corrected.xlsx,High,Columns explicitly identify 22-23 CAASPP.
2013329,2022-23,CAASPP,ELA,2393.0,Martin Luther King Middle School,7,CAASPP_corrected.xlsx,High,Columns explicitly identify 22-23 CAASPP.
2013389,2022-23,CAASPP,ELA,2514.0,Martin Luther King Middle School,7,CAASPP_corrected.xlsx,High,Columns explicitly identify 22-23 CAASPP.
2013390,2022-23,CAASPP,ELA,2496.0,Martin Luther King Middle School,6,CAASPP_corrected.xlsx,High,Columns explicitly identify 22-23 CAASPP.
2013415,2022-23,CAASPP,ELA,2498.0,Martin Luther King Middle School,8,CAASPP_corrected.xlsx,High,Columns explicitly identify 22-23 CAASPP.
2013479,2022-23,CAASPP,ELA,2480.0,Martin Luther King Middle School,7,CAASPP_corrected.xlsx,High,Columns explicitly identify 22-23 CAASPP.
2013573,2022-23,CAASPP,ELA,2337.0,Martin Luther King Middle School,7,CAASPP_corrected.xlsx,High,Columns explicitly identify 22-23 CAASPP.
2013739,2022-23,CAASPP,ELA,2507.0,Martin Luther King Middle School,7,CAASPP_corrected.xlsx,High,Columns explicitly identify 22-23 CAASPP.
2014031,2022-23,CAASPP,ELA,2544.0,Martin Luther King Middle School,6,CAASPP_corrected.xlsx,High,Columns explicitly identify 22-23 CAASPP.
2014142,2022-23,CAASPP,ELA,2511.0,Martin Luther King Middle School,6,CAASPP_corrected.xlsx,High,Columns explicitly identify 22-23 CAASPP.
2014352,2022-23,CAASPP,ELA,2566.0,Martin Luther King Middle School,6,CAASPP_corrected.xlsx,High,Columns explicitly identify 22-23 CAASPP.
2014788,2022-23,CAASPP,ELA,2500.0,Martin Luther King Middle School,6,CAASPP_corrected.xlsx,High,Columns explicitly identify 22-23 CAASPP.
2014877,2022-23,CAASPP,ELA,2404.0,Martin Luther King Middle School,6,CAASPP_corrected.xlsx,High,Columns explicitly identify 22-23 CAASPP.
2015020,2022-23,CAASPP,ELA,2431.0,Martin Luther King Middle School,8,CAASPP_corrected.xlsx,High,Columns explicitly identify 22-23 CAASPP.
2015040,2022-23,CAASPP,ELA,2391.0,Martin Luther King Middle School,6,CAASPP_corrected.xlsx,High,Columns explicitly identify 22-23 CAASPP.
2015042,2022-23,CAASPP,ELA,2494.0,Martin Luther King Middle School,6,CAASPP_corrected.xlsx,High,Columns explicitly identify 22-23 CAASPP.
2015058,2022-23,CAASPP,ELA,2511.0,Martin Luther King Middle School,8,CAASPP_corrected.xlsx,High,Columns explicitly identify 22-23 CAASPP.
2015291,2022-23,CAASPP,ELA,2354.0,Martin Luther King Middle School,6,CAASPP_corrected.xlsx,High,Columns explicitly identify 22-23 CAASPP.
2015374,2022-23,CAASPP,ELA,2449.0,Martin Luther King Middle School,6,CAASPP_corrected.xlsx,High,Columns explicitly identify 22-23 CAASPP.
2015467,2022-23,CAASPP,ELA,2608.0,Martin Luther King Middle School,6,CAASPP_corrected.xlsx,High,Columns explicitly identify 22-23 CAASPP.
2015589,2022-23,CAASPP,ELA,2426.0,Martin Luther King Middle School,8,CAASPP_corrected.xlsx,High,Columns explicitly identify 22-23 CAASPP.
2015643,2022-23,CAASPP,ELA,2424.0,Martin Luther King Middle School,8,CAASPP_corrected.xlsx,High,Columns explicitly identify 22-23 CAASPP.
2016392,2022-23,CAASPP,ELA,2568.0,Martin Luther King Middle School,6,CAASPP_corrected.xlsx,High,Columns explicitly identify 22-23 CAASPP.
2016575,2022-23,CAASPP,ELA,2558.0,Martin Luther King Middle School,6,CAASPP_corrected.xlsx,High,Columns explicitly identify 22-23 CAASPP.
2016832,2022-23,CAASPP,ELA,2485.0,Martin Luther King Middle School,6,CAASPP_corrected.xlsx,High,Columns explicitly identify 22-23 CAASPP.
2017248,2022-23,CAASPP,ELA,2604.0,Martin Luther King Middle School,8,CAASPP_corrected.xlsx,High,Columns explicitly identify 22-23 CAASPP.
2012204,2022-23,CAASPP,ELA,2541.0,Martin Luther King Middle School,8,CAASPP_corrected.xlsx,High,Columns explicitly identify 22-23 CAASPP.
2018560,2022-23,CAASPP,ELA,2510.0,Martin Luther King Middle School,8,CAASPP_corrected.xlsx,High,Columns explicitly identify 22-23 CAASPP.
2018672,2022-23,CAASPP,ELA,2494.0,Martin Luther King Middle School,8,CAASPP_corrected.xlsx,High,Columns explicitly identify 22-23 CAASPP.
2018743,2022-23,CAASPP,ELA,2419.0,Martin Luther King Middle School,7,CAASPP_corrected.xlsx,High,Columns explicitly identify 22-23 CAASPP.
2019710,2022-23,CAASPP,ELA,2493.0,Martin Luther King Middle School,6,CAASPP_corrected.xlsx,High,Columns explicitly identify 22-23 CAASPP.
2021091,2022-23,CAASPP,ELA,2496.0,Martin Luther King Middle School,8,CAASPP_corrected.xlsx,High,Columns explicitly identify 22-23 CAASPP.
2021078,2022-23,CAASPP,ELA,2437.0,Martin Luther King Middle School,6,CAASPP_corrected.xlsx,High,Columns explicitly identify 22-23 CAASPP.
2021207,2022-23,CAASPP,ELA,2408.0,Martin Luther King Middle School,8,CAASPP_corrected.xlsx,High,Columns explicitly identify 22-23 CAASPP.
2021318,2022-23,CAASPP,ELA,2433.0,Martin Luther King Middle School,6,CAASPP_corrected.xlsx,High,Columns explicitly identify 22-23 CAASPP.
2022299,2022-23,CAASPP,ELA,2358.0,Martin Luther King Middle School,8,CAASPP_corrected.xlsx,High,Columns explicitly identify 22-23 CAASPP.
2022618,2022-23,CAASPP,ELA,2453.0,Martin Luther King Middle School,8,CAASPP_corrected.xlsx,High,Columns explicitly identify 22-23 CAASPP.
2022781,2022-23,CAASPP,ELA,2383.0,Martin Luther King Middle School,8,CAASPP_corrected.xlsx,High,Columns explicitly identify 22-23 CAASPP.
2022949,2022-23,CAASPP,ELA,2307.0,Martin Luther King Middle School,7,CAASPP_corrected.xlsx,High,Columns explicitly identify 22-23 CAASPP.
2023068,2022-23,CAASPP,ELA,2417.0,Martin Luther King Middle School,7,CAASPP_corrected.xlsx,High,Columns explicitly identify 22-23 CAASPP.
2023504,2022-23,CAASPP,ELA,2383.0,Martin Luther King Middle School,8,CAASPP_corrected.xlsx,High,Columns explicitly identify 22-23 CAASPP.
2007210,2022-23,CAASPP,ELA,2694.0,Willard Middle School,8,CAASPP_corrected.xlsx,High,Columns explicitly identify 22-23 CAASPP.
2009377,2022-23,CAASPP,ELA,729.0,Willard Middle School,8,CAASPP_corrected.xlsx,High,Columns explicitly identify 22-23 CAASPP.
2009428,2022-23,CAASPP,ELA,2470.0,Willard Middle School,8,CAASPP_corrected.xlsx,High,Columns explicitly identify 22-23 CAASPP.
2009809,2022-23,CAASPP,ELA,2563.0,Willard Middle School,8,CAASPP_corrected.xlsx,High,Columns explicitly identify 22-23 CAASPP.
2009826,2022-23,CAASPP,ELA,2531.0,Willard Middle School,8,CAASPP_corrected.xlsx,High,Columns explicitly identify 22-23 CAASPP.
2009827,2022-23,CAASPP,ELA,2547.0,Willard Middle School,8,CAASPP_corrected.xlsx,High,Columns explicitly identify 22-23 CAASPP.
2009839,2022-23,CAASPP,ELA,2439.0,Willard Middle School,8,CAASPP_corrected.xlsx,High,Columns explicitly identify 22-23 CAASPP.
2009842,2022-23,CAASPP,ELA,2620.0,Willard Middle School,8,CAASPP_corrected.xlsx,High,Columns explicitly identify 22-23 CAASPP.
2010081,2022-23,CAASPP,ELA,2490.0,Willard Middle School,8,CAASPP_corrected.xlsx,High,Columns explicitly identify 22-23 CAASPP.
2010242,2022-23,CAASPP,ELA,2611.0,Willard Middle School,8,CAASPP_corrected.xlsx,High,Columns explicitly identify 22-23 CAASPP.
2010945,2022-23,CAASPP,ELA,2505.0,Willard Middle School,8,CAASPP_corrected.xlsx,High,Columns explicitly identify 22-23 CAASPP.
2010963,2022-23,CAASPP,ELA,2586.0,Willard Middle School,8,CAASPP_corrected.xlsx,High,Columns explicitly identify 22-23 CAASPP.
2011697,2022-23,CAASPP,ELA,654.0,Willard Middle School,7,CAASPP_corrected.xlsx,High,Columns explicitly identify 22-23 CAASPP.
2011935,2022-23,CAASPP,ELA,2450.0,Willard Middle School,8,CAASPP_corrected.xlsx,High,Columns explicitly identify 22-23 CAASPP.
2012242,2022-23,CAASPP,ELA,2374.0,Willard Middle School,8,CAASPP_corrected.xlsx,High,Columns explicitly identify 22-23 CAASPP.
2012995,2022-23,CAASPP,ELA,2416.0,Willard Middle School,7,CAASPP_corrected.xlsx,High,Columns explicitly identify 22-23 CAASPP.
2013041,2022-23,CAASPP,ELA,2609.0,Willard Middle School,8,CAASPP_corrected.xlsx,High,Columns explicitly identify 22-23 CAASPP.
2013212,2022-23,CAASPP,ELA,2571.0,Willard Middle School,7,CAASPP_corrected.xlsx,High,Columns explicitly identify 22-23 CAASPP.
2013648,2022-23,CAASPP,ELA,2365.0,Willard Middle School,7,CAASPP_corrected.xlsx,High,Columns explicitly identify 22-23 CAASPP.
2013666,2022-23,CAASPP,ELA,2518.0,Willard Middle School,6,CAASPP_corrected.xlsx,High,Columns explicitly identify 22-23 CAASPP.
2013668,2022-23,CAASPP,ELA,2427.0,Willard Middle School,6,CAASPP_corrected.xlsx,High,Columns explicitly identify 22-23 CAASPP.
2013713,2022-23,CAASPP,ELA,2458.0,Willard Middle School,7,CAASPP_corrected.xlsx,High,Columns explicitly identify 22-23 CAASPP.
2014148,2022-23,CAASPP,ELA,2290.0,Willard Middle School,8,CAASPP_corrected.xlsx,High,Columns explicitly identify 22-23 CAASPP.
2014197,2022-23,CAASPP,ELA,2518.0,Willard Middle School,6,CAASPP_corrected.xlsx,High,Columns explicitly identify 22-23 CAASPP.
2014442,2022-23,CAASPP,ELA,2454.0,Willard Middle School,6,CAASPP_corrected.xlsx,High,Columns explicitly identify 22-23 CAASPP.
2014776,2022-23,CAASPP,ELA,2495.0,Willard Middle School,6,CAASPP_corrected.xlsx,High,Columns explicitly identify 22-23 CAASPP.
2014928,2022-23,CAASPP,ELA,2450.0,Willard Middle School,6,CAASPP_corrected.xlsx,High,Columns explicitly identify 22-23 CAASPP.
2015188,2022-23,CAASPP,ELA,2382.0,Willard Middle School,6,CAASPP_corrected.xlsx,High,Columns explicitly identify 22-23 CAASPP.
2015340,2022-23,CAASPP,ELA,2473.0,Willard Middle School,6,CAASPP_corrected.xlsx,High,Columns explicitly identify 22-23 CAASPP.
2015378,2022-23,CAASPP,ELA,2431.0,Willard Middle School,6,CAASPP_corrected.xlsx,High,Columns explicitly identify 22-23 CAASPP.
2015421,2022-23,CAASPP,ELA,2503.0,Willard Middle School,7,CAASPP_corrected.xlsx,High,Columns explicitly identify 22-23 CAASPP.
2016513,2022-23,CAASPP,ELA,2526.0,Willard Middle School,6,CAASPP_corrected.xlsx,High,Columns explicitly identify 22-23 CAASPP.
2017185,2022-23,CAASPP,ELA,2468.0,Willard Middle School,8,CAASPP_corrected.xlsx,High,Columns explicitly identify 22-23 CAASPP.
2012293,2022-23,CAASPP,ELA,2287.0,Willard Middle School,8,CAASPP_corrected.xlsx,High,Columns explicitly identify 22-23 CAASPP.
2018368,2022-23,CAASPP,ELA,2358.0,Willard Middle School,7,CAASPP_corrected.xlsx,High,Columns explicitly identify 22-23 CAASPP.
2017497,2022-23,CAASPP,ELA,2528.0,Willard Middle School,6,CAASPP_corrected.xlsx,High,Columns explicitly identify 22-23 CAASPP.
2018369,2022-23,CAASPP,ELA,2534.0,Willard Middle School,6,CAASPP_corrected.xlsx,High,Columns explicitly identify 22-23 CAASPP.
2021129,2022-23,CAASPP,ELA,2463.0,Willard Middle School,8,CAASPP_corrected.xlsx,High,Columns explicitly identify 22-23 CAASPP.
2020680,2022-23,CAASPP,ELA,2564.0,Willard Middle School,7,CAASPP_corrected.xlsx,High,Columns explicitly identify 22-23 CAASPP.
2020616,2022-23,CAASPP,ELA,2288.0,Willard Middle School,8,CAASPP_corrected.xlsx,High,Columns explicitly identify 22-23 CAASPP.
2021327,2022-23,CAASPP,ELA,2448.0,Willard Middle School,8,CAASPP_corrected.xlsx,High,Columns explicitly identify 22-23 CAASPP.
2021365,2022-23,CAASPP,ELA,2388.0,Willard Middle School,7,CAASPP_corrected.xlsx,High,Columns explicitly identify 22-23 CAASPP.
2020789,2022-23,CAASPP,ELA,2365.0,Willard Middle School,6,CAASPP_corrected.xlsx,High,Columns explicitly identify 22-23 CAASPP.
2022627,2022-23,CAASPP,ELA,2374.0,Willard Middle School,7,CAASPP_corrected.xlsx,High,Columns explicitly identify 22-23 CAASPP.
2022619,2022-23,CAASPP,ELA,2337.0,Willard Middle School,7,CAASPP_corrected.xlsx,High,Columns explicitly identify 22-23 CAASPP.
2022702,2022-23,CAASPP,ELA,2395.0,Willard Middle School,8,CAASPP_corrected.xlsx,High,Columns explicitly identify 22-23 CAASPP.
2023185,2022-23,CAASPP,ELA,638.0,Willard Middle School,7,CAASPP_corrected.xlsx,High,Columns explicitly identify 22-23 CAASPP.
2014714,2022-23,CAASPP,ELA,2384.0,Washington Elementary School,5,CAASPP_corrected.xlsx,High,Columns explicitly identify 22-23 CAASPP.
2014739,2022-23,CAASPP,ELA,2564.0,Washington Elementary School,5,CAASPP_corrected.xlsx,High,Columns explicitly identify 22-23 CAASPP.
2014942,2022-23,CAASPP,ELA,2516.0,Washington Elementary School,5,CAASPP_corrected.xlsx,High,Columns explicitly identify 22-23 CAASPP.
2015864,2022-23,CAASPP,ELA,2431.0,Washington Elementary School,5,CAASPP_corrected.xlsx,High,Columns explicitly identify 22-23 CAASPP.
2015959,2022-23,CAASPP,ELA,2412.0,Washington Elementary School,5,CAASPP_corrected.xlsx,High,Columns explicitly identify 22-23 CAASPP.
2016201,2022-23,CAASPP,ELA,2463.0,Washington Elementary School,5,CAASPP_corrected.xlsx,High,Columns explicitly identify 22-23 CAASPP.
2016280,2022-23,CAASPP,ELA,2504.0,Washington Elementary School,5,CAASPP_corrected.xlsx,High,Columns explicitly identify 22-23 CAASPP.
2016372,2022-23,CAASPP,ELA,2418.0,Washington Elementary School,5,CAASPP_corrected.xlsx,High,Columns explicitly identify 22-23 CAASPP.
2016787,2022-23,CAASPP,ELA,2394.0,Washington Elementary School,5,CAASPP_corrected.xlsx,High,Columns explicitly identify 22-23 CAASPP.
2016932,2022-23,CAASPP,ELA,2339.0,Washington Elementary School,4,CAASPP_corrected.xlsx,High,Columns explicitly identify 22-23 CAASPP.
2017038,2022-23,CAASPP,ELA,2233.0,Washington Elementary School,5,CAASPP_corrected.xlsx,High,Columns explicitly identify 22-23 CAASPP.
2017175,2022-23,CAASPP,ELA,349.0,Washington Elementary School,4,CAASPP_corrected.xlsx,High,Columns explicitly identify 22-23 CAASPP.
2017561,2022-23,CAASPP,ELA,2514.0,Washington Elementary School,4,CAASPP_corrected.xlsx,High,Columns explicitly identify 22-23 CAASPP.
2018465,2022-23,CAASPP,ELA,2274.0,Washington Elementary School,4,CAASPP_corrected.xlsx,High,Columns explicitly identify 22-23 CAASPP.
2019582,2022-23,CAASPP,ELA,2524.0,Washington Elementary School,4,CAASPP_corrected.xlsx,High,Columns explicitly identify 22-23 CAASPP.
2020554,2022-23,CAASPP,ELA,2349.0,Washington Elementary School,4,CAASPP_corrected.xlsx,High,Columns explicitly identify 22-23 CAASPP.
2021401,2022-23,CAASPP,ELA,2402.0,Washington Elementary School,4,CAASPP_corrected.xlsx,High,Columns explicitly identify 22-23 CAASPP.
2017762,2022-23,CAASPP,ELA,2445.0,Washington Elementary School,4,CAASPP_corrected.xlsx,High,Columns explicitly identify 22-23 CAASPP.
2022835,2022-23,CAASPP,ELA,2308.0,Washington Elementary School,5,CAASPP_corrected.xlsx,High,Columns explicitly identify 22-23 CAASPP.
2022836,2022-23,CAASPP,ELA,2324.0,Washington Elementary School,4,CAASPP_corrected.xlsx,High,Columns explicitly identify 22-23 CAASPP.
2013856,2022-23,CAASPP,ELA,445.0,Oxford Elementary School,5,CAASPP_corrected.xlsx,High,Columns explicitly identify 22-23 CAASPP.
2014700,2022-23,CAASPP,ELA,2253.0,Oxford Elementary School,5,CAASPP_corrected.xlsx,High,Columns explicitly identify 22-23 CAASPP.
2015382,2022-23,CAASPP,ELA,2480.0,Oxford Elementary School,5,CAASPP_corrected.xlsx,High,Columns explicitly identify 22-23 CAASPP.
2015428,2022-23,CAASPP,ELA,2188.0,Oxford Elementary School,5,CAASPP_corrected.xlsx,High,Columns explicitly identify 22-23 CAASPP.
2015812,2022-23,CAASPP,ELA,2593.0,Oxford Elementary School,5,CAASPP_corrected.xlsx,High,Columns explicitly identify 22-23 CAASPP.
2017028,2022-23,CAASPP,ELA,2292.0,Oxford Elementary School,5,CAASPP_corrected.xlsx,High,Columns explicitly identify 22-23 CAASPP.
2018281,2022-23,CAASPP,ELA,2400.0,Oxford Elementary School,5,CAASPP_corrected.xlsx,High,Columns explicitly identify 22-23 CAASPP.
2018208,2022-23,CAASPP,ELA,2509.0,Oxford Elementary School,4,CAASPP_corrected.xlsx,High,Columns explicitly identify 22-23 CAASPP.
2017528,2022-23,CAASPP,ELA,2403.0,Oxford Elementary School,4,CAASPP_corrected.xlsx,High,Columns explicitly identify 22-23 CAASPP.
2018093,2022-23,CAASPP,ELA,2506.0,Oxford Elementary School,4,CAASPP_corrected.xlsx,High,Columns explicitly identify 22-23 CAASPP.
2015569,2022-23,CAASPP,ELA,301.0,Oxford Elementary School,4,CAASPP_corrected.xlsx,High,Columns explicitly identify 22-23 CAASPP.
2017734,2022-23,CAASPP,ELA,2433.0,Oxford Elementary School,4,CAASPP_corrected.xlsx,High,Columns explicitly identify 22-23 CAASPP.
2017817,2022-23,CAASPP,ELA,2477.0,Oxford Elementary School,4,CAASPP_corrected.xlsx,High,Columns explicitly identify 22-23 CAASPP.
2017948,2022-23,CAASPP,ELA,2480.0,Oxford Elementary School,4,CAASPP_corrected.xlsx,High,Columns explicitly identify 22-23 CAASPP.
2018648,2022-23,CAASPP,ELA,2347.0,Oxford Elementary School,4,CAASPP_corrected.xlsx,High,Columns explicitly identify 22-23 CAASPP.
2018902,2022-23,CAASPP,ELA,2606.0,Oxford Elementary School,4,CAASPP_corrected.xlsx,High,Columns explicitly identify 22-23 CAASPP.
2019799,2022-23,CAASPP,ELA,2464.0,Oxford Elementary School,5,CAASPP_corrected.xlsx,High,Columns explicitly identify 22-23 CAASPP.
2021071,2022-23,CAASPP,ELA,2445.0,Oxford Elementary School,4,CAASPP_corrected.xlsx,High,Columns explicitly identify 22-23 CAASPP.
2021273,2022-23,CAASPP,ELA,2392.0,Oxford Elementary School,4,CAASPP_corrected.xlsx,High,Columns explicitly identify 22-23 CAASPP.
2013850,2022-23,CAASPP,ELA,2253.0,Cragmont Elementary School,4,CAASPP_corrected.xlsx,High,Columns explicitly identify 22-23 CAASPP.
2016106,2022-23,CAASPP,ELA,2507.0,Cragmont Elementary School,5,CAASPP_corrected.xlsx,High,Columns explicitly identify 22-23 CAASPP.
2016535,2022-23,CAASPP,ELA,2382.0,Cragmont Elementary School,5,CAASPP_corrected.xlsx,High,Columns explicitly identify 22-23 CAASPP.
2016547,2022-23,CAASPP,ELA,2439.0,Cragmont Elementary School,5,CAASPP_corrected.xlsx,High,Columns explicitly identify 22-23 CAASPP.
2016600,2022-23,CAASPP,ELA,2580.0,Cragmont Elementary School,5,CAASPP_corrected.xlsx,High,Columns explicitly identify 22-23 CAASPP.
2016615,2022-23,CAASPP,ELA,2420.0,Cragmont Elementary School,5,CAASPP_corrected.xlsx,High,Columns explicitly identify 22-23 CAASPP.
2016848,2022-23,CAASPP,ELA,2365.0,Cragmont Elementary School,4,CAASPP_corrected.xlsx,High,Columns explicitly identify 22-23 CAASPP.
2016870,2022-23,CAASPP,ELA,2327.0,Cragmont Elementary School,5,CAASPP_corrected.xlsx,High,Columns explicitly identify 22-23 CAASPP.
2017789,2022-23,CAASPP,ELA,2311.0,Cragmont Elementary School,4,CAASPP_corrected.xlsx,High,Columns explicitly identify 22-23 CAASPP.
2017850,2022-23,CAASPP,ELA,2438.0,Cragmont Elementary School,4,CAASPP_corrected.xlsx,High,Columns explicitly identify 22-23 CAASPP.
2018102,2022-23,CAASPP,ELA,2391.0,Cragmont Elementary School,4,CAASPP_corrected.xlsx,High,Columns explicitly identify 22-23 CAASPP.
2018334,2022-23,CAASPP,ELA,2355.0,Cragmont Elementary School,4,CAASPP_corrected.xlsx,High,Columns explicitly identify 22-23 CAASPP.
2018354,2022-23,CAASPP,ELA,2352.0,Cragmont Elementary School,4,CAASPP_corrected.xlsx,High,Columns explicitly identify 22-23 CAASPP.
2020411,2022-23,CAASPP,ELA,2494.0,Cragmont Elementary School,4,CAASPP_corrected.xlsx,High,Columns explicitly identify 22-23 CAASPP.
2020666,2022-23,CAASPP,ELA,2548.0,Cragmont Elementary School,5,CAASPP_corrected.xlsx,High,Columns explicitly identify 22-23 CAASPP.
2021374,2022-23,CAASPP,ELA,2340.0,Cragmont Elementary School,4,CAASPP_corrected.xlsx,High,Columns explicitly identify 22-23 CAASPP.
2021947,2022-23,CAASPP,ELA,2262.0,Cragmont Elementary School,4,CAASPP_corrected.xlsx,High,Columns explicitly identify 22-23 CAASPP.
2022131,2022-23,CAASPP,ELA,2385.0,Cragmont Elementary School,4,CAASPP_corrected.xlsx,High,Columns explicitly identify 22-23 CAASPP.
2007058,2022-23,CAASPP,ELA,2404.0,Berkeley High School,9,CAASPP_corrected.xlsx,High,Columns explicitly identify 22-23 CAASPP.
2009236,2022-23,CAASPP,ELA,2482.0,Berkeley High School,9,CAASPP_corrected.xlsx,High,Columns explicitly identify 22-23 CAASPP.
2009474,2022-23,CAASPP,ELA,2546.0,Berkeley High School,9,CAASPP_corrected.xlsx,High,Columns explicitly identify 22-23 CAASPP.
2009520,2022-23,CAASPP,ELA,2328.0,Berkeley High School,9,CAASPP_corrected.xlsx,High,Columns explicitly identify 22-23 CAASPP.
2009772,2022-23,CAASPP,ELA,2408.0,Berkeley High School,9,CAASPP_corrected.xlsx,High,Columns explicitly identify 22-23 CAASPP.
2009990,2022-23,CAASPP,ELA,2622.0,Berkeley High School,9,CAASPP_corrected.xlsx,High,Columns explicitly identify 22-23 CAASPP.
2010221,2022-23,CAASPP,ELA,2390.0,Berkeley High School,9,CAASPP_corrected.xlsx,High,Columns explicitly identify 22-23 CAASPP.
2010498,2022-23,CAASPP,ELA,2290.0,Berkeley High School,9,CAASPP_corrected.xlsx,High,Columns explicitly identify 22-23 CAASPP.
2010591,2022-23,CAASPP,ELA,2541.0,Berkeley High School,9,CAASPP_corrected.xlsx,High,Columns explicitly identify 22-23 CAASPP.
2010687,2022-23,CAASPP,ELA,2520.0,Berkeley High School,9,CAASPP_corrected.xlsx,High,Columns explicitly identify 22-23 CAASPP.
2010688,2022-23,CAASPP,ELA,2487.0,Berkeley High School,9,CAASPP_corrected.xlsx,High,Columns explicitly identify 22-23 CAASPP.
2017496,2022-23,CAASPP,ELA,2596.0,Berkeley High School,9,CAASPP_corrected.xlsx,High,Columns explicitly identify 22-23 CAASPP.
2020082,2022-23,CAASPP,ELA,2491.0,Berkeley High School,9,CAASPP_corrected.xlsx,High,Columns explicitly identify 22-23 CAASPP.
2021303,2022-23,CAASPP,ELA,2375.0,Berkeley High School,9,CAASPP_corrected.xlsx,High,Columns explicitly identify 22-23 CAASPP.
2021356,2022-23,CAASPP,ELA,2476.0,Berkeley High School,9,CAASPP_corrected.xlsx,High,Columns explicitly identify 22-23 CAASPP.
2021230,2022-23,CAASPP,ELA,2681.0,Berkeley High School,9,CAASPP_corrected.xlsx,High,Columns explicitly identify 22-23 CAASPP.
2021967,2022-23,CAASPP,ELA,2448.0,Berkeley High School,9,CAASPP_corrected.xlsx,High,Columns explicitly identify 22-23 CAASPP.
2022832,2022-23,CAASPP,ELA,2495.0,Berkeley High School,9,CAASPP_corrected.xlsx,High,Columns explicitly identify 22-23 CAASPP.
2022935,2022-23,CAASPP,ELA,2413.0,Berkeley High School,9,CAASPP_corrected.xlsx,High,Columns explicitly identify 22-23 CAASPP.
2023192,2022-23,CAASPP,ELA,2419.0,Berkeley High School,9,CAASPP_corrected.xlsx,High,Columns explicitly identify 22-23 CAASPP.
2014704,2022-23,CAASPP,ELA,2302.0,John Muir Elementary School,5,CAASPP_corrected.xlsx,High,Columns explicitly identify 22-23 CAASPP.
2016093,2022-23,CAASPP,ELA,2457.0,John Muir Elementary School,5,CAASPP_corrected.xlsx,High,Columns explicitly identify 22-23 CAASPP.
2016226,2022-23,CAASPP,ELA,2383.0,John Muir Elementary School,5,CAASPP_corrected.xlsx,High,Columns explicitly identify 22-23 CAASPP.
2016330,2022-23,CAASPP,ELA,2424.0,John Muir Elementary School,5,CAASPP_corrected.xlsx,High,Columns explicitly identify 22-23 CAASPP.
2016370,2022-23,CAASPP,ELA,2430.0,John Muir Elementary School,4,CAASPP_corrected.xlsx,High,Columns explicitly identify 22-23 CAASPP.
2016568,2022-23,CAASPP,ELA,2255.0,John Muir Elementary School,4,CAASPP_corrected.xlsx,High,Columns explicitly identify 22-23 CAASPP.
2017375,2022-23,CAASPP,ELA,2517.0,John Muir Elementary School,5,CAASPP_corrected.xlsx,High,Columns explicitly identify 22-23 CAASPP.
2017795,2022-23,CAASPP,ELA,2419.0,John Muir Elementary School,4,CAASPP_corrected.xlsx,High,Columns explicitly identify 22-23 CAASPP.
2017864,2022-23,CAASPP,ELA,2417.0,John Muir Elementary School,4,CAASPP_corrected.xlsx,High,Columns explicitly identify 22-23 CAASPP.
2018009,2022-23,CAASPP,ELA,2305.0,John Muir Elementary School,4,CAASPP_corrected.xlsx,High,Columns explicitly identify 22-23 CAASPP.
2018196,2022-23,CAASPP,ELA,2495.0,John Muir Elementary School,4,CAASPP_corrected.xlsx,High,Columns explicitly identify 22-23 CAASPP.
2018218,2022-23,CAASPP,ELA,2388.0,John Muir Elementary School,4,CAASPP_corrected.xlsx,High,Columns explicitly identify 22-23 CAASPP.
2018232,2022-23,CAASPP,ELA,2419.0,John Muir Elementary School,4,CAASPP_corrected.xlsx,High,Columns explicitly identify 22-23 CAASPP.
2018370,2022-23,CAASPP,ELA,2493.0,John Muir Elementary School,4,CAASPP_corrected.xlsx,High,Columns explicitly identify 22-23 CAASPP.
2018392,2022-23,CAASPP,ELA,2282.0,John Muir Elementary School,4,CAASPP_corrected.xlsx,High,Columns explicitly identify 22-23 CAASPP.
2018618,2022-23,CAASPP,ELA,2385.0,John Muir Elementary School,4,CAASPP_corrected.xlsx,High,Columns explicitly identify 22-23 CAASPP.
2021197,2022-23,CAASPP,ELA,2442.0,John Muir Elementary School,4,CAASPP_corrected.xlsx,High,Columns explicitly identify 22-23 CAASPP.
2022116,2022-23,CAASPP,ELA,2358.0,John Muir Elementary School,4,CAASPP_corrected.xlsx,High,Columns explicitly identify 22-23 CAASPP.
2022640,2022-23,CAASPP,ELA,2400.0,John Muir Elementary School,4,CAASPP_corrected.xlsx,High,Columns explicitly identify 22-23 CAASPP.
2022849,2022-23,CAASPP,ELA,2489.0,John Muir Elementary School,4,CAASPP_corrected.xlsx,High,Columns explicitly identify 22-23 CAASPP.
2014632,2022-23,CAASPP,ELA,2422.0,Sylvia Mendez Elementary School,5,CAASPP_corrected.xlsx,High,Columns explicitly identify 22-23 CAASPP.
2015837,2022-23,CAASPP,ELA,2290.0,Sylvia Mendez Elementary School,5,CAASPP_corrected.xlsx,High,Columns explicitly identify 22-23 CAASPP.
2016019,2022-23,CAASPP,ELA,2540.0,Sylvia Mendez Elementary School,4,CAASPP_corrected.xlsx,High,Columns explicitly identify 22-23 CAASPP.
2016040,2022-23,CAASPP,ELA,2470.0,Sylvia Mendez Elementary School,4,CAASPP_corrected.xlsx,High,Columns explicitly identify 22-23 CAASPP.
2016172,2022-23,CAASPP,ELA,2475.0,Sylvia Mendez Elementary School,5,CAASPP_corrected.xlsx,High,Columns explicitly identify 22-23 CAASPP.
2016334,2022-23,CAASPP,ELA,2505.0,Sylvia Mendez Elementary School,5,CAASPP_corrected.xlsx,High,Columns explicitly identify 22-23 CAASPP.
2016590,2022-23,CAASPP,ELA,2267.0,Sylvia Mendez Elementary School,4,CAASPP_corrected.xlsx,High,Columns explicitly identify 22-23 CAASPP.
2017548,2022-23,CAASPP,ELA,2376.0,Sylvia Mendez Elementary School,4,CAASPP_corrected.xlsx,High,Columns explicitly identify 22-23 CAASPP.
2017621,2022-23,CAASPP,ELA,2450.0,Sylvia Mendez Elementary School,4,CAASPP_corrected.xlsx,High,Columns explicitly identify 22-23 CAASPP.
2017642,2022-23,CAASPP,ELA,2328.0,Sylvia Mendez Elementary School,4,CAASPP_corrected.xlsx,High,Columns explicitly identify 22-23 CAASPP.
2017728,2022-23,CAASPP,ELA,2391.0,Sylvia Mendez Elementary School,4,CAASPP_corrected.xlsx,High,Columns explicitly identify 22-23 CAASPP.
2017892,2022-23,CAASPP,ELA,2535.0,Sylvia Mendez Elementary School,4,CAASPP_corrected.xlsx,High,Columns explicitly identify 22-23 CAASPP.
2017998,2022-23,CAASPP,ELA,2310.0,Sylvia Mendez Elementary School,4,CAASPP_corrected.xlsx,High,Columns explicitly identify 22-23 CAASPP.
2018035,2022-23,CAASPP,ELA,2425.0,Sylvia Mendez Elementary School,4,CAASPP_corrected.xlsx,High,Columns explicitly identify 22-23 CAASPP.
2014674,2022-23,CAASPP,ELA,2375.0,Berkeley Arts Magnet Elementary School,5,CAASPP_corrected.xlsx,High,Columns explicitly identify 22-23 CAASPP.
2014958,2022-23,CAASPP,ELA,2487.0,Berkeley Arts Magnet Elementary School,5,CAASPP_corrected.xlsx,High,Columns explicitly identify 22-23 CAASPP.
2015820,2022-23,CAASPP,ELA,2475.0,Berkeley Arts Magnet Elementary School,5,CAASPP_corrected.xlsx,High,Columns explicitly identify 22-23 CAASPP.
2015875,2022-23,CAASPP,ELA,2323.0,Berkeley Arts Magnet Elementary School,5,CAASPP_corrected.xlsx,High,Columns explicitly identify 22-23 CAASPP.
2015896,2022-23,CAASPP,ELA,2292.0,Berkeley Arts Magnet Elementary School,4,CAASPP_corrected.xlsx,High,Columns explicitly identify 22-23 CAASPP.
2016002,2022-23,CAASPP,ELA,2463.0,Berkeley Arts Magnet Elementary School,5,CAASPP_corrected.xlsx,High,Columns explicitly identify 22-23 CAASPP.
2016146,2022-23,CAASPP,ELA,2379.0,Berkeley Arts Magnet Elementary School,5,CAASPP_corrected.xlsx,High,Columns explicitly identify 22-23 CAASPP.
2018175,2022-23,CAASPP,ELA,2345.0,Berkeley Arts Magnet Elementary School,4,CAASPP_corrected.xlsx,High,Columns explicitly identify 22-23 CAASPP.
2018358,2022-23,CAASPP,ELA,2480.0,Berkeley Arts Magnet Elementary School,4,CAASPP_corrected.xlsx,High,Columns explicitly identify 22-23 CAASPP.
2018534,2022-23,CAASPP,ELA,2464.0,Berkeley Arts Magnet Elementary School,5,CAASPP_corrected.xlsx,High,Columns explicitly identify 22-23 CAASPP.
2018621,2022-23,CAASPP,ELA,2451.0,Berkeley Arts Magnet Elementary School,5,CAASPP_corrected.xlsx,High,Columns explicitly identify 22-23 CAASPP.
2018780,2022-23,CAASPP,ELA,2412.0,Berkeley Arts Magnet Elementary School,4,CAASPP_corrected.xlsx,High,Columns explicitly identify 22-23 CAASPP.
2016365,2022-23,CAASPP,ELA,2262.0,Malcolm X Elementary School,4,CAASPP_corrected.xlsx,High,Columns explicitly identify 22-23 CAASPP.
2016833,2022-23,CAASPP,ELA,2308.0,Malcolm X Elementary School,5,CAASPP_corrected.xlsx,High,Columns explicitly identify 22-23 CAASPP.
2017965,2022-23,CAASPP,ELA,2355.0,Malcolm X Elementary School,4,CAASPP_corrected.xlsx,High,Columns explicitly identify 22-23 CAASPP.
2017966,2022-23,CAASPP,ELA,2500.0,Malcolm X Elementary School,4,CAASPP_corrected.xlsx,High,Columns explicitly identify 22-23 CAASPP.
2018559,2022-23,CAASPP,ELA,2498.0,Rosa Parks Elementary School,5,CAASPP_corrected.xlsx,High,Columns explicitly identify 22-23 CAASPP.
2007801,2022-23,CAASPP,Math,2381.0,Longfellow Arts and Technology Middle,8,CAASPP_corrected.xlsx,High,Columns explicitly identify 22-23 CAASPP.
2009146,2022-23,CAASPP,Math,2432.0,Longfellow Arts and Technology Middle,8,CAASPP_corrected.xlsx,High,Columns explicitly identify 22-23 CAASPP.
2009815,2022-23,CAASPP,Math,2425.0,Longfellow Arts and Technology Middle,8,CAASPP_corrected.xlsx,High,Columns explicitly identify 22-23 CAASPP.
2010008,2022-23,CAASPP,Math,2507.0,Longfellow Arts and Technology Middle,8,CAASPP_corrected.xlsx,High,Columns explicitly identify 22-23 CAASPP.
2010013,2022-23,CAASPP,Math,2586.0,Longfellow Arts and Technology Middle,8,CAASPP_corrected.xlsx,High,Columns explicitly identify 22-23 CAASPP.
2010038,2022-23,CAASPP,Math,2493.0,Longfellow Arts and Technology Middle,8,CAASPP_corrected.xlsx,High,Columns explicitly identify 22-23 CAASPP.
2010721,2022-23,CAASPP,Math,2375.0,Longfellow Arts and Technology Middle,8,CAASPP_corrected.xlsx,High,Columns explicitly identify 22-23 CAASPP.
2010886,2022-23,CAASPP,Math,2477.0,Longfellow Arts and Technology Middle,8,CAASPP_corrected.xlsx,High,Columns explicitly identify 22-23 CAASPP.
2010956,2022-23,CAASPP,Math,2394.0,Longfellow Arts and Technology Middle,8,CAASPP_corrected.xlsx,High,Columns explicitly identify 22-23 CAASPP.
2011010,2022-23,CAASPP,Math,2533.0,Longfellow Arts and Technology Middle,8,CAASPP_corrected.xlsx,High,Columns explicitly identify 22-23 CAASPP.
2011093,2022-23,CAASPP,Math,2480.0,Longfellow Arts and Technology Middle,8,CAASPP_corrected.xlsx,High,Columns explicitly identify 22-23 CAASPP.
2011122,2022-23,CAASPP,Math,2394.0,Longfellow Arts and Technology Middle,8,CAASPP_corrected.xlsx,High,Columns explicitly identify 22-23 CAASPP.
2011129,2022-23,CAASPP,Math,2353.0,Longfellow Arts and Technology Middle,8,CAASPP_corrected.xlsx,High,Columns explicitly identify 22-23 CAASPP.
2011162,2022-23,CAASPP,Math,2537.0,Longfellow Arts and Technology Middle,8,CAASPP_corrected.xlsx,High,Columns explicitly identify 22-23 CAASPP.
2011242,2022-23,CAASPP,Math,2514.0,Longfellow Arts and Technology Middle,8,CAASPP_corrected.xlsx,High,Columns explicitly identify 22-23 CAASPP.
2011321,2022-23,CAASPP,Math,2562.0,Longfellow Arts and Technology Middle,8,CAASPP_corrected.xlsx,High,Columns explicitly identify 22-23 CAASPP.
2011339,2022-23,CAASPP,Math,2575.0,Longfellow Arts and Technology Middle,8,CAASPP_corrected.xlsx,High,Columns explicitly identify 22-23 CAASPP.
2011410,2022-23,CAASPP,Math,2563.0,Longfellow Arts and Technology Middle,7,CAASPP_corrected.xlsx,High,Columns explicitly identify 22-23 CAASPP.
2011411,2022-23,CAASPP,Math,2532.0,Longfellow Arts and Technology Middle,7,CAASPP_corrected.xlsx,High,Columns explicitly identify 22-23 CAASPP.
2011435,2022-23,CAASPP,Math,2507.0,Longfellow Arts and Technology Middle,8,CAASPP_corrected.xlsx,High,Columns explicitly identify 22-23 CAASPP.
2011542,2022-23,CAASPP,Math,2453.0,Longfellow Arts and Technology Middle,8,CAASPP_corrected.xlsx,High,Columns explicitly identify 22-23 CAASPP.
2011578,2022-23,CAASPP,Math,2449.0,Longfellow Arts and Technology Middle,8,CAASPP_corrected.xlsx,High,Columns explicitly identify 22-23 CAASPP.
2011706,2022-23,CAASPP,Math,2435.0,Longfellow Arts and Technology Middle,7,CAASPP_corrected.xlsx,High,Columns explicitly identify 22-23 CAASPP.
2011750,2022-23,CAASPP,Math,2615.0,Longfellow Arts and Technology Middle,8,CAASPP_corrected.xlsx,High,Columns explicitly identify 22-23 CAASPP.
2011751,2022-23,CAASPP,Math,2412.0,Longfellow Arts and Technology Middle,8,CAASPP_corrected.xlsx,High,Columns explicitly identify 22-23 CAASPP.
2011767,2022-23,CAASPP,Math,2561.0,Longfellow Arts and Technology Middle,8,CAASPP_corrected.xlsx,High,Columns explicitly identify 22-23 CAASPP.
2011768,2022-23,CAASPP,Math,2406.0,Longfellow Arts and Technology Middle,8,CAASPP_corrected.xlsx,High,Columns explicitly identify 22-23 CAASPP.
2011779,2022-23,CAASPP,Math,2410.0,Longfellow Arts and Technology Middle,8,CAASPP_corrected.xlsx,High,Columns explicitly identify 22-23 CAASPP.
2011806,2022-23,CAASPP,Math,2327.0,Longfellow Arts and Technology Middle,8,CAASPP_corrected.xlsx,High,Columns explicitly identify 22-23 CAASPP.
2011858,2022-23,CAASPP,Math,2559.0,Longfellow Arts and Technology Middle,8,CAASPP_corrected.xlsx,High,Columns explicitly identify 22-23 CAASPP.
2011859,2022-23,CAASPP,Math,2432.0,Longfellow Arts and Technology Middle,8,CAASPP_corrected.xlsx,High,Columns explicitly identify 22-23 CAASPP.
2011889,2022-23,CAASPP,Math,2529.0,Longfellow Arts and Technology Middle,7,CAASPP_corrected.xlsx,High,Columns explicitly identify 22-23 CAASPP.
2011896,2022-23,CAASPP,Math,2331.0,Longfellow Arts and Technology Middle,7,CAASPP_corrected.xlsx,High,Columns explicitly identify 22-23 CAASPP.
2011949,2022-23,CAASPP,Math,2250.0,Longfellow Arts and Technology Middle,8,CAASPP_corrected.xlsx,High,Columns explicitly identify 22-23 CAASPP.
2011977,2022-23,CAASPP,Math,2461.0,Longfellow Arts and Technology Middle,7,CAASPP_corrected.xlsx,High,Columns explicitly identify 22-23 CAASPP.
2012036,2022-23,CAASPP,Math,2734.0,Longfellow Arts and Technology Middle,8,CAASPP_corrected.xlsx,High,Columns explicitly identify 22-23 CAASPP.
2012274,2022-23,CAASPP,Math,2383.0,Longfellow Arts and Technology Middle,8,CAASPP_corrected.xlsx,High,Columns explicitly identify 22-23 CAASPP.
2012356,2022-23,CAASPP,Math,2496.0,Longfellow Arts and Technology Middle,7,CAASPP_corrected.xlsx,High,Columns explicitly identify 22-23 CAASPP.
2012520,2022-23,CAASPP,Math,2462.0,Longfellow Arts and Technology Middle,7,CAASPP_corrected.xlsx,High,Columns explicitly identify 22-23 CAASPP.
2012590,2022-23,CAASPP,Math,2362.0,Longfellow Arts and Technology Middle,7,CAASPP_corrected.xlsx,High,Columns explicitly identify 22-23 CAASPP.
2012600,2022-23,CAASPP,Math,2534.0,Longfellow Arts and Technology Middle,7,CAASPP_corrected.xlsx,High,Columns explicitly identify 22-23 CAASPP.
2012619,2022-23,CAASPP,Math,2466.0,Longfellow Arts and Technology Middle,7,CAASPP_corrected.xlsx,High,Columns explicitly identify 22-23 CAASPP.
2012650,2022-23,CAASPP,Math,2620.0,Longfellow Arts and Technology Middle,7,CAASPP_corrected.xlsx,High,Columns explicitly identify 22-23 CAASPP.
2012736,2022-23,CAASPP,Math,2243.0,Longfellow Arts and Technology Middle,7,CAASPP_corrected.xlsx,High,Columns explicitly identify 22-23 CAASPP.
2012746,2022-23,CAASPP,Math,2415.0,Longfellow Arts and Technology Middle,7,CAASPP_corrected.xlsx,High,Columns explicitly identify 22-23 CAASPP.
2012800,2022-23,CAASPP,Math,2521.0,Longfellow Arts and Technology Middle,7,CAASPP_corrected.xlsx,High,Columns explicitly identify 22-23 CAASPP.
2012854,2022-23,CAASPP,Math,2391.0,Longfellow Arts and Technology Middle,7,CAASPP_corrected.xlsx,High,Columns explicitly identify 22-23 CAASPP.
2012941,2022-23,CAASPP,Math,2414.0,Longfellow Arts and Technology Middle,7,CAASPP_corrected.xlsx,High,Columns explicitly identify 22-23 CAASPP.
2012980,2022-23,CAASPP,Math,2649.0,Longfellow Arts and Technology Middle,7,CAASPP_corrected.xlsx,High,Columns explicitly identify 22-23 CAASPP.
2013074,2022-23,CAASPP,Math,2428.0,Longfellow Arts and Technology Middle,6,CAASPP_corrected.xlsx,High,Columns explicitly identify 22-23 CAASPP.
2013113,2022-23,CAASPP,Math,2449.0,Longfellow Arts and Technology Middle,6,CAASPP_corrected.xlsx,High,Columns explicitly identify 22-23 CAASPP.
2013224,2022-23,CAASPP,Math,2431.0,Longfellow Arts and Technology Middle,7,CAASPP_corrected.xlsx,High,Columns explicitly identify 22-23 CAASPP.
2013231,2022-23,CAASPP,Math,2441.0,Longfellow Arts and Technology Middle,7,CAASPP_corrected.xlsx,High,Columns explicitly identify 22-23 CAASPP.
2013239,2022-23,CAASPP,Math,2342.0,Longfellow Arts and Technology Middle,7,CAASPP_corrected.xlsx,High,Columns explicitly identify 22-23 CAASPP.
2013295,2022-23,CAASPP,Math,2470.0,Longfellow Arts and Technology Middle,6,CAASPP_corrected.xlsx,High,Columns explicitly identify 22-23 CAASPP.
2013394,2022-23,CAASPP,Math,2332.0,Longfellow Arts and Technology Middle,6,CAASPP_corrected.xlsx,High,Columns explicitly identify 22-23 CAASPP.
2013474,2022-23,CAASPP,Math,2410.0,Longfellow Arts and Technology Middle,7,CAASPP_corrected.xlsx,High,Columns explicitly identify 22-23 CAASPP.
2013545,2022-23,CAASPP,Math,2473.0,Longfellow Arts and Technology Middle,7,CAASPP_corrected.xlsx,High,Columns explicitly identify 22-23 CAASPP.
2013546,2022-23,CAASPP,Math,2501.0,Longfellow Arts and Technology Middle,7,CAASPP_corrected.xlsx,High,Columns explicitly identify 22-23 CAASPP.
2013610,2022-23,CAASPP,Math,2370.0,Longfellow Arts and Technology Middle,7,CAASPP_corrected.xlsx,High,Columns explicitly identify 22-23 CAASPP.
2014175,2022-23,CAASPP,Math,2462.0,Longfellow Arts and Technology Middle,6,CAASPP_corrected.xlsx,High,Columns explicitly identify 22-23 CAASPP.
2014279,2022-23,CAASPP,Math,2442.0,Longfellow Arts and Technology Middle,6,CAASPP_corrected.xlsx,High,Columns explicitly identify 22-23 CAASPP.
2014299,2022-23,CAASPP,Math,547.0,Longfellow Arts and Technology Middle,6,CAASPP_corrected.xlsx,High,Columns explicitly identify 22-23 CAASPP.
2014307,2022-23,CAASPP,Math,2422.0,Longfellow Arts and Technology Middle,6,CAASPP_corrected.xlsx,High,Columns explicitly identify 22-23 CAASPP.
2014546,2022-23,CAASPP,Math,2345.0,Longfellow Arts and Technology Middle,6,CAASPP_corrected.xlsx,High,Columns explicitly identify 22-23 CAASPP.
2014756,2022-23,CAASPP,Math,2615.0,Longfellow Arts and Technology Middle,6,CAASPP_corrected.xlsx,High,Columns explicitly identify 22-23 CAASPP.
2014925,2022-23,CAASPP,Math,2334.0,Longfellow Arts and Technology Middle,6,CAASPP_corrected.xlsx,High,Columns explicitly identify 22-23 CAASPP.
2014971,2022-23,CAASPP,Math,2314.0,Longfellow Arts and Technology Middle,6,CAASPP_corrected.xlsx,High,Columns explicitly identify 22-23 CAASPP.
2015041,2022-23,CAASPP,Math,2549.0,Longfellow Arts and Technology Middle,6,CAASPP_corrected.xlsx,High,Columns explicitly identify 22-23 CAASPP.
2015044,2022-23,CAASPP,Math,2407.0,Longfellow Arts and Technology Middle,6,CAASPP_corrected.xlsx,High,Columns explicitly identify 22-23 CAASPP.
2015442,2022-23,CAASPP,Math,2490.0,Longfellow Arts and Technology Middle,7,CAASPP_corrected.xlsx,High,Columns explicitly identify 22-23 CAASPP.
2015450,2022-23,CAASPP,Math,2482.0,Longfellow Arts and Technology Middle,6,CAASPP_corrected.xlsx,High,Columns explicitly identify 22-23 CAASPP.
2015452,2022-23,CAASPP,Math,2510.0,Longfellow Arts and Technology Middle,8,CAASPP_corrected.xlsx,High,Columns explicitly identify 22-23 CAASPP.
2015528,2022-23,CAASPP,Math,2362.0,Longfellow Arts and Technology Middle,6,CAASPP_corrected.xlsx,High,Columns explicitly identify 22-23 CAASPP.
2015560,2022-23,CAASPP,Math,2615.0,Longfellow Arts and Technology Middle,7,CAASPP_corrected.xlsx,High,Columns explicitly identify 22-23 CAASPP.
2015561,2022-23,CAASPP,Math,2596.0,Longfellow Arts and Technology Middle,7,CAASPP_corrected.xlsx,High,Columns explicitly identify 22-23 CAASPP.
2016402,2022-23,CAASPP,Math,2412.0,Longfellow Arts and Technology Middle,6,CAASPP_corrected.xlsx,High,Columns explicitly identify 22-23 CAASPP.
2016463,2022-23,CAASPP,Math,2406.0,Longfellow Arts and Technology Middle,8,CAASPP_corrected.xlsx,High,Columns explicitly identify 22-23 CAASPP.
2016502,2022-23,CAASPP,Math,2519.0,Longfellow Arts and Technology Middle,7,CAASPP_corrected.xlsx,High,Columns explicitly identify 22-23 CAASPP.
2018515,2022-23,CAASPP,Math,2524.0,Longfellow Arts and Technology Middle,7,CAASPP_corrected.xlsx,High,Columns explicitly identify 22-23 CAASPP.
2018460,2022-23,CAASPP,Math,2373.0,Longfellow Arts and Technology Middle,8,CAASPP_corrected.xlsx,High,Columns explicitly identify 22-23 CAASPP.
2018582,2022-23,CAASPP,Math,2357.0,Longfellow Arts and Technology Middle,7,CAASPP_corrected.xlsx,High,Columns explicitly identify 22-23 CAASPP.
2010731,2022-23,CAASPP,Math,2533.0,Longfellow Arts and Technology Middle,7,CAASPP_corrected.xlsx,High,Columns explicitly identify 22-23 CAASPP.
2018731,2022-23,CAASPP,Math,2586.0,Longfellow Arts and Technology Middle,8,CAASPP_corrected.xlsx,High,Columns explicitly identify 22-23 CAASPP.
2018773,2022-23,CAASPP,Math,2461.0,Longfellow Arts and Technology Middle,7,CAASPP_corrected.xlsx,High,Columns explicitly identify 22-23 CAASPP.
2018858,2022-23,CAASPP,Math,2494.0,Longfellow Arts and Technology Middle,8,CAASPP_corrected.xlsx,High,Columns explicitly identify 22-23 CAASPP.
2018933,2022-23,CAASPP,Math,2344.0,Longfellow Arts and Technology Middle,7,CAASPP_corrected.xlsx,High,Columns explicitly identify 22-23 CAASPP.
2020510,2022-23,CAASPP,Math,2549.0,Longfellow Arts and Technology Middle,7,CAASPP_corrected.xlsx,High,Columns explicitly identify 22-23 CAASPP.
2020528,2022-23,CAASPP,Math,2464.0,Longfellow Arts and Technology Middle,7,CAASPP_corrected.xlsx,High,Columns explicitly identify 22-23 CAASPP.
2020556,2022-23,CAASPP,Math,2321.0,Longfellow Arts and Technology Middle,8,CAASPP_corrected.xlsx,High,Columns explicitly identify 22-23 CAASPP.
2021074,2022-23,CAASPP,Math,2482.0,Longfellow Arts and Technology Middle,7,CAASPP_corrected.xlsx,High,Columns explicitly identify 22-23 CAASPP.
2021072,2022-23,CAASPP,Math,2504.0,Longfellow Arts and Technology Middle,6,CAASPP_corrected.xlsx,High,Columns explicitly identify 22-23 CAASPP.
2021281,2022-23,CAASPP,Math,2483.0,Longfellow Arts and Technology Middle,8,CAASPP_corrected.xlsx,High,Columns explicitly identify 22-23 CAASPP.
2016395,2022-23,CAASPP,Math,2586.0,Longfellow Arts and Technology Middle,7,CAASPP_corrected.xlsx,High,Columns explicitly identify 22-23 CAASPP.
2022369,2022-23,CAASPP,Math,2496.0,Longfellow Arts and Technology Middle,8,CAASPP_corrected.xlsx,High,Columns explicitly identify 22-23 CAASPP.
2022466,2022-23,CAASPP,Math,2463.0,Longfellow Arts and Technology Middle,8,CAASPP_corrected.xlsx,High,Columns explicitly identify 22-23 CAASPP.
2020708,2022-23,CAASPP,Math,2508.0,Longfellow Arts and Technology Middle,8,CAASPP_corrected.xlsx,High,Columns explicitly identify 22-23 CAASPP.
2022589,2022-23,CAASPP,Math,2235.0,Longfellow Arts and Technology Middle,7,CAASPP_corrected.xlsx,High,Columns explicitly identify 22-23 CAASPP.
2022452,2022-23,CAASPP,Math,2545.0,Longfellow Arts and Technology Middle,7,CAASPP_corrected.xlsx,High,Columns explicitly identify 22-23 CAASPP.
2009098,2022-23,CAASPP,Math,2408.0,Martin Luther King Middle School,8,CAASPP_corrected.xlsx,High,Columns explicitly identify 22-23 CAASPP.
2009121,2022-23,CAASPP,Math,2383.0,Martin Luther King Middle School,8,CAASPP_corrected.xlsx,High,Columns explicitly identify 22-23 CAASPP.
2009813,2022-23,CAASPP,Math,2447.0,Martin Luther King Middle School,8,CAASPP_corrected.xlsx,High,Columns explicitly identify 22-23 CAASPP.
2010045,2022-23,CAASPP,Math,2423.0,Martin Luther King Middle School,8,CAASPP_corrected.xlsx,High,Columns explicitly identify 22-23 CAASPP.
2010579,2022-23,CAASPP,Math,2580.0,Martin Luther King Middle School,8,CAASPP_corrected.xlsx,High,Columns explicitly identify 22-23 CAASPP.
2010901,2022-23,CAASPP,Math,2488.0,Martin Luther King Middle School,8,CAASPP_corrected.xlsx,High,Columns explicitly identify 22-23 CAASPP.
2010913,2022-23,CAASPP,Math,2348.0,Martin Luther King Middle School,8,CAASPP_corrected.xlsx,High,Columns explicitly identify 22-23 CAASPP.
2010918,2022-23,CAASPP,Math,2486.0,Martin Luther King Middle School,7,CAASPP_corrected.xlsx,High,Columns explicitly identify 22-23 CAASPP.
2010981,2022-23,CAASPP,Math,2349.0,Martin Luther King Middle School,8,CAASPP_corrected.xlsx,High,Columns explicitly identify 22-23 CAASPP.
2010991,2022-23,CAASPP,Math,2446.0,Martin Luther King Middle School,8,CAASPP_corrected.xlsx,High,Columns explicitly identify 22-23 CAASPP.
2011071,2022-23,CAASPP,Math,2496.0,Martin Luther King Middle School,8,CAASPP_corrected.xlsx,High,Columns explicitly identify 22-23 CAASPP.
2011124,2022-23,CAASPP,Math,2500.0,Martin Luther King Middle School,8,CAASPP_corrected.xlsx,High,Columns explicitly identify 22-23 CAASPP.
2011154,2022-23,CAASPP,Math,2464.0,Martin Luther King Middle School,8,CAASPP_corrected.xlsx,High,Columns explicitly identify 22-23 CAASPP.
2011187,2022-23,CAASPP,Math,2524.0,Martin Luther King Middle School,8,CAASPP_corrected.xlsx,High,Columns explicitly identify 22-23 CAASPP.
2011370,2022-23,CAASPP,Math,2521.0,Martin Luther King Middle School,7,CAASPP_corrected.xlsx,High,Columns explicitly identify 22-23 CAASPP.
2011402,2022-23,CAASPP,Math,2326.0,Martin Luther King Middle School,8,CAASPP_corrected.xlsx,High,Columns explicitly identify 22-23 CAASPP.
2011412,2022-23,CAASPP,Math,2481.0,Martin Luther King Middle School,7,CAASPP_corrected.xlsx,High,Columns explicitly identify 22-23 CAASPP.
2011482,2022-23,CAASPP,Math,2595.0,Martin Luther King Middle School,7,CAASPP_corrected.xlsx,High,Columns explicitly identify 22-23 CAASPP.
2011692,2022-23,CAASPP,Math,2539.0,Martin Luther King Middle School,7,CAASPP_corrected.xlsx,High,Columns explicitly identify 22-23 CAASPP.
2011693,2022-23,CAASPP,Math,2412.0,Martin Luther King Middle School,7,CAASPP_corrected.xlsx,High,Columns explicitly identify 22-23 CAASPP.
2011708,2022-23,CAASPP,Math,2529.0,Martin Luther King Middle School,7,CAASPP_corrected.xlsx,High,Columns explicitly identify 22-23 CAASPP.
2011736,2022-23,CAASPP,Math,2458.0,Martin Luther King Middle School,7,CAASPP_corrected.xlsx,High,Columns explicitly identify 22-23 CAASPP.
2011761,2022-23,CAASPP,Math,2325.0,Martin Luther King Middle School,7,CAASPP_corrected.xlsx,High,Columns explicitly identify 22-23 CAASPP.
2011777,2022-23,CAASPP,Math,2388.0,Martin Luther King Middle School,7,CAASPP_corrected.xlsx,High,Columns explicitly identify 22-23 CAASPP.
2011780,2022-23,CAASPP,Math,2555.0,Martin Luther King Middle School,8,CAASPP_corrected.xlsx,High,Columns explicitly identify 22-23 CAASPP.
2011846,2022-23,CAASPP,Math,2675.0,Martin Luther King Middle School,8,CAASPP_corrected.xlsx,High,Columns explicitly identify 22-23 CAASPP.
2011874,2022-23,CAASPP,Math,2577.0,Martin Luther King Middle School,8,CAASPP_corrected.xlsx,High,Columns explicitly identify 22-23 CAASPP.
2011876,2022-23,CAASPP,Math,2478.0,Martin Luther King Middle School,8,CAASPP_corrected.xlsx,High,Columns explicitly identify 22-23 CAASPP.
2012137,2022-23,CAASPP,Math,2235.0,Martin Luther King Middle School,7,CAASPP_corrected.xlsx,High,Columns explicitly identify 22-23 CAASPP.
2012566,2022-23,CAASPP,Math,2497.0,Martin Luther King Middle School,7,CAASPP_corrected.xlsx,High,Columns explicitly identify 22-23 CAASPP.
2012655,2022-23,CAASPP,Math,2522.0,Martin Luther King Middle School,7,CAASPP_corrected.xlsx,High,Columns explicitly identify 22-23 CAASPP.
2012657,2022-23,CAASPP,Math,2555.0,Martin Luther King Middle School,7,CAASPP_corrected.xlsx,High,Columns explicitly identify 22-23 CAASPP.
2012864,2022-23,CAASPP,Math,2594.0,Martin Luther King Middle School,7,CAASPP_corrected.xlsx,High,Columns explicitly identify 22-23 CAASPP.
2013098,2022-23,CAASPP,Math,2582.0,Martin Luther King Middle School,6,CAASPP_corrected.xlsx,High,Columns explicitly identify 22-23 CAASPP.
2013126,2022-23,CAASPP,Math,2401.0,Martin Luther King Middle School,6,CAASPP_corrected.xlsx,High,Columns explicitly identify 22-23 CAASPP.
2013135,2022-23,CAASPP,Math,2456.0,Martin Luther King Middle School,6,CAASPP_corrected.xlsx,High,Columns explicitly identify 22-23 CAASPP.
2013207,2022-23,CAASPP,Math,2447.0,Martin Luther King Middle School,7,CAASPP_corrected.xlsx,High,Columns explicitly identify 22-23 CAASPP.
2013329,2022-23,CAASPP,Math,2343.0,Martin Luther King Middle School,7,CAASPP_corrected.xlsx,High,Columns explicitly identify 22-23 CAASPP.
2013389,2022-23,CAASPP,Math,2483.0,Martin Luther King Middle School,7,CAASPP_corrected.xlsx,High,Columns explicitly identify 22-23 CAASPP.
2013390,2022-23,CAASPP,Math,2395.0,Martin Luther King Middle School,6,CAASPP_corrected.xlsx,High,Columns explicitly identify 22-23 CAASPP.
2013415,2022-23,CAASPP,Math,2485.0,Martin Luther King Middle School,8,CAASPP_corrected.xlsx,High,Columns explicitly identify 22-23 CAASPP.
2013479,2022-23,CAASPP,Math,2539.0,Martin Luther King Middle School,7,CAASPP_corrected.xlsx,High,Columns explicitly identify 22-23 CAASPP.
2013573,2022-23,CAASPP,Math,2323.0,Martin Luther King Middle School,7,CAASPP_corrected.xlsx,High,Columns explicitly identify 22-23 CAASPP.
2013739,2022-23,CAASPP,Math,2518.0,Martin Luther King Middle School,7,CAASPP_corrected.xlsx,High,Columns explicitly identify 22-23 CAASPP.
2014031,2022-23,CAASPP,Math,2520.0,Martin Luther King Middle School,6,CAASPP_corrected.xlsx,High,Columns explicitly identify 22-23 CAASPP.
2014142,2022-23,CAASPP,Math,2485.0,Martin Luther King Middle School,6,CAASPP_corrected.xlsx,High,Columns explicitly identify 22-23 CAASPP.
2014352,2022-23,CAASPP,Math,2465.0,Martin Luther King Middle School,6,CAASPP_corrected.xlsx,High,Columns explicitly identify 22-23 CAASPP.
2014788,2022-23,CAASPP,Math,2539.0,Martin Luther King Middle School,6,CAASPP_corrected.xlsx,High,Columns explicitly identify 22-23 CAASPP.
2014877,2022-23,CAASPP,Math,2336.0,Martin Luther King Middle School,6,CAASPP_corrected.xlsx,High,Columns explicitly identify 22-23 CAASPP.
2015020,2022-23,CAASPP,Math,2497.0,Martin Luther King Middle School,8,CAASPP_corrected.xlsx,High,Columns explicitly identify 22-23 CAASPP.
2015040,2022-23,CAASPP,Math,2404.0,Martin Luther King Middle School,6,CAASPP_corrected.xlsx,High,Columns explicitly identify 22-23 CAASPP.
2015042,2022-23,CAASPP,Math,2343.0,Martin Luther King Middle School,6,CAASPP_corrected.xlsx,High,Columns explicitly identify 22-23 CAASPP.
2015058,2022-23,CAASPP,Math,2506.0,Martin Luther King Middle School,8,CAASPP_corrected.xlsx,High,Columns explicitly identify 22-23 CAASPP.
2015291,2022-23,CAASPP,Math,2333.0,Martin Luther King Middle School,6,CAASPP_corrected.xlsx,High,Columns explicitly identify 22-23 CAASPP.
2015374,2022-23,CAASPP,Math,2429.0,Martin Luther King Middle School,6,CAASPP_corrected.xlsx,High,Columns explicitly identify 22-23 CAASPP.
2015467,2022-23,CAASPP,Math,2560.0,Martin Luther King Middle School,6,CAASPP_corrected.xlsx,High,Columns explicitly identify 22-23 CAASPP.
2015589,2022-23,CAASPP,Math,2443.0,Martin Luther King Middle School,8,CAASPP_corrected.xlsx,High,Columns explicitly identify 22-23 CAASPP.
2015643,2022-23,CAASPP,Math,2531.0,Martin Luther King Middle School,8,CAASPP_corrected.xlsx,High,Columns explicitly identify 22-23 CAASPP.
2016392,2022-23,CAASPP,Math,2604.0,Martin Luther King Middle School,6,CAASPP_corrected.xlsx,High,Columns explicitly identify 22-23 CAASPP.
2016575,2022-23,CAASPP,Math,2599.0,Martin Luther King Middle School,6,CAASPP_corrected.xlsx,High,Columns explicitly identify 22-23 CAASPP.
2016832,2022-23,CAASPP,Math,2547.0,Martin Luther King Middle School,6,CAASPP_corrected.xlsx,High,Columns explicitly identify 22-23 CAASPP.
2017248,2022-23,CAASPP,Math,2448.0,Martin Luther King Middle School,8,CAASPP_corrected.xlsx,High,Columns explicitly identify 22-23 CAASPP.
2012204,2022-23,CAASPP,Math,2546.0,Martin Luther King Middle School,8,CAASPP_corrected.xlsx,High,Columns explicitly identify 22-23 CAASPP.
2018560,2022-23,CAASPP,Math,2491.0,Martin Luther King Middle School,8,CAASPP_corrected.xlsx,High,Columns explicitly identify 22-23 CAASPP.
2018672,2022-23,CAASPP,Math,2466.0,Martin Luther King Middle School,8,CAASPP_corrected.xlsx,High,Columns explicitly identify 22-23 CAASPP.
2018743,2022-23,CAASPP,Math,2439.0,Martin Luther King Middle School,7,CAASPP_corrected.xlsx,High,Columns explicitly identify 22-23 CAASPP.
2019710,2022-23,CAASPP,Math,2486.0,Martin Luther King Middle School,6,CAASPP_corrected.xlsx,High,Columns explicitly identify 22-23 CAASPP.
2021091,2022-23,CAASPP,Math,2406.0,Martin Luther King Middle School,8,CAASPP_corrected.xlsx,High,Columns explicitly identify 22-23 CAASPP.
2021078,2022-23,CAASPP,Math,2482.0,Martin Luther King Middle School,6,CAASPP_corrected.xlsx,High,Columns explicitly identify 22-23 CAASPP.
2021207,2022-23,CAASPP,Math,2473.0,Martin Luther King Middle School,8,CAASPP_corrected.xlsx,High,Columns explicitly identify 22-23 CAASPP.
2021318,2022-23,CAASPP,Math,2479.0,Martin Luther King Middle School,6,CAASPP_corrected.xlsx,High,Columns explicitly identify 22-23 CAASPP.
2022299,2022-23,CAASPP,Math,2482.0,Martin Luther King Middle School,8,CAASPP_corrected.xlsx,High,Columns explicitly identify 22-23 CAASPP.
2022618,2022-23,CAASPP,Math,2284.0,Martin Luther King Middle School,8,CAASPP_corrected.xlsx,High,Columns explicitly identify 22-23 CAASPP.
2022781,2022-23,CAASPP,Math,2335.0,Martin Luther King Middle School,8,CAASPP_corrected.xlsx,High,Columns explicitly identify 22-23 CAASPP.
2022949,2022-23,CAASPP,Math,2330.0,Martin Luther King Middle School,7,CAASPP_corrected.xlsx,High,Columns explicitly identify 22-23 CAASPP.
2023068,2022-23,CAASPP,Math,2247.0,Martin Luther King Middle School,7,CAASPP_corrected.xlsx,High,Columns explicitly identify 22-23 CAASPP.
2023504,2022-23,CAASPP,Math,2474.0,Martin Luther King Middle School,8,CAASPP_corrected.xlsx,High,Columns explicitly identify 22-23 CAASPP.
2007210,2022-23,CAASPP,Math,2684.0,Willard Middle School,8,CAASPP_corrected.xlsx,High,Columns explicitly identify 22-23 CAASPP.
2009377,2022-23,CAASPP,Math,734.0,Willard Middle School,8,CAASPP_corrected.xlsx,High,Columns explicitly identify 22-23 CAASPP.
2009428,2022-23,CAASPP,Math,2387.0,Willard Middle School,8,CAASPP_corrected.xlsx,High,Columns explicitly identify 22-23 CAASPP.
2009809,2022-23,CAASPP,Math,2574.0,Willard Middle School,8,CAASPP_corrected.xlsx,High,Columns explicitly identify 22-23 CAASPP.
2009826,2022-23,CAASPP,Math,2477.0,Willard Middle School,8,CAASPP_corrected.xlsx,High,Columns explicitly identify 22-23 CAASPP.
2009827,2022-23,CAASPP,Math,2629.0,Willard Middle School,8,CAASPP_corrected.xlsx,High,Columns explicitly identify 22-23 CAASPP.
2009839,2022-23,CAASPP,Math,2371.0,Willard Middle School,8,CAASPP_corrected.xlsx,High,Columns explicitly identify 22-23 CAASPP.
2009842,2022-23,CAASPP,Math,2451.0,Willard Middle School,8,CAASPP_corrected.xlsx,High,Columns explicitly identify 22-23 CAASPP.
2010081,2022-23,CAASPP,Math,2584.0,Willard Middle School,8,CAASPP_corrected.xlsx,High,Columns explicitly identify 22-23 CAASPP.
2010242,2022-23,CAASPP,Math,2640.0,Willard Middle School,8,CAASPP_corrected.xlsx,High,Columns explicitly identify 22-23 CAASPP.
2010945,2022-23,CAASPP,Math,2333.0,Willard Middle School,8,CAASPP_corrected.xlsx,High,Columns explicitly identify 22-23 CAASPP.
2010963,2022-23,CAASPP,Math,2543.0,Willard Middle School,8,CAASPP_corrected.xlsx,High,Columns explicitly identify 22-23 CAASPP.
2011697,2022-23,CAASPP,Math,655.0,Willard Middle School,7,CAASPP_corrected.xlsx,High,Columns explicitly identify 22-23 CAASPP.
2011935,2022-23,CAASPP,Math,2358.0,Willard Middle School,8,CAASPP_corrected.xlsx,High,Columns explicitly identify 22-23 CAASPP.
2012242,2022-23,CAASPP,Math,2372.0,Willard Middle School,8,CAASPP_corrected.xlsx,High,Columns explicitly identify 22-23 CAASPP.
2012995,2022-23,CAASPP,Math,2436.0,Willard Middle School,7,CAASPP_corrected.xlsx,High,Columns explicitly identify 22-23 CAASPP.
2013041,2022-23,CAASPP,Math,2719.0,Willard Middle School,8,CAASPP_corrected.xlsx,High,Columns explicitly identify 22-23 CAASPP.
2013212,2022-23,CAASPP,Math,2503.0,Willard Middle School,7,CAASPP_corrected.xlsx,High,Columns explicitly identify 22-23 CAASPP.
2013648,2022-23,CAASPP,Math,2346.0,Willard Middle School,7,CAASPP_corrected.xlsx,High,Columns explicitly identify 22-23 CAASPP.
2013666,2022-23,CAASPP,Math,2464.0,Willard Middle School,6,CAASPP_corrected.xlsx,High,Columns explicitly identify 22-23 CAASPP.
2013668,2022-23,CAASPP,Math,2425.0,Willard Middle School,6,CAASPP_corrected.xlsx,High,Columns explicitly identify 22-23 CAASPP.
2013713,2022-23,CAASPP,Math,2417.0,Willard Middle School,7,CAASPP_corrected.xlsx,High,Columns explicitly identify 22-23 CAASPP.
2014148,2022-23,CAASPP,Math,2475.0,Willard Middle School,8,CAASPP_corrected.xlsx,High,Columns explicitly identify 22-23 CAASPP.
2014197,2022-23,CAASPP,Math,2493.0,Willard Middle School,6,CAASPP_corrected.xlsx,High,Columns explicitly identify 22-23 CAASPP.
2014442,2022-23,CAASPP,Math,2403.0,Willard Middle School,6,CAASPP_corrected.xlsx,High,Columns explicitly identify 22-23 CAASPP.
2014776,2022-23,CAASPP,Math,2450.0,Willard Middle School,6,CAASPP_corrected.xlsx,High,Columns explicitly identify 22-23 CAASPP.
2014928,2022-23,CAASPP,Math,2479.0,Willard Middle School,6,CAASPP_corrected.xlsx,High,Columns explicitly identify 22-23 CAASPP.
2015188,2022-23,CAASPP,Math,2397.0,Willard Middle School,6,CAASPP_corrected.xlsx,High,Columns explicitly identify 22-23 CAASPP.
2015340,2022-23,CAASPP,Math,2475.0,Willard Middle School,6,CAASPP_corrected.xlsx,High,Columns explicitly identify 22-23 CAASPP.
2015378,2022-23,CAASPP,Math,2550.0,Willard Middle School,6,CAASPP_corrected.xlsx,High,Columns explicitly identify 22-23 CAASPP.
2015421,2022-23,CAASPP,Math,2351.0,Willard Middle School,7,CAASPP_corrected.xlsx,High,Columns explicitly identify 22-23 CAASPP.
2016513,2022-23,CAASPP,Math,2547.0,Willard Middle School,6,CAASPP_corrected.xlsx,High,Columns explicitly identify 22-23 CAASPP.
2017185,2022-23,CAASPP,Math,2449.0,Willard Middle School,8,CAASPP_corrected.xlsx,High,Columns explicitly identify 22-23 CAASPP.
2012293,2022-23,CAASPP,Math,2322.0,Willard Middle School,8,CAASPP_corrected.xlsx,High,Columns explicitly identify 22-23 CAASPP.
2018368,2022-23,CAASPP,Math,2397.0,Willard Middle School,7,CAASPP_corrected.xlsx,High,Columns explicitly identify 22-23 CAASPP.
2017497,2022-23,CAASPP,Math,2472.0,Willard Middle School,6,CAASPP_corrected.xlsx,High,Columns explicitly identify 22-23 CAASPP.
2018369,2022-23,CAASPP,Math,2603.0,Willard Middle School,6,CAASPP_corrected.xlsx,High,Columns explicitly identify 22-23 CAASPP.
2021129,2022-23,CAASPP,Math,2329.0,Willard Middle School,8,CAASPP_corrected.xlsx,High,Columns explicitly identify 22-23 CAASPP.
2020680,2022-23,CAASPP,Math,2516.0,Willard Middle School,7,CAASPP_corrected.xlsx,High,Columns explicitly identify 22-23 CAASPP.
2020616,2022-23,CAASPP,Math,2385.0,Willard Middle School,8,CAASPP_corrected.xlsx,High,Columns explicitly identify 22-23 CAASPP.
2021327,2022-23,CAASPP,Math,2415.0,Willard Middle School,8,CAASPP_corrected.xlsx,High,Columns explicitly identify 22-23 CAASPP.
2021365,2022-23,CAASPP,Math,2449.0,Willard Middle School,7,CAASPP_corrected.xlsx,High,Columns explicitly identify 22-23 CAASPP.
2020789,2022-23,CAASPP,Math,2356.0,Willard Middle School,6,CAASPP_corrected.xlsx,High,Columns explicitly identify 22-23 CAASPP.
2022627,2022-23,CAASPP,Math,2409.0,Willard Middle School,7,CAASPP_corrected.xlsx,High,Columns explicitly identify 22-23 CAASPP.
2022619,2022-23,CAASPP,Math,2259.0,Willard Middle School,7,CAASPP_corrected.xlsx,High,Columns explicitly identify 22-23 CAASPP.
2022702,2022-23,CAASPP,Math,2429.0,Willard Middle School,8,CAASPP_corrected.xlsx,High,Columns explicitly identify 22-23 CAASPP.
2023185,2022-23,CAASPP,Math,663.0,Willard Middle School,7,CAASPP_corrected.xlsx,High,Columns explicitly identify 22-23 CAASPP.
2014714,2022-23,CAASPP,Math,2403.0,Washington Elementary School,5,CAASPP_corrected.xlsx,High,Columns explicitly identify 22-23 CAASPP.
2014739,2022-23,CAASPP,Math,2533.0,Washington Elementary School,5,CAASPP_corrected.xlsx,High,Columns explicitly identify 22-23 CAASPP.
2014942,2022-23,CAASPP,Math,2511.0,Washington Elementary School,5,CAASPP_corrected.xlsx,High,Columns explicitly identify 22-23 CAASPP.
2015864,2022-23,CAASPP,Math,2426.0,Washington Elementary School,5,CAASPP_corrected.xlsx,High,Columns explicitly identify 22-23 CAASPP.
2015959,2022-23,CAASPP,Math,2334.0,Washington Elementary School,5,CAASPP_corrected.xlsx,High,Columns explicitly identify 22-23 CAASPP.
2016201,2022-23,CAASPP,Math,2475.0,Washington Elementary School,5,CAASPP_corrected.xlsx,High,Columns explicitly identify 22-23 CAASPP.
2016280,2022-23,CAASPP,Math,2575.0,Washington Elementary School,5,CAASPP_corrected.xlsx,High,Columns explicitly identify 22-23 CAASPP.
2016372,2022-23,CAASPP,Math,2426.0,Washington Elementary School,5,CAASPP_corrected.xlsx,High,Columns explicitly identify 22-23 CAASPP.
2016787,2022-23,CAASPP,Math,2408.0,Washington Elementary School,5,CAASPP_corrected.xlsx,High,Columns explicitly identify 22-23 CAASPP.
2016932,2022-23,CAASPP,Math,2419.0,Washington Elementary School,4,CAASPP_corrected.xlsx,High,Columns explicitly identify 22-23 CAASPP.
2017038,2022-23,CAASPP,Math,2342.0,Washington Elementary School,5,CAASPP_corrected.xlsx,High,Columns explicitly identify 22-23 CAASPP.
2017175,2022-23,CAASPP,Math,315.0,Washington Elementary School,4,CAASPP_corrected.xlsx,High,Columns explicitly identify 22-23 CAASPP.
2017561,2022-23,CAASPP,Math,2437.0,Washington Elementary School,4,CAASPP_corrected.xlsx,High,Columns explicitly identify 22-23 CAASPP.
2018465,2022-23,CAASPP,Math,2278.0,Washington Elementary School,4,CAASPP_corrected.xlsx,High,Columns explicitly identify 22-23 CAASPP.
2019582,2022-23,CAASPP,Math,2553.0,Washington Elementary School,4,CAASPP_corrected.xlsx,High,Columns explicitly identify 22-23 CAASPP.
2020554,2022-23,CAASPP,Math,2261.0,Washington Elementary School,4,CAASPP_corrected.xlsx,High,Columns explicitly identify 22-23 CAASPP.
2021401,2022-23,CAASPP,Math,2374.0,Washington Elementary School,4,CAASPP_corrected.xlsx,High,Columns explicitly identify 22-23 CAASPP.
2017762,2022-23,CAASPP,Math,2438.0,Washington Elementary School,4,CAASPP_corrected.xlsx,High,Columns explicitly identify 22-23 CAASPP.
2022835,2022-23,CAASPP,Math,2238.0,Washington Elementary School,5,CAASPP_corrected.xlsx,High,Columns explicitly identify 22-23 CAASPP.
2022836,2022-23,CAASPP,Math,2204.0,Washington Elementary School,4,CAASPP_corrected.xlsx,High,Columns explicitly identify 22-23 CAASPP.
2013856,2022-23,CAASPP,Math,450.0,Oxford Elementary School,5,CAASPP_corrected.xlsx,High,Columns explicitly identify 22-23 CAASPP.
2014700,2022-23,CAASPP,Math,2358.0,Oxford Elementary School,5,CAASPP_corrected.xlsx,High,Columns explicitly identify 22-23 CAASPP.
2015382,2022-23,CAASPP,Math,2406.0,Oxford Elementary School,5,CAASPP_corrected.xlsx,High,Columns explicitly identify 22-23 CAASPP.
2015428,2022-23,CAASPP,Math,2362.0,Oxford Elementary School,5,CAASPP_corrected.xlsx,High,Columns explicitly identify 22-23 CAASPP.
2015812,2022-23,CAASPP,Math,2540.0,Oxford Elementary School,5,CAASPP_corrected.xlsx,High,Columns explicitly identify 22-23 CAASPP.
2017028,2022-23,CAASPP,Math,2278.0,Oxford Elementary School,5,CAASPP_corrected.xlsx,High,Columns explicitly identify 22-23 CAASPP.
2018281,2022-23,CAASPP,Math,2439.0,Oxford Elementary School,5,CAASPP_corrected.xlsx,High,Columns explicitly identify 22-23 CAASPP.
2018208,2022-23,CAASPP,Math,2463.0,Oxford Elementary School,4,CAASPP_corrected.xlsx,High,Columns explicitly identify 22-23 CAASPP.
2017528,2022-23,CAASPP,Math,2456.0,Oxford Elementary School,4,CAASPP_corrected.xlsx,High,Columns explicitly identify 22-23 CAASPP.
2018093,2022-23,CAASPP,Math,2514.0,Oxford Elementary School,4,CAASPP_corrected.xlsx,High,Columns explicitly identify 22-23 CAASPP.
2015569,2022-23,CAASPP,Math,300.0,Oxford Elementary School,4,CAASPP_corrected.xlsx,High,Columns explicitly identify 22-23 CAASPP.
2017734,2022-23,CAASPP,Math,2427.0,Oxford Elementary School,4,CAASPP_corrected.xlsx,High,Columns explicitly identify 22-23 CAASPP.
2017817,2022-23,CAASPP,Math,2464.0,Oxford Elementary School,4,CAASPP_corrected.xlsx,High,Columns explicitly identify 22-23 CAASPP.
2017948,2022-23,CAASPP,Math,2454.0,Oxford Elementary School,4,CAASPP_corrected.xlsx,High,Columns explicitly identify 22-23 CAASPP.
2018648,2022-23,CAASPP,Math,2356.0,Oxford Elementary School,4,CAASPP_corrected.xlsx,High,Columns explicitly identify 22-23 CAASPP.
2018902,2022-23,CAASPP,Math,2660.0,Oxford Elementary School,4,CAASPP_corrected.xlsx,High,Columns explicitly identify 22-23 CAASPP.
2019799,2022-23,CAASPP,Math,2335.0,Oxford Elementary School,5,CAASPP_corrected.xlsx,High,Columns explicitly identify 22-23 CAASPP.
2021071,2022-23,CAASPP,Math,2468.0,Oxford Elementary School,4,CAASPP_corrected.xlsx,High,Columns explicitly identify 22-23 CAASPP.
2021273,2022-23,CAASPP,Math,2360.0,Oxford Elementary School,4,CAASPP_corrected.xlsx,High,Columns explicitly identify 22-23 CAASPP.
2013850,2022-23,CAASPP,Math,2315.0,Cragmont Elementary School,4,CAASPP_corrected.xlsx,High,Columns explicitly identify 22-23 CAASPP.
2016106,2022-23,CAASPP,Math,2511.0,Cragmont Elementary School,5,CAASPP_corrected.xlsx,High,Columns explicitly identify 22-23 CAASPP.
2016535,2022-23,CAASPP,Math,2333.0,Cragmont Elementary School,5,CAASPP_corrected.xlsx,High,Columns explicitly identify 22-23 CAASPP.
2016547,2022-23,CAASPP,Math,2447.0,Cragmont Elementary School,5,CAASPP_corrected.xlsx,High,Columns explicitly identify 22-23 CAASPP.
2016600,2022-23,CAASPP,Math,2409.0,Cragmont Elementary School,5,CAASPP_corrected.xlsx,High,Columns explicitly identify 22-23 CAASPP.
2016615,2022-23,CAASPP,Math,2309.0,Cragmont Elementary School,5,CAASPP_corrected.xlsx,High,Columns explicitly identify 22-23 CAASPP.
2016848,2022-23,CAASPP,Math,2364.0,Cragmont Elementary School,4,CAASPP_corrected.xlsx,High,Columns explicitly identify 22-23 CAASPP.
2016870,2022-23,CAASPP,Math,2383.0,Cragmont Elementary School,5,CAASPP_corrected.xlsx,High,Columns explicitly identify 22-23 CAASPP.
2017789,2022-23,CAASPP,Math,2322.0,Cragmont Elementary School,4,CAASPP_corrected.xlsx,High,Columns explicitly identify 22-23 CAASPP.
2017850,2022-23,CAASPP,Math,2365.0,Cragmont Elementary School,4,CAASPP_corrected.xlsx,High,Columns explicitly identify 22-23 CAASPP.
2018102,2022-23,CAASPP,Math,2384.0,Cragmont Elementary School,4,CAASPP_corrected.xlsx,High,Columns explicitly identify 22-23 CAASPP.
2018334,2022-23,CAASPP,Math,2475.0,Cragmont Elementary School,4,CAASPP_corrected.xlsx,High,Columns explicitly identify 22-23 CAASPP.
2018354,2022-23,CAASPP,Math,2344.0,Cragmont Elementary School,4,CAASPP_corrected.xlsx,High,Columns explicitly identify 22-23 CAASPP.
2020411,2022-23,CAASPP,Math,2534.0,Cragmont Elementary School,4,CAASPP_corrected.xlsx,High,Columns explicitly identify 22-23 CAASPP.
2020666,2022-23,CAASPP,Math,2439.0,Cragmont Elementary School,5,CAASPP_corrected.xlsx,High,Columns explicitly identify 22-23 CAASPP.
2021374,2022-23,CAASPP,Math,2398.0,Cragmont Elementary School,4,CAASPP_corrected.xlsx,High,Columns explicitly identify 22-23 CAASPP.
2021947,2022-23,CAASPP,Math,2244.0,Cragmont Elementary School,4,CAASPP_corrected.xlsx,High,Columns explicitly identify 22-23 CAASPP.
2022131,2022-23,CAASPP,Math,2340.0,Cragmont Elementary School,4,CAASPP_corrected.xlsx,High,Columns explicitly identify 22-23 CAASPP.
2007058,2022-23,CAASPP,Math,2405.0,Berkeley High School,9,CAASPP_corrected.xlsx,High,Columns explicitly identify 22-23 CAASPP.
2009474,2022-23,CAASPP,Math,2583.0,Berkeley High School,9,CAASPP_corrected.xlsx,High,Columns explicitly identify 22-23 CAASPP.
2009520,2022-23,CAASPP,Math,2350.0,Berkeley High School,9,CAASPP_corrected.xlsx,High,Columns explicitly identify 22-23 CAASPP.
2009772,2022-23,CAASPP,Math,2386.0,Berkeley High School,9,CAASPP_corrected.xlsx,High,Columns explicitly identify 22-23 CAASPP.
2009990,2022-23,CAASPP,Math,2654.0,Berkeley High School,9,CAASPP_corrected.xlsx,High,Columns explicitly identify 22-23 CAASPP.
2010221,2022-23,CAASPP,Math,2265.0,Berkeley High School,9,CAASPP_corrected.xlsx,High,Columns explicitly identify 22-23 CAASPP.
2010498,2022-23,CAASPP,Math,2401.0,Berkeley High School,9,CAASPP_corrected.xlsx,High,Columns explicitly identify 22-23 CAASPP.
2010591,2022-23,CAASPP,Math,2470.0,Berkeley High School,9,CAASPP_corrected.xlsx,High,Columns explicitly identify 22-23 CAASPP.
2010687,2022-23,CAASPP,Math,2526.0,Berkeley High School,9,CAASPP_corrected.xlsx,High,Columns explicitly identify 22-23 CAASPP.
2010688,2022-23,CAASPP,Math,2373.0,Berkeley High School,9,CAASPP_corrected.xlsx,High,Columns explicitly identify 22-23 CAASPP.
2017496,2022-23,CAASPP,Math,2658.0,Berkeley High School,9,CAASPP_corrected.xlsx,High,Columns explicitly identify 22-23 CAASPP.
2020082,2022-23,CAASPP,Math,2481.0,Berkeley High School,9,CAASPP_corrected.xlsx,High,Columns explicitly identify 22-23 CAASPP.
2021303,2022-23,CAASPP,Math,2469.0,Berkeley High School,9,CAASPP_corrected.xlsx,High,Columns explicitly identify 22-23 CAASPP.
2021356,2022-23,CAASPP,Math,2467.0,Berkeley High School,9,CAASPP_corrected.xlsx,High,Columns explicitly identify 22-23 CAASPP.
2021230,2022-23,CAASPP,Math,2652.0,Berkeley High School,9,CAASPP_corrected.xlsx,High,Columns explicitly identify 22-23 CAASPP.
2021967,2022-23,CAASPP,Math,2450.0,Berkeley High School,9,CAASPP_corrected.xlsx,High,Columns explicitly identify 22-23 CAASPP.
2022832,2022-23,CAASPP,Math,2324.0,Berkeley High School,9,CAASPP_corrected.xlsx,High,Columns explicitly identify 22-23 CAASPP.
2022935,2022-23,CAASPP,Math,2448.0,Berkeley High School,9,CAASPP_corrected.xlsx,High,Columns explicitly identify 22-23 CAASPP.
2023192,2022-23,CAASPP,Math,2294.0,Berkeley High School,9,CAASPP_corrected.xlsx,High,Columns explicitly identify 22-23 CAASPP.
2014704,2022-23,CAASPP,Math,2316.0,John Muir Elementary School,5,CAASPP_corrected.xlsx,High,Columns explicitly identify 22-23 CAASPP.
2016093,2022-23,CAASPP,Math,2447.0,John Muir Elementary School,5,CAASPP_corrected.xlsx,High,Columns explicitly identify 22-23 CAASPP.
2016226,2022-23,CAASPP,Math,2337.0,John Muir Elementary School,5,CAASPP_corrected.xlsx,High,Columns explicitly identify 22-23 CAASPP.
2016330,2022-23,CAASPP,Math,2455.0,John Muir Elementary School,5,CAASPP_corrected.xlsx,High,Columns explicitly identify 22-23 CAASPP.
2016370,2022-23,CAASPP,Math,2413.0,John Muir Elementary School,4,CAASPP_corrected.xlsx,High,Columns explicitly identify 22-23 CAASPP.
2016568,2022-23,CAASPP,Math,2380.0,John Muir Elementary School,4,CAASPP_corrected.xlsx,High,Columns explicitly identify 22-23 CAASPP.
2017375,2022-23,CAASPP,Math,2554.0,John Muir Elementary School,5,CAASPP_corrected.xlsx,High,Columns explicitly identify 22-23 CAASPP.
2017795,2022-23,CAASPP,Math,2385.0,John Muir Elementary School,4,CAASPP_corrected.xlsx,High,Columns explicitly identify 22-23 CAASPP.
2017864,2022-23,CAASPP,Math,2400.0,John Muir Elementary School,4,CAASPP_corrected.xlsx,High,Columns explicitly identify 22-23 CAASPP.
2018009,2022-23,CAASPP,Math,2356.0,John Muir Elementary School,4,CAASPP_corrected.xlsx,High,Columns explicitly identify 22-23 CAASPP.
2018196,2022-23,CAASPP,Math,2433.0,John Muir Elementary School,4,CAASPP_corrected.xlsx,High,Columns explicitly identify 22-23 CAASPP.
2018218,2022-23,CAASPP,Math,2333.0,John Muir Elementary School,4,CAASPP_corrected.xlsx,High,Columns explicitly identify 22-23 CAASPP.
2018232,2022-23,CAASPP,Math,2388.0,John Muir Elementary School,4,CAASPP_corrected.xlsx,High,Columns explicitly identify 22-23 CAASPP.
2018370,2022-23,CAASPP,Math,2447.0,John Muir Elementary School,4,CAASPP_corrected.xlsx,High,Columns explicitly identify 22-23 CAASPP.
2018392,2022-23,CAASPP,Math,2320.0,John Muir Elementary School,4,CAASPP_corrected.xlsx,High,Columns explicitly identify 22-23 CAASPP.
2018618,2022-23,CAASPP,Math,2249.0,John Muir Elementary School,4,CAASPP_corrected.xlsx,High,Columns explicitly identify 22-23 CAASPP.
2021197,2022-23,CAASPP,Math,2386.0,John Muir Elementary School,4,CAASPP_corrected.xlsx,High,Columns explicitly identify 22-23 CAASPP.
2022116,2022-23,CAASPP,Math,2382.0,John Muir Elementary School,4,CAASPP_corrected.xlsx,High,Columns explicitly identify 22-23 CAASPP.
2022640,2022-23,CAASPP,Math,2426.0,John Muir Elementary School,4,CAASPP_corrected.xlsx,High,Columns explicitly identify 22-23 CAASPP.
2022849,2022-23,CAASPP,Math,2440.0,John Muir Elementary School,4,CAASPP_corrected.xlsx,High,Columns explicitly identify 22-23 CAASPP.
2014632,2022-23,CAASPP,Math,2356.0,Sylvia Mendez Elementary School,5,CAASPP_corrected.xlsx,High,Columns explicitly identify 22-23 CAASPP.
2015837,2022-23,CAASPP,Math,2359.0,Sylvia Mendez Elementary School,5,CAASPP_corrected.xlsx,High,Columns explicitly identify 22-23 CAASPP.
2016019,2022-23,CAASPP,Math,2575.0,Sylvia Mendez Elementary School,4,CAASPP_corrected.xlsx,High,Columns explicitly identify 22-23 CAASPP.
2016040,2022-23,CAASPP,Math,2448.0,Sylvia Mendez Elementary School,4,CAASPP_corrected.xlsx,High,Columns explicitly identify 22-23 CAASPP.
2016172,2022-23,CAASPP,Math,2439.0,Sylvia Mendez Elementary School,5,CAASPP_corrected.xlsx,High,Columns explicitly identify 22-23 CAASPP.
2016334,2022-23,CAASPP,Math,2414.0,Sylvia Mendez Elementary School,5,CAASPP_corrected.xlsx,High,Columns explicitly identify 22-23 CAASPP.
2016590,2022-23,CAASPP,Math,2368.0,Sylvia Mendez Elementary School,4,CAASPP_corrected.xlsx,High,Columns explicitly identify 22-23 CAASPP.
2017548,2022-23,CAASPP,Math,2386.0,Sylvia Mendez Elementary School,4,CAASPP_corrected.xlsx,High,Columns explicitly identify 22-23 CAASPP.
2017621,2022-23,CAASPP,Math,2462.0,Sylvia Mendez Elementary School,4,CAASPP_corrected.xlsx,High,Columns explicitly identify 22-23 CAASPP.
2017642,2022-23,CAASPP,Math,2337.0,Sylvia Mendez Elementary School,4,CAASPP_corrected.xlsx,High,Columns explicitly identify 22-23 CAASPP.
2017728,2022-23,CAASPP,Math,2474.0,Sylvia Mendez Elementary School,4,CAASPP_corrected.xlsx,High,Columns explicitly identify 22-23 CAASPP.
2017892,2022-23,CAASPP,Math,2514.0,Sylvia Mendez Elementary School,4,CAASPP_corrected.xlsx,High,Columns explicitly identify 22-23 CAASPP.
2017998,2022-23,CAASPP,Math,2338.0,Sylvia Mendez Elementary School,4,CAASPP_corrected.xlsx,High,Columns explicitly identify 22-23 CAASPP.
2018035,2022-23,CAASPP,Math,2346.0,Sylvia Mendez Elementary School,4,CAASPP_corrected.xlsx,High,Columns explicitly identify 22-23 CAASPP.
2014674,2022-23,CAASPP,Math,2463.0,Berkeley Arts Magnet Elementary School,5,CAASPP_corrected.xlsx,High,Columns explicitly identify 22-23 CAASPP.
2014958,2022-23,CAASPP,Math,2429.0,Berkeley Arts Magnet Elementary School,5,CAASPP_corrected.xlsx,High,Columns explicitly identify 22-23 CAASPP.
2015820,2022-23,CAASPP,Math,2547.0,Berkeley Arts Magnet Elementary School,5,CAASPP_corrected.xlsx,High,Columns explicitly identify 22-23 CAASPP.
2015875,2022-23,CAASPP,Math,2343.0,Berkeley Arts Magnet Elementary School,5,CAASPP_corrected.xlsx,High,Columns explicitly identify 22-23 CAASPP.
2015896,2022-23,CAASPP,Math,2338.0,Berkeley Arts Magnet Elementary School,4,CAASPP_corrected.xlsx,High,Columns explicitly identify 22-23 CAASPP.
2016002,2022-23,CAASPP,Math,2358.0,Berkeley Arts Magnet Elementary School,5,CAASPP_corrected.xlsx,High,Columns explicitly identify 22-23 CAASPP.
2016146,2022-23,CAASPP,Math,2429.0,Berkeley Arts Magnet Elementary School,5,CAASPP_corrected.xlsx,High,Columns explicitly identify 22-23 CAASPP.
2018175,2022-23,CAASPP,Math,2405.0,Berkeley Arts Magnet Elementary School,4,CAASPP_corrected.xlsx,High,Columns explicitly identify 22-23 CAASPP.
2018358,2022-23,CAASPP,Math,2504.0,Berkeley Arts Magnet Elementary School,4,CAASPP_corrected.xlsx,High,Columns explicitly identify 22-23 CAASPP.
2018534,2022-23,CAASPP,Math,2521.0,Berkeley Arts Magnet Elementary School,5,CAASPP_corrected.xlsx,High,Columns explicitly identify 22-23 CAASPP.
2018621,2022-23,CAASPP,Math,2473.0,Berkeley Arts Magnet Elementary School,5,CAASPP_corrected.xlsx,High,Columns explicitly identify 22-23 CAASPP.
2018780,2022-23,CAASPP,Math,2311.0,Berkeley Arts Magnet Elementary School,4,CAASPP_corrected.xlsx,High,Columns explicitly identify 22-23 CAASPP.
2016365,2022-23,CAASPP,Math,2386.0,Malcolm X Elementary School,4,CAASPP_corrected.xlsx,High,Columns explicitly identify 22-23 CAASPP.
2016833,2022-23,CAASPP,Math,2383.0,Malcolm X Elementary School,5,CAASPP_corrected.xlsx,High,Columns explicitly identify 22-23 CAASPP.
2017965,2022-23,CAASPP,Math,2302.0,Malcolm X Elementary School,4,CAASPP_corrected.xlsx,High,Columns explicitly identify 22-23 CAASPP.
2017966,2022-23,CAASPP,Math,2506.0,Malcolm X Elementary School,4,CAASPP_corrected.xlsx,High,Columns explicitly identify 22-23 CAASPP.
2018559,2022-23,CAASPP,Math,2363.0,Rosa Parks Elementary School,5,CAASPP_corrected.xlsx,High,Columns explicitly identify 22-23 CAASPP.
2010945,likely 2023-24,CAASPP,ELA,2467.0,Berkeley High School,9,CAASPP_Tier_Data_Updated.csv,Medium,Year inferred from grade progression and 2024-25 roster alignment.
2017849,likely 2023-24,CAASPP,ELA,2252.0,Cragmont Elementary School,4,CAASPP_Tier_Data_Updated.csv,Medium,Year inferred from grade progression and 2024-25 roster alignment.
2013207,likely 2023-24,CAASPP,ELA,2390.0,Martin Luther King Middle School,8,CAASPP_Tier_Data_Updated.csv,Medium,Year inferred from grade progression and 2024-25 roster alignment.
2015601,likely 2023-24,CAASPP,ELA,2476.0,Berkeley High School,9,CAASPP_Tier_Data_Updated.csv,Medium,Year inferred from grade progression and 2024-25 roster alignment.
2017643,likely 2023-24,CAASPP,ELA,2408.0,Emerson Elementary School,5,CAASPP_Tier_Data_Updated.csv,Medium,Year inferred from grade progression and 2024-25 roster alignment.
2013268,likely 2023-24,CAASPP,ELA,2437.0,Martin Luther King Middle School,6,CAASPP_Tier_Data_Updated.csv,Medium,Year inferred from grade progression and 2024-25 roster alignment.
2024343,likely 2023-24,CAASPP,ELA,2452.0,Willard Middle School,7,CAASPP_Tier_Data_Updated.csv,Medium,Year inferred from grade progression and 2024-25 roster alignment.
2003280,likely 2023-24,CAASPP,ELA,2455.0,Berkeley High School,12,CAASPP_Tier_Data_Updated.csv,Medium,Year inferred from grade progression and 2024-25 roster alignment.
2022835,likely 2023-24,CAASPP,ELA,2435.0,Washington Elementary School,5,CAASPP_Tier_Data_Updated.csv,Medium,Year inferred from grade progression and 2024-25 roster alignment.
2024076,likely 2023-24,CAASPP,ELA,2483.0,Berkeley High School,12,CAASPP_Tier_Data_Updated.csv,Medium,Year inferred from grade progression and 2024-25 roster alignment.
2015341,likely 2023-24,CAASPP,ELA,2421.0,Willard Middle School,7,CAASPP_Tier_Data_Updated.csv,Medium,Year inferred from grade progression and 2024-25 roster alignment.
2018933,likely 2023-24,CAASPP,ELA,2438.0,Longfellow Arts and Technology Middle,8,CAASPP_Tier_Data_Updated.csv,Medium,Year inferred from grade progression and 2024-25 roster alignment.
2010991,likely 2023-24,CAASPP,ELA,2393.0,Berkeley High School,9,CAASPP_Tier_Data_Updated.csv,Medium,Year inferred from grade progression and 2024-25 roster alignment.
2016535,likely 2023-24,CAASPP,ELA,2406.0,Longfellow Arts and Technology Middle,6,CAASPP_Tier_Data_Updated.csv,Medium,Year inferred from grade progression and 2024-25 roster alignment.
2018711,likely 2023-24,CAASPP,ELA,2401.0,Washington Elementary School,5,CAASPP_Tier_Data_Updated.csv,Medium,Year inferred from grade progression and 2024-25 roster alignment.
2022764,likely 2023-24,CAASPP,ELA,2397.0,Berkeley High School,12,CAASPP_Tier_Data_Updated.csv,Medium,Year inferred from grade progression and 2024-25 roster alignment.
2009815,likely 2023-24,CAASPP,ELA,2345.0,Berkeley High School,9,CAASPP_Tier_Data_Updated.csv,Medium,Year inferred from grade progression and 2024-25 roster alignment.
2023763,likely 2023-24,CAASPP,ELA,2421.0,Willard Middle School,7,CAASPP_Tier_Data_Updated.csv,Medium,Year inferred from grade progression and 2024-25 roster alignment.
2013213,likely 2023-24,CAASPP,ELA,2321.0,Willard Middle School,8,CAASPP_Tier_Data_Updated.csv,Medium,Year inferred from grade progression and 2024-25 roster alignment.
2005442,likely 2023-24,CAASPP,ELA,2314.0,Berkeley High School,12,CAASPP_Tier_Data_Updated.csv,Medium,Year inferred from grade progression and 2024-25 roster alignment.
2014876,likely 2023-24,CAASPP,ELA,2455.0,Willard Middle School,7,CAASPP_Tier_Data_Updated.csv,Medium,Year inferred from grade progression and 2024-25 roster alignment.
2014877,likely 2023-24,CAASPP,ELA,2454.0,Martin Luther King Middle School,7,CAASPP_Tier_Data_Updated.csv,Medium,Year inferred from grade progression and 2024-25 roster alignment.
2018743,likely 2023-24,CAASPP,ELA,2470.0,Martin Luther King Middle School,8,CAASPP_Tier_Data_Updated.csv,Medium,Year inferred from grade progression and 2024-25 roster alignment.
2021281,likely 2023-24,CAASPP,ELA,2449.0,Berkeley High School,9,CAASPP_Tier_Data_Updated.csv,Medium,Year inferred from grade progression and 2024-25 roster alignment.
2014674,likely 2023-24,CAASPP,ELA,2399.0,Willard Middle School,6,CAASPP_Tier_Data_Updated.csv,Medium,Year inferred from grade progression and 2024-25 roster alignment.
2017789,likely 2023-24,CAASPP,ELA,2413.0,Cragmont Elementary School,5,CAASPP_Tier_Data_Updated.csv,Medium,Year inferred from grade progression and 2024-25 roster alignment.
2011736,likely 2023-24,CAASPP,ELA,2394.0,Martin Luther King Middle School,8,CAASPP_Tier_Data_Updated.csv,Medium,Year inferred from grade progression and 2024-25 roster alignment.
2017968,likely 2023-24,CAASPP,ELA,2290.0,Emerson Elementary School,5,CAASPP_Tier_Data_Updated.csv,Medium,Year inferred from grade progression and 2024-25 roster alignment.
2024219,likely 2023-24,CAASPP,ELA,2375.0,Martin Luther King Middle School,6,CAASPP_Tier_Data_Updated.csv,Medium,Year inferred from grade progression and 2024-25 roster alignment.
2022995,likely 2023-24,CAASPP,ELA,2410.0,Martin Luther King Middle School,8,CAASPP_Tier_Data_Updated.csv,Medium,Year inferred from grade progression and 2024-25 roster alignment.
2015839,likely 2023-24,CAASPP,ELA,2363.0,Martin Luther King Middle School,6,CAASPP_Tier_Data_Updated.csv,Medium,Year inferred from grade progression and 2024-25 roster alignment.
2005287,likely 2023-24,CAASPP,ELA,2479.0,Berkeley High School,12,CAASPP_Tier_Data_Updated.csv,Medium,Year inferred from grade progression and 2024-25 roster alignment.
2022605,likely 2023-24,CAASPP,ELA,2469.0,Berkeley High School,12,CAASPP_Tier_Data_Updated.csv,Medium,Year inferred from grade progression and 2024-25 roster alignment.
2017965,likely 2023-24,CAASPP,ELA,2348.0,Malcolm X Elementary School,5,CAASPP_Tier_Data_Updated.csv,Medium,Year inferred from grade progression and 2024-25 roster alignment.
2023759,likely 2023-24,CAASPP,ELA,2451.0,Willard Middle School,8,CAASPP_Tier_Data_Updated.csv,Medium,Year inferred from grade progression and 2024-25 roster alignment.
2020554,likely 2023-24,CAASPP,ELA,2312.0,Washington Elementary School,5,CAASPP_Tier_Data_Updated.csv,Medium,Year inferred from grade progression and 2024-25 roster alignment.
2020556,likely 2023-24,CAASPP,ELA,2404.0,Berkeley High School,9,CAASPP_Tier_Data_Updated.csv,Medium,Year inferred from grade progression and 2024-25 roster alignment.
2021129,likely 2023-24,CAASPP,ELA,2405.0,Willard Middle School,8,CAASPP_Tier_Data_Updated.csv,Medium,Year inferred from grade progression and 2024-25 roster alignment.
2010512,likely 2023-24,CAASPP,ELA,2438.0,Berkeley High School,9,CAASPP_Tier_Data_Updated.csv,Medium,Year inferred from grade progression and 2024-25 roster alignment.
2015837,likely 2023-24,CAASPP,ELA,2297.0,Longfellow Arts and Technology Middle,6,CAASPP_Tier_Data_Updated.csv,Medium,Year inferred from grade progression and 2024-25 roster alignment.
2022474,likely 2023-24,CAASPP,ELA,2212.0,Oxford Elementary School,4,CAASPP_Tier_Data_Updated.csv,Medium,Year inferred from grade progression and 2024-25 roster alignment.
2023178,likely 2023-24,CAASPP,ELA,2272.0,Cragmont Elementary School,4,CAASPP_Tier_Data_Updated.csv,Medium,Year inferred from grade progression and 2024-25 roster alignment.
2019351,likely 2023-24,CAASPP,ELA,2304.0,Malcolm X Elementary School,4,CAASPP_Tier_Data_Updated.csv,Medium,Year inferred from grade progression and 2024-25 roster alignment.
2012349,likely 2023-24,CAASPP,ELA,2403.0,Martin Luther King Middle School,7,CAASPP_Tier_Data_Updated.csv,Medium,Year inferred from grade progression and 2024-25 roster alignment.
2010103,likely 2023-24,CAASPP,ELA,2419.0,Berkeley High School,12,CAASPP_Tier_Data_Updated.csv,Medium,Year inferred from grade progression and 2024-25 roster alignment.
2015374,likely 2023-24,CAASPP,ELA,2442.0,Martin Luther King Middle School,7,CAASPP_Tier_Data_Updated.csv,Medium,Year inferred from grade progression and 2024-25 roster alignment.
2011896,likely 2023-24,CAASPP,ELA,2414.0,Longfellow Arts and Technology Middle,8,CAASPP_Tier_Data_Updated.csv,Medium,Year inferred from grade progression and 2024-25 roster alignment.
2024218,likely 2023-24,CAASPP,ELA,2292.0,Rosa Parks Elementary School,5,CAASPP_Tier_Data_Updated.csv,Medium,Year inferred from grade progression and 2024-25 roster alignment.
2018632,likely 2023-24,CAASPP,ELA,2414.0,Berkeley Technology Academy,12,CAASPP_Tier_Data_Updated.csv,Medium,Year inferred from grade progression and 2024-25 roster alignment.
2015916,likely 2023-24,CAASPP,ELA,2345.0,Longfellow Arts and Technology Middle,6,CAASPP_Tier_Data_Updated.csv,Medium,Year inferred from grade progression and 2024-25 roster alignment.
2024312,likely 2023-24,CAASPP,ELA,2260.0,Longfellow Arts and Technology Middle,7,CAASPP_Tier_Data_Updated.csv,Medium,Year inferred from grade progression and 2024-25 roster alignment.
2006528,likely 2023-24,CAASPP,ELA,2420.0,Berkeley Technology Academy,12,CAASPP_Tier_Data_Updated.csv,Medium,Year inferred from grade progression and 2024-25 roster alignment.
2019630,likely 2023-24,CAASPP,ELA,2300.0,Berkeley High School,12,CAASPP_Tier_Data_Updated.csv,Medium,Year inferred from grade progression and 2024-25 roster alignment.
2011412,likely 2023-24,CAASPP,ELA,2402.0,Martin Luther King Middle School,8,CAASPP_Tier_Data_Updated.csv,Medium,Year inferred from grade progression and 2024-25 roster alignment.
2014704,likely 2023-24,CAASPP,ELA,2409.0,Longfellow Arts and Technology Middle,6,CAASPP_Tier_Data_Updated.csv,Medium,Year inferred from grade progression and 2024-25 roster alignment.
2021342,likely 2023-24,CAASPP,ELA,2428.0,Berkeley Technology Academy,12,CAASPP_Tier_Data_Updated.csv,Medium,Year inferred from grade progression and 2024-25 roster alignment.
2011761,likely 2023-24,CAASPP,ELA,2383.0,Martin Luther King Middle School,8,CAASPP_Tier_Data_Updated.csv,Medium,Year inferred from grade progression and 2024-25 roster alignment.
2015875,likely 2023-24,CAASPP,ELA,2311.0,Martin Luther King Middle School,6,CAASPP_Tier_Data_Updated.csv,Medium,Year inferred from grade progression and 2024-25 roster alignment.
2015421,likely 2023-24,CAASPP,ELA,2420.0,Willard Middle School,8,CAASPP_Tier_Data_Updated.csv,Medium,Year inferred from grade progression and 2024-25 roster alignment.
2015071,likely 2023-24,CAASPP,ELA,2446.0,Berkeley High School,12,CAASPP_Tier_Data_Updated.csv,Medium,Year inferred from grade progression and 2024-25 roster alignment.
2019380,likely 2023-24,CAASPP,ELA,2351.0,Thousand Oaks Elementary School,4,CAASPP_Tier_Data_Updated.csv,Medium,Year inferred from grade progression and 2024-25 roster alignment.
2013329,likely 2023-24,CAASPP,ELA,2408.0,Martin Luther King Middle School,8,CAASPP_Tier_Data_Updated.csv,Medium,Year inferred from grade progression and 2024-25 roster alignment.
2023913,likely 2023-24,CAASPP,ELA,2346.0,Longfellow Arts and Technology Middle,7,CAASPP_Tier_Data_Updated.csv,Medium,Year inferred from grade progression and 2024-25 roster alignment.
2005843,likely 2023-24,CAASPP,ELA,2313.0,Berkeley High School,12,CAASPP_Tier_Data_Updated.csv,Medium,Year inferred from grade progression and 2024-25 roster alignment.
2005470,likely 2023-24,CAASPP,ELA,2381.0,Berkeley High School,11,CAASPP_Tier_Data_Updated.csv,Medium,Year inferred from grade progression and 2024-25 roster alignment.
2015611,likely 2023-24,CAASPP,ELA,2330.0,Rosa Parks Elementary School,5,CAASPP_Tier_Data_Updated.csv,Medium,Year inferred from grade progression and 2024-25 roster alignment.
2011935,likely 2023-24,CAASPP,ELA,2446.0,Berkeley High School,9,CAASPP_Tier_Data_Updated.csv,Medium,Year inferred from grade progression and 2024-25 roster alignment.
2009091,likely 2023-24,CAASPP,ELA,2464.0,Berkeley High School,9,CAASPP_Tier_Data_Updated.csv,Medium,Year inferred from grade progression and 2024-25 roster alignment.
2017795,likely 2023-24,CAASPP,ELA,2384.0,John Muir Elementary School,5,CAASPP_Tier_Data_Updated.csv,Medium,Year inferred from grade progression and 2024-25 roster alignment.
2014988,likely 2023-24,CAASPP,ELA,2435.0,Longfellow Arts and Technology Middle,6,CAASPP_Tier_Data_Updated.csv,Medium,Year inferred from grade progression and 2024-25 roster alignment.
2005266,likely 2023-24,CAASPP,ELA,2455.0,Berkeley High School,12,CAASPP_Tier_Data_Updated.csv,Medium,Year inferred from grade progression and 2024-25 roster alignment.
2019832,likely 2023-24,CAASPP,ELA,2304.0,Berkeley Arts Magnet Elementary School,4,CAASPP_Tier_Data_Updated.csv,Medium,Year inferred from grade progression and 2024-25 roster alignment.
2022456,likely 2023-24,CAASPP,ELA,2270.0,Malcolm X Elementary School,4,CAASPP_Tier_Data_Updated.csv,Medium,Year inferred from grade progression and 2024-25 roster alignment.
2022452,likely 2023-24,CAASPP,ELA,2422.0,Longfellow Arts and Technology Middle,8,CAASPP_Tier_Data_Updated.csv,Medium,Year inferred from grade progression and 2024-25 roster alignment.
2019645,likely 2023-24,CAASPP,ELA,2259.0,Cragmont Elementary School,4,CAASPP_Tier_Data_Updated.csv,Medium,Year inferred from grade progression and 2024-25 roster alignment.
2019802,likely 2023-24,CAASPP,ELA,2313.0,Oxford Elementary School,4,CAASPP_Tier_Data_Updated.csv,Medium,Year inferred from grade progression and 2024-25 roster alignment.
2012293,likely 2023-24,CAASPP,ELA,2437.0,Berkeley High School,9,CAASPP_Tier_Data_Updated.csv,Medium,Year inferred from grade progression and 2024-25 roster alignment.
2024032,likely 2023-24,CAASPP,ELA,2347.0,Cragmont Elementary School,4,CAASPP_Tier_Data_Updated.csv,Medium,Year inferred from grade progression and 2024-25 roster alignment.
2021207,likely 2023-24,CAASPP,ELA,2458.0,Berkeley High School,9,CAASPP_Tier_Data_Updated.csv,Medium,Year inferred from grade progression and 2024-25 roster alignment.
2015924,likely 2023-24,CAASPP,ELA,2436.0,Willard Middle School,6,CAASPP_Tier_Data_Updated.csv,Medium,Year inferred from grade progression and 2024-25 roster alignment.
2018186,likely 2023-24,CAASPP,ELA,2360.0,Malcolm X Elementary School,5,CAASPP_Tier_Data_Updated.csv,Medium,Year inferred from grade progression and 2024-25 roster alignment.
2009809,likely 2023-24,CAASPP,ELA,2358.0,Berkeley High School,9,CAASPP_Tier_Data_Updated.csv,Medium,Year inferred from grade progression and 2024-25 roster alignment.
2011858,likely 2023-24,CAASPP,ELA,2471.0,Berkeley High School,9,CAASPP_Tier_Data_Updated.csv,Medium,Year inferred from grade progression and 2024-25 roster alignment.
2011859,likely 2023-24,CAASPP,ELA,2476.0,Berkeley High School,9,CAASPP_Tier_Data_Updated.csv,Medium,Year inferred from grade progression and 2024-25 roster alignment.
2023504,likely 2023-24,CAASPP,ELA,2464.0,Berkeley High School,9,CAASPP_Tier_Data_Updated.csv,Medium,Year inferred from grade progression and 2024-25 roster alignment.
2015161,likely 2023-24,CAASPP,ELA,2455.0,Berkeley High School,12,CAASPP_Tier_Data_Updated.csv,Medium,Year inferred from grade progression and 2024-25 roster alignment.
2011767,likely 2023-24,CAASPP,ELA,2290.0,Berkeley High School,9,CAASPP_Tier_Data_Updated.csv,Medium,Year inferred from grade progression and 2024-25 roster alignment.
2015308,likely 2023-24,CAASPP,ELA,2401.0,Longfellow Arts and Technology Middle,7,CAASPP_Tier_Data_Updated.csv,Medium,Year inferred from grade progression and 2024-25 roster alignment.
2020525,likely 2023-24,CAASPP,ELA,2115.0,Rosa Parks Elementary School,4,CAASPP_Tier_Data_Updated.csv,Medium,Year inferred from grade progression and 2024-25 roster alignment.
2016830,likely 2023-24,CAASPP,ELA,2399.0,Emerson Elementary School,5,CAASPP_Tier_Data_Updated.csv,Medium,Year inferred from grade progression and 2024-25 roster alignment.
2011768,likely 2023-24,CAASPP,ELA,2421.0,Berkeley High School,9,CAASPP_Tier_Data_Updated.csv,Medium,Year inferred from grade progression and 2024-25 roster alignment.
2010045,likely 2023-24,CAASPP,ELA,2332.0,Berkeley High School,9,CAASPP_Tier_Data_Updated.csv,Medium,Year inferred from grade progression and 2024-25 roster alignment.
2007210,likely 2023-24,CAASPP,ELA,2424.0,Berkeley High School,9,CAASPP_Tier_Data_Updated.csv,Medium,Year inferred from grade progression and 2024-25 roster alignment.
2006419,likely 2023-24,CAASPP,ELA,2441.0,Berkeley High School,12,CAASPP_Tier_Data_Updated.csv,Medium,Year inferred from grade progression and 2024-25 roster alignment.
2018926,likely 2023-24,CAASPP,ELA,2360.0,Emerson Elementary School,4,CAASPP_Tier_Data_Updated.csv,Medium,Year inferred from grade progression and 2024-25 roster alignment.
2018368,likely 2023-24,CAASPP,ELA,2455.0,Willard Middle School,8,CAASPP_Tier_Data_Updated.csv,Medium,Year inferred from grade progression and 2024-25 roster alignment.
2011242,likely 2023-24,CAASPP,ELA,2468.0,Berkeley High School,9,CAASPP_Tier_Data_Updated.csv,Medium,Year inferred from grade progression and 2024-25 roster alignment.
2018680,likely 2023-24,CAASPP,ELA,2382.0,Emerson Elementary School,5,CAASPP_Tier_Data_Updated.csv,Medium,Year inferred from grade progression and 2024-25 roster alignment.
2022859,likely 2023-24,CAASPP,ELA,2445.0,Berkeley High School,12,CAASPP_Tier_Data_Updated.csv,Medium,Year inferred from grade progression and 2024-25 roster alignment.
2017144,likely 2023-24,CAASPP,ELA,2425.0,Martin Luther King Middle School,7,CAASPP_Tier_Data_Updated.csv,Medium,Year inferred from grade progression and 2024-25 roster alignment.
2009881,likely 2023-24,CAASPP,ELA,2418.0,Berkeley High School,9,CAASPP_Tier_Data_Updated.csv,Medium,Year inferred from grade progression and 2024-25 roster alignment.
2018700,likely 2023-24,CAASPP,ELA,2415.0,Ruth Acty Elementary School,5,CAASPP_Tier_Data_Updated.csv,Medium,Year inferred from grade progression and 2024-25 roster alignment.
2022949,likely 2023-24,CAASPP,ELA,2383.0,Martin Luther King Middle School,8,CAASPP_Tier_Data_Updated.csv,Medium,Year inferred from grade progression and 2024-25 roster alignment.
2006402,likely 2023-24,CAASPP,ELA,2377.0,Berkeley High School,12,CAASPP_Tier_Data_Updated.csv,Medium,Year inferred from grade progression and 2024-25 roster alignment.
2016000,likely 2023-24,CAASPP,ELA,2425.0,Willard Middle School,6,CAASPP_Tier_Data_Updated.csv,Medium,Year inferred from grade progression and 2024-25 roster alignment.
2005535,likely 2023-24,CAASPP,ELA,2404.0,Berkeley High School,12,CAASPP_Tier_Data_Updated.csv,Medium,Year inferred from grade progression and 2024-25 roster alignment.
2022589,likely 2023-24,CAASPP,ELA,2378.0,Longfellow Arts and Technology Middle,8,CAASPP_Tier_Data_Updated.csv,Medium,Year inferred from grade progression and 2024-25 roster alignment.
2016568,likely 2023-24,CAASPP,ELA,2362.0,John Muir Elementary School,5,CAASPP_Tier_Data_Updated.csv,Medium,Year inferred from grade progression and 2024-25 roster alignment.
2016662,likely 2023-24,CAASPP,ELA,2310.0,Washington Elementary School,4,CAASPP_Tier_Data_Updated.csv,Medium,Year inferred from grade progression and 2024-25 roster alignment.
2006512,likely 2023-24,CAASPP,ELA,2386.0,Berkeley High School,11,CAASPP_Tier_Data_Updated.csv,Medium,Year inferred from grade progression and 2024-25 roster alignment.
2021145,likely 2023-24,CAASPP,ELA,2428.0,Longfellow Arts and Technology Middle,7,CAASPP_Tier_Data_Updated.csv,Medium,Year inferred from grade progression and 2024-25 roster alignment.
2024269,likely 2023-24,CAASPP,ELA,2365.0,Berkeley High School,9,CAASPP_Tier_Data_Updated.csv,Medium,Year inferred from grade progression and 2024-25 roster alignment.
2014925,likely 2023-24,CAASPP,ELA,2449.0,Longfellow Arts and Technology Middle,7,CAASPP_Tier_Data_Updated.csv,Medium,Year inferred from grade progression and 2024-25 roster alignment.
2014416,likely 2023-24,CAASPP,ELA,2339.0,Longfellow Arts and Technology Middle,7,CAASPP_Tier_Data_Updated.csv,Medium,Year inferred from grade progression and 2024-25 roster alignment.
2013294,likely 2023-24,CAASPP,ELA,2421.0,Martin Luther King Middle School,7,CAASPP_Tier_Data_Updated.csv,Medium,Year inferred from grade progression and 2024-25 roster alignment.
2023068,likely 2023-24,CAASPP,ELA,2292.0,Martin Luther King Middle School,8,CAASPP_Tier_Data_Updated.csv,Medium,Year inferred from grade progression and 2024-25 roster alignment.
2015405,likely 2023-24,CAASPP,ELA,2453.0,Martin Luther King Middle School,6,CAASPP_Tier_Data_Updated.csv,Medium,Year inferred from grade progression and 2024-25 roster alignment.
2021197,likely 2023-24,CAASPP,ELA,2382.0,John Muir Elementary School,5,CAASPP_Tier_Data_Updated.csv,Medium,Year inferred from grade progression and 2024-25 roster alignment.
2018349,likely 2023-24,CAASPP,ELA,2404.0,Malcolm X Elementary School,5,CAASPP_Tier_Data_Updated.csv,Medium,Year inferred from grade progression and 2024-25 roster alignment.
2011542,likely 2023-24,CAASPP,ELA,2477.0,Berkeley High School,9,CAASPP_Tier_Data_Updated.csv,Medium,Year inferred from grade progression and 2024-25 roster alignment.
2024156,likely 2023-24,CAASPP,ELA,2454.0,Willard Middle School,7,CAASPP_Tier_Data_Updated.csv,Medium,Year inferred from grade progression and 2024-25 roster alignment.
2013573,likely 2023-24,CAASPP,ELA,2347.0,Martin Luther King Middle School,8,CAASPP_Tier_Data_Updated.csv,Medium,Year inferred from grade progression and 2024-25 roster alignment.
2011779,likely 2023-24,CAASPP,ELA,2364.0,Longfellow Arts and Technology Middle,8,CAASPP_Tier_Data_Updated.csv,Medium,Year inferred from grade progression and 2024-25 roster alignment.
2016796,likely 2023-24,CAASPP,ELA,2380.0,Martin Luther King Middle School,6,CAASPP_Tier_Data_Updated.csv,Medium,Year inferred from grade progression and 2024-25 roster alignment.
2005346,likely 2023-24,CAASPP,ELA,2374.0,Berkeley High School,12,CAASPP_Tier_Data_Updated.csv,Medium,Year inferred from grade progression and 2024-25 roster alignment.
2016073,likely 2023-24,CAASPP,ELA,2434.0,Martin Luther King Middle School,6,CAASPP_Tier_Data_Updated.csv,Medium,Year inferred from grade progression and 2024-25 roster alignment.
2016833,likely 2023-24,CAASPP,ELA,2422.0,Longfellow Arts and Technology Middle,6,CAASPP_Tier_Data_Updated.csv,Medium,Year inferred from grade progression and 2024-25 roster alignment.
2012520,likely 2023-24,CAASPP,ELA,2260.0,Longfellow Arts and Technology Middle,8,CAASPP_Tier_Data_Updated.csv,Medium,Year inferred from grade progression and 2024-25 roster alignment.
2018136,likely 2023-24,CAASPP,ELA,2370.0,Ruth Acty Elementary School,5,CAASPP_Tier_Data_Updated.csv,Medium,Year inferred from grade progression and 2024-25 roster alignment.
2016240,likely 2023-24,CAASPP,ELA,2342.0,Martin Luther King Middle School,6,CAASPP_Tier_Data_Updated.csv,Medium,Year inferred from grade progression and 2024-25 roster alignment.
2006328,likely 2023-24,CAASPP,ELA,2300.0,Berkeley Technology Academy,12,CAASPP_Tier_Data_Updated.csv,Medium,Year inferred from grade progression and 2024-25 roster alignment.
2010981,likely 2023-24,CAASPP,ELA,2290.0,Berkeley High School,9,CAASPP_Tier_Data_Updated.csv,Medium,Year inferred from grade progression and 2024-25 roster alignment.
2018003,likely 2023-24,CAASPP,ELA,2356.0,Malcolm X Elementary School,4,CAASPP_Tier_Data_Updated.csv,Medium,Year inferred from grade progression and 2024-25 roster alignment.
2020789,likely 2023-24,CAASPP,ELA,2304.0,Willard Middle School,7,CAASPP_Tier_Data_Updated.csv,Medium,Year inferred from grade progression and 2024-25 roster alignment.
2023746,likely 2023-24,CAASPP,ELA,2479.0,Berkeley High School,9,CAASPP_Tier_Data_Updated.csv,Medium,Year inferred from grade progression and 2024-25 roster alignment.
2013068,likely 2023-24,CAASPP,ELA,2456.0,Martin Luther King Middle School,7,CAASPP_Tier_Data_Updated.csv,Medium,Year inferred from grade progression and 2024-25 roster alignment.
2017859,likely 2023-24,CAASPP,ELA,2346.0,Sylvia Mendez Elementary School,4,CAASPP_Tier_Data_Updated.csv,Medium,Year inferred from grade progression and 2024-25 roster alignment.
2014628,likely 2023-24,CAASPP,ELA,2417.0,Martin Luther King Middle School,6,CAASPP_Tier_Data_Updated.csv,Medium,Year inferred from grade progression and 2024-25 roster alignment.
2018648,likely 2023-24,CAASPP,ELA,2387.0,Oxford Elementary School,5,CAASPP_Tier_Data_Updated.csv,Medium,Year inferred from grade progression and 2024-25 roster alignment.
2019518,likely 2023-24,CAASPP,ELA,2365.0,Malcolm X Elementary School,4,CAASPP_Tier_Data_Updated.csv,Medium,Year inferred from grade progression and 2024-25 roster alignment.
2018388,likely 2023-24,CAASPP,ELA,2332.0,Emerson Elementary School,4,CAASPP_Tier_Data_Updated.csv,Medium,Year inferred from grade progression and 2024-25 roster alignment.
2005556,likely 2023-24,CAASPP,ELA,2300.0,Berkeley High School,12,CAASPP_Tier_Data_Updated.csv,Medium,Year inferred from grade progression and 2024-25 roster alignment.
2005557,likely 2023-24,CAASPP,ELA,2300.0,Berkeley High School,12,CAASPP_Tier_Data_Updated.csv,Medium,Year inferred from grade progression and 2024-25 roster alignment.
2018389,likely 2023-24,CAASPP,ELA,2415.0,Rosa Parks Elementary School,5,CAASPP_Tier_Data_Updated.csv,Medium,Year inferred from grade progression and 2024-25 roster alignment.
2014714,likely 2023-24,CAASPP,ELA,2363.0,Martin Luther King Middle School,6,CAASPP_Tier_Data_Updated.csv,Medium,Year inferred from grade progression and 2024-25 roster alignment.
2018712,likely 2023-24,CAASPP,ELA,2294.0,Martin Luther King Middle School,8,CAASPP_Tier_Data_Updated.csv,Medium,Year inferred from grade progression and 2024-25 roster alignment.
2017883,likely 2023-24,CAASPP,ELA,2322.0,Washington Elementary School,4,CAASPP_Tier_Data_Updated.csv,Medium,Year inferred from grade progression and 2024-25 roster alignment.
2018035,likely 2023-24,CAASPP,ELA,2398.0,Sylvia Mendez Elementary School,5,CAASPP_Tier_Data_Updated.csv,Medium,Year inferred from grade progression and 2024-25 roster alignment.
2023924,likely 2023-24,CAASPP,ELA,2370.0,Longfellow Arts and Technology Middle,8,CAASPP_Tier_Data_Updated.csv,Medium,Year inferred from grade progression and 2024-25 roster alignment.
2013760,likely 2023-24,CAASPP,ELA,2459.0,Willard Middle School,8,CAASPP_Tier_Data_Updated.csv,Medium,Year inferred from grade progression and 2024-25 roster alignment.
2014148,likely 2023-24,CAASPP,ELA,2390.0,Willard Middle School,8,CAASPP_Tier_Data_Updated.csv,Medium,Year inferred from grade progression and 2024-25 roster alignment.
2017027,likely 2023-24,CAASPP,ELA,2487.0,Berkeley High School,12,CAASPP_Tier_Data_Updated.csv,Medium,Year inferred from grade progression and 2024-25 roster alignment.
2019467,likely 2023-24,CAASPP,ELA,2285.0,Washington Elementary School,4,CAASPP_Tier_Data_Updated.csv,Medium,Year inferred from grade progression and 2024-25 roster alignment.
2018392,likely 2023-24,CAASPP,ELA,2290.0,John Muir Elementary School,5,CAASPP_Tier_Data_Updated.csv,Medium,Year inferred from grade progression and 2024-25 roster alignment.
2024208,likely 2023-24,CAASPP,ELA,2437.0,Berkeley High School,12,CAASPP_Tier_Data_Updated.csv,Medium,Year inferred from grade progression and 2024-25 roster alignment.
2016932,likely 2023-24,CAASPP,ELA,2374.0,Washington Elementary School,5,CAASPP_Tier_Data_Updated.csv,Medium,Year inferred from grade progression and 2024-25 roster alignment.
2018582,likely 2023-24,CAASPP,ELA,2411.0,Longfellow Arts and Technology Middle,8,CAASPP_Tier_Data_Updated.csv,Medium,Year inferred from grade progression and 2024-25 roster alignment.
2014700,likely 2023-24,CAASPP,ELA,2408.0,Martin Luther King Middle School,6,CAASPP_Tier_Data_Updated.csv,Medium,Year inferred from grade progression and 2024-25 roster alignment.
2005291,likely 2023-24,CAASPP,ELA,2395.0,Berkeley High School,12,CAASPP_Tier_Data_Updated.csv,Medium,Year inferred from grade progression and 2024-25 roster alignment.
2005243,likely 2023-24,CAASPP,ELA,2453.0,Berkeley Technology Academy,12,CAASPP_Tier_Data_Updated.csv,Medium,Year inferred from grade progression and 2024-25 roster alignment.
2006922,likely 2023-24,CAASPP,ELA,2428.0,Berkeley High School,12,CAASPP_Tier_Data_Updated.csv,Medium,Year inferred from grade progression and 2024-25 roster alignment.
2006668,likely 2023-24,CAASPP,ELA,2435.0,Berkeley High School,12,CAASPP_Tier_Data_Updated.csv,Medium,Year inferred from grade progression and 2024-25 roster alignment.
2016113,likely 2023-24,CAASPP,ELA,2348.0,Martin Luther King Middle School,6,CAASPP_Tier_Data_Updated.csv,Medium,Year inferred from grade progression and 2024-25 roster alignment.
2017028,likely 2023-24,CAASPP,ELA,2438.0,Martin Luther King Middle School,6,CAASPP_Tier_Data_Updated.csv,Medium,Year inferred from grade progression and 2024-25 roster alignment.
2014546,likely 2023-24,CAASPP,ELA,2425.0,Longfellow Arts and Technology Middle,7,CAASPP_Tier_Data_Updated.csv,Medium,Year inferred from grade progression and 2024-25 roster alignment.
2012854,likely 2023-24,CAASPP,ELA,2382.0,Longfellow Arts and Technology Middle,8,CAASPP_Tier_Data_Updated.csv,Medium,Year inferred from grade progression and 2024-25 roster alignment.
2014928,likely 2023-24,CAASPP,ELA,2435.0,Willard Middle School,7,CAASPP_Tier_Data_Updated.csv,Medium,Year inferred from grade progression and 2024-25 roster alignment.
2008587,likely 2023-24,CAASPP,ELA,2448.0,Berkeley Technology Academy,12,CAASPP_Tier_Data_Updated.csv,Medium,Year inferred from grade progression and 2024-25 roster alignment.
2006545,likely 2023-24,CAASPP,ELA,2300.0,Berkeley High School,12,CAASPP_Tier_Data_Updated.csv,Medium,Year inferred from grade progression and 2024-25 roster alignment.
2013545,likely 2023-24,CAASPP,ELA,2475.0,Longfellow Arts and Technology Middle,8,CAASPP_Tier_Data_Updated.csv,Medium,Year inferred from grade progression and 2024-25 roster alignment.
2017001,likely 2023-24,CAASPP,ELA,2337.0,Berkeley High School,12,CAASPP_Tier_Data_Updated.csv,Medium,Year inferred from grade progression and 2024-25 roster alignment.
2017864,likely 2023-24,CAASPP,ELA,2349.0,John Muir Elementary School,5,CAASPP_Tier_Data_Updated.csv,Medium,Year inferred from grade progression and 2024-25 roster alignment.
2018395,likely 2023-24,CAASPP,ELA,2358.0,Berkeley High School,12,CAASPP_Tier_Data_Updated.csv,Medium,Year inferred from grade progression and 2024-25 roster alignment.
2019545,likely 2023-24,CAASPP,ELA,2309.0,Thousand Oaks Elementary School,4,CAASPP_Tier_Data_Updated.csv,Medium,Year inferred from grade progression and 2024-25 roster alignment.
2011370,likely 2023-24,CAASPP,ELA,2469.0,Martin Luther King Middle School,8,CAASPP_Tier_Data_Updated.csv,Medium,Year inferred from grade progression and 2024-25 roster alignment.
2021137,likely 2023-24,CAASPP,ELA,2258.0,Berkeley Arts Magnet Elementary School,3,CAASPP_Tier_Data_Updated.csv,Medium,Year inferred from grade progression and 2024-25 roster alignment.
2014782,likely 2023-24,CAASPP,ELA,2366.0,Martin Luther King Middle School,7,CAASPP_Tier_Data_Updated.csv,Medium,Year inferred from grade progression and 2024-25 roster alignment.
2018417,likely 2023-24,CAASPP,ELA,2306.0,Malcolm X Elementary School,4,CAASPP_Tier_Data_Updated.csv,Medium,Year inferred from grade progression and 2024-25 roster alignment.
2013074,likely 2023-24,CAASPP,ELA,2338.0,Longfellow Arts and Technology Middle,7,CAASPP_Tier_Data_Updated.csv,Medium,Year inferred from grade progression and 2024-25 roster alignment.
2017609,likely 2023-24,CAASPP,ELA,2360.0,John Muir Elementary School,4,CAASPP_Tier_Data_Updated.csv,Medium,Year inferred from grade progression and 2024-25 roster alignment.
2017803,likely 2023-24,CAASPP,ELA,2387.0,Thousand Oaks Elementary School,5,CAASPP_Tier_Data_Updated.csv,Medium,Year inferred from grade progression and 2024-25 roster alignment.
2015040,likely 2023-24,CAASPP,ELA,2437.0,Martin Luther King Middle School,7,CAASPP_Tier_Data_Updated.csv,Medium,Year inferred from grade progression and 2024-25 roster alignment.
2013135,likely 2023-24,CAASPP,ELA,2446.0,Martin Luther King Middle School,7,CAASPP_Tier_Data_Updated.csv,Medium,Year inferred from grade progression and 2024-25 roster alignment.
2013276,likely 2023-24,CAASPP,ELA,2366.0,Martin Luther King Middle School,7,CAASPP_Tier_Data_Updated.csv,Medium,Year inferred from grade progression and 2024-25 roster alignment.
2014053,likely 2023-24,CAASPP,ELA,2339.0,Berkeley Technology Academy,12,CAASPP_Tier_Data_Updated.csv,Medium,Year inferred from grade progression and 2024-25 roster alignment.
2011693,likely 2023-24,CAASPP,ELA,2477.0,Martin Luther King Middle School,8,CAASPP_Tier_Data_Updated.csv,Medium,Year inferred from grade progression and 2024-25 roster alignment.
2022618,likely 2023-24,CAASPP,ELA,2445.0,Berkeley High School,9,CAASPP_Tier_Data_Updated.csv,Medium,Year inferred from grade progression and 2024-25 roster alignment.
2011122,likely 2023-24,CAASPP,ELA,2451.0,Berkeley High School,9,CAASPP_Tier_Data_Updated.csv,Medium,Year inferred from grade progression and 2024-25 roster alignment.
2018780,likely 2023-24,CAASPP,ELA,2387.0,Berkeley Arts Magnet Elementary School,5,CAASPP_Tier_Data_Updated.csv,Medium,Year inferred from grade progression and 2024-25 roster alignment.
2014476,likely 2023-24,CAASPP,ELA,2309.0,Martin Luther King Middle School,8,CAASPP_Tier_Data_Updated.csv,Medium,Year inferred from grade progression and 2024-25 roster alignment.
2017975,likely 2023-24,CAASPP,ELA,2404.0,Malcolm X Elementary School,5,CAASPP_Tier_Data_Updated.csv,Medium,Year inferred from grade progression and 2024-25 roster alignment.
2013060,likely 2023-24,CAASPP,ELA,2403.0,Martin Luther King Middle School,7,CAASPP_Tier_Data_Updated.csv,Medium,Year inferred from grade progression and 2024-25 roster alignment.
2015410,likely 2023-24,CAASPP,ELA,2383.0,Martin Luther King Middle School,7,CAASPP_Tier_Data_Updated.csv,Medium,Year inferred from grade progression and 2024-25 roster alignment.
2016590,likely 2023-24,CAASPP,ELA,2321.0,Sylvia Mendez Elementary School,5,CAASPP_Tier_Data_Updated.csv,Medium,Year inferred from grade progression and 2024-25 roster alignment.
2021365,likely 2023-24,CAASPP,ELA,2430.0,Willard Middle School,8,CAASPP_Tier_Data_Updated.csv,Medium,Year inferred from grade progression and 2024-25 roster alignment.
2004270,likely 2023-24,CAASPP,ELA,2445.0,Berkeley High School,12,CAASPP_Tier_Data_Updated.csv,Medium,Year inferred from grade progression and 2024-25 roster alignment.
2013850,likely 2023-24,CAASPP,ELA,2338.0,Cragmont Elementary School,5,CAASPP_Tier_Data_Updated.csv,Medium,Year inferred from grade progression and 2024-25 roster alignment.
2015690,likely 2023-24,CAASPP,ELA,2406.0,Martin Luther King Middle School,6,CAASPP_Tier_Data_Updated.csv,Medium,Year inferred from grade progression and 2024-25 roster alignment.
2012736,likely 2023-24,CAASPP,ELA,2385.0,Longfellow Arts and Technology Middle,8,CAASPP_Tier_Data_Updated.csv,Medium,Year inferred from grade progression and 2024-25 roster alignment.
2019112,likely 2023-24,CAASPP,ELA,2322.0,Sylvia Mendez Elementary School,4,CAASPP_Tier_Data_Updated.csv,Medium,Year inferred from grade progression and 2024-25 roster alignment.
2024458,likely 2023-24,CAASPP,ELA,2321.0,John Muir Elementary School,4,CAASPP_Tier_Data_Updated.csv,Medium,Year inferred from grade progression and 2024-25 roster alignment.
2005388,likely 2023-24,CAASPP,ELA,2475.0,Berkeley High School,12,CAASPP_Tier_Data_Updated.csv,Medium,Year inferred from grade progression and 2024-25 roster alignment.
2021318,likely 2023-24,CAASPP,ELA,2443.0,Martin Luther King Middle School,7,CAASPP_Tier_Data_Updated.csv,Medium,Year inferred from grade progression and 2024-25 roster alignment.
2015188,likely 2023-24,CAASPP,ELA,2416.0,Willard Middle School,7,CAASPP_Tier_Data_Updated.csv,Medium,Year inferred from grade progression and 2024-25 roster alignment.
2023863,likely 2023-24,CAASPP,ELA,2353.0,Martin Luther King Middle School,8,CAASPP_Tier_Data_Updated.csv,Medium,Year inferred from grade progression and 2024-25 roster alignment.
2010913,likely 2023-24,CAASPP,ELA,2450.0,Berkeley High School,9,CAASPP_Tier_Data_Updated.csv,Medium,Year inferred from grade progression and 2024-25 roster alignment.
2013280,likely 2023-24,CAASPP,ELA,2429.0,Longfellow Arts and Technology Middle,7,CAASPP_Tier_Data_Updated.csv,Medium,Year inferred from grade progression and 2024-25 roster alignment.
2017038,likely 2023-24,CAASPP,ELA,2358.0,Willard Middle School,6,CAASPP_Tier_Data_Updated.csv,Medium,Year inferred from grade progression and 2024-25 roster alignment.
2022702,likely 2023-24,CAASPP,ELA,2290.0,Berkeley High School,9,CAASPP_Tier_Data_Updated.csv,Medium,Year inferred from grade progression and 2024-25 roster alignment.
2018083,likely 2023-24,CAASPP,ELA,2359.0,Rosa Parks Elementary School,5,CAASPP_Tier_Data_Updated.csv,Medium,Year inferred from grade progression and 2024-25 roster alignment.
2017312,likely 2023-24,CAASPP,ELA,2326.0,Malcolm X Elementary School,4,CAASPP_Tier_Data_Updated.csv,Medium,Year inferred from grade progression and 2024-25 roster alignment.
2016615,likely 2023-24,CAASPP,ELA,2415.0,Longfellow Arts and Technology Middle,6,CAASPP_Tier_Data_Updated.csv,Medium,Year inferred from grade progression and 2024-25 roster alignment.
2014015,likely 2023-24,CAASPP,ELA,2411.0,Malcolm X Elementary School,5,CAASPP_Tier_Data_Updated.csv,Medium,Year inferred from grade progression and 2024-25 roster alignment.
2021947,likely 2023-24,CAASPP,ELA,2366.0,Cragmont Elementary School,5,CAASPP_Tier_Data_Updated.csv,Medium,Year inferred from grade progression and 2024-25 roster alignment.
2005796,likely 2023-24,CAASPP,ELA,2438.0,Berkeley Technology Academy,12,CAASPP_Tier_Data_Updated.csv,Medium,Year inferred from grade progression and 2024-25 roster alignment.
2013126,likely 2023-24,CAASPP,ELA,2378.0,Martin Luther King Middle School,7,CAASPP_Tier_Data_Updated.csv,Medium,Year inferred from grade progression and 2024-25 roster alignment.
2013239,likely 2023-24,CAASPP,ELA,2400.0,Longfellow Arts and Technology Middle,8,CAASPP_Tier_Data_Updated.csv,Medium,Year inferred from grade progression and 2024-25 roster alignment.
2005850,likely 2023-24,CAASPP,ELA,2412.0,Berkeley High School,12,CAASPP_Tier_Data_Updated.csv,Medium,Year inferred from grade progression and 2024-25 roster alignment.
2017594,likely 2023-24,CAASPP,ELA,2377.0,Emerson Elementary School,5,CAASPP_Tier_Data_Updated.csv,Medium,Year inferred from grade progression and 2024-25 roster alignment.
2022356,likely 2023-24,CAASPP,ELA,2315.0,Martin Luther King Middle School,7,CAASPP_Tier_Data_Updated.csv,Medium,Year inferred from grade progression and 2024-25 roster alignment.
2005735,likely 2023-24,CAASPP,ELA,2371.0,Berkeley High School,12,CAASPP_Tier_Data_Updated.csv,Medium,Year inferred from grade progression and 2024-25 roster alignment.
2023998,likely 2023-24,CAASPP,ELA,2427.0,Martin Luther King Middle School,7,CAASPP_Tier_Data_Updated.csv,Medium,Year inferred from grade progression and 2024-25 roster alignment.
2018465,likely 2023-24,CAASPP,ELA,2360.0,Washington Elementary School,5,CAASPP_Tier_Data_Updated.csv,Medium,Year inferred from grade progression and 2024-25 roster alignment.
2019356,likely 2023-24,CAASPP,ELA,2348.0,Cragmont Elementary School,4,CAASPP_Tier_Data_Updated.csv,Medium,Year inferred from grade progression and 2024-25 roster alignment.
2024199,likely 2023-24,CAASPP,ELA,2300.0,Malcolm X Elementary School,5,CAASPP_Tier_Data_Updated.csv,Medium,Year inferred from grade progression and 2024-25 roster alignment.
2024200,likely 2023-24,CAASPP,ELA,2399.0,Martin Luther King Middle School,8,CAASPP_Tier_Data_Updated.csv,Medium,Year inferred from grade progression and 2024-25 roster alignment.
2024198,likely 2023-24,CAASPP,ELA,2425.0,Berkeley High School,12,CAASPP_Tier_Data_Updated.csv,Medium,Year inferred from grade progression and 2024-25 roster alignment.
2018281,likely 2023-24,CAASPP,ELA,2422.0,Willard Middle School,6,CAASPP_Tier_Data_Updated.csv,Medium,Year inferred from grade progression and 2024-25 roster alignment.
2013389,likely 2023-24,CAASPP,ELA,2478.0,Martin Luther King Middle School,8,CAASPP_Tier_Data_Updated.csv,Medium,Year inferred from grade progression and 2024-25 roster alignment.
2018525,likely 2023-24,CAASPP,ELA,2402.0,Malcolm X Elementary School,5,CAASPP_Tier_Data_Updated.csv,Medium,Year inferred from grade progression and 2024-25 roster alignment.
2018174,likely 2023-24,CAASPP,ELA,2357.0,Emerson Elementary School,5,CAASPP_Tier_Data_Updated.csv,Medium,Year inferred from grade progression and 2024-25 roster alignment.
2024552,likely 2023-24,CAASPP,ELA,2460.0,Berkeley High School,9,CAASPP_Tier_Data_Updated.csv,Medium,Year inferred from grade progression and 2024-25 roster alignment.
2017800,likely 2023-24,CAASPP,ELA,2319.0,Thousand Oaks Elementary School,4,CAASPP_Tier_Data_Updated.csv,Medium,Year inferred from grade progression and 2024-25 roster alignment.
2012566,likely 2023-24,CAASPP,ELA,2468.0,Martin Luther King Middle School,8,CAASPP_Tier_Data_Updated.csv,Medium,Year inferred from grade progression and 2024-25 roster alignment.
2005733,likely 2023-24,CAASPP,ELA,2414.0,Berkeley Technology Academy,12,CAASPP_Tier_Data_Updated.csv,Medium,Year inferred from grade progression and 2024-25 roster alignment.
2021344,likely 2023-24,CAASPP,ELA,2486.0,Berkeley High School,12,CAASPP_Tier_Data_Updated.csv,Medium,Year inferred from grade progression and 2024-25 roster alignment.
2013648,likely 2023-24,CAASPP,ELA,2336.0,Willard Middle School,8,CAASPP_Tier_Data_Updated.csv,Medium,Year inferred from grade progression and 2024-25 roster alignment.
2016226,likely 2023-24,CAASPP,ELA,2397.0,John Muir Elementary School,5,CAASPP_Tier_Data_Updated.csv,Medium,Year inferred from grade progression and 2024-25 roster alignment.
2019825,likely 2023-24,CAASPP,ELA,2303.0,Rosa Parks Elementary School,4,CAASPP_Tier_Data_Updated.csv,Medium,Year inferred from grade progression and 2024-25 roster alignment.
2013739,likely 2023-24,CAASPP,ELA,2471.0,Martin Luther King Middle School,8,CAASPP_Tier_Data_Updated.csv,Medium,Year inferred from grade progression and 2024-25 roster alignment.
2023525,likely 2023-24,CAASPP,ELA,2359.0,Berkeley High School,12,CAASPP_Tier_Data_Updated.csv,Medium,Year inferred from grade progression and 2024-25 roster alignment.
2016870,likely 2023-24,CAASPP,ELA,2309.0,Longfellow Arts and Technology Middle,6,CAASPP_Tier_Data_Updated.csv,Medium,Year inferred from grade progression and 2024-25 roster alignment.
2017548,likely 2023-24,CAASPP,ELA,2386.0,Sylvia Mendez Elementary School,5,CAASPP_Tier_Data_Updated.csv,Medium,Year inferred from grade progression and 2024-25 roster alignment.
2018917,likely 2023-24,CAASPP,ELA,2355.0,Malcolm X Elementary School,4,CAASPP_Tier_Data_Updated.csv,Medium,Year inferred from grade progression and 2024-25 roster alignment.
2013394,likely 2023-24,CAASPP,ELA,2348.0,Longfellow Arts and Technology Middle,7,CAASPP_Tier_Data_Updated.csv,Medium,Year inferred from grade progression and 2024-25 roster alignment.
2010721,likely 2023-24,CAASPP,ELA,2418.0,Berkeley High School,9,CAASPP_Tier_Data_Updated.csv,Medium,Year inferred from grade progression and 2024-25 roster alignment.
2019391,likely 2023-24,CAASPP,ELA,2357.0,Malcolm X Elementary School,4,CAASPP_Tier_Data_Updated.csv,Medium,Year inferred from grade progression and 2024-25 roster alignment.
2015291,likely 2023-24,CAASPP,ELA,2400.0,Martin Luther King Middle School,7,CAASPP_Tier_Data_Updated.csv,Medium,Year inferred from grade progression and 2024-25 roster alignment.
2012137,likely 2023-24,CAASPP,ELA,2389.0,Martin Luther King Middle School,8,CAASPP_Tier_Data_Updated.csv,Medium,Year inferred from grade progression and 2024-25 roster alignment.
2017072,likely 2023-24,CAASPP,ELA,2359.0,Martin Luther King Middle School,6,CAASPP_Tier_Data_Updated.csv,Medium,Year inferred from grade progression and 2024-25 roster alignment.
2009098,likely 2023-24,CAASPP,ELA,2466.0,Berkeley High School,9,CAASPP_Tier_Data_Updated.csv,Medium,Year inferred from grade progression and 2024-25 roster alignment.
2019167,likely 2023-24,CAASPP,ELA,2169.0,Thousand Oaks Elementary School,4,CAASPP_Tier_Data_Updated.csv,Medium,Year inferred from grade progression and 2024-25 roster alignment.
2016556,likely 2023-24,CAASPP,ELA,2358.0,Thousand Oaks Elementary School,5,CAASPP_Tier_Data_Updated.csv,Medium,Year inferred from grade progression and 2024-25 roster alignment.
2014632,likely 2023-24,CAASPP,ELA,2411.0,Longfellow Arts and Technology Middle,6,CAASPP_Tier_Data_Updated.csv,Medium,Year inferred from grade progression and 2024-25 roster alignment.
2012242,likely 2023-24,CAASPP,ELA,2290.0,Berkeley High School,9,CAASPP_Tier_Data_Updated.csv,Medium,Year inferred from grade progression and 2024-25 roster alignment.
2011071,likely 2023-24,CAASPP,ELA,2548.0,Berkeley High School,9,CAASPP_Tier_Data_Updated.csv,Medium,Year inferred from grade progression and 2024-25 roster alignment.
2011410,likely 2023-24,CAASPP,ELA,2498.0,Longfellow Arts and Technology Middle,8,CAASPP_Tier_Data_Updated.csv,Medium,Year inferred from grade progression and 2024-25 roster alignment.
2022836,likely 2023-24,CAASPP,ELA,2426.0,Washington Elementary School,4,CAASPP_Tier_Data_Updated.csv,Medium,Year inferred from grade progression and 2024-25 roster alignment.
2022885,likely 2023-24,CAASPP,ELA,2574.0,Berkeley High School,12,CAASPP_Tier_Data_Updated.csv,Medium,Year inferred from grade progression and 2024-25 roster alignment.
2018559,likely 2023-24,CAASPP,ELA,2495.0,Martin Luther King Middle School,6,CAASPP_Tier_Data_Updated.csv,Medium,Year inferred from grade progression and 2024-25 roster alignment.
2019247,likely 2023-24,CAASPP,ELA,2409.0,Malcolm X Elementary School,4,CAASPP_Tier_Data_Updated.csv,Medium,Year inferred from grade progression and 2024-25 roster alignment.
2018279,likely 2023-24,CAASPP,ELA,2418.0,Berkeley Arts Magnet Elementary School,5,CAASPP_Tier_Data_Updated.csv,Medium,Year inferred from grade progression and 2024-25 roster alignment.
2013212,likely 2023-24,CAASPP,ELA,2533.0,Willard Middle School,8,CAASPP_Tier_Data_Updated.csv,Medium,Year inferred from grade progression and 2024-25 roster alignment.
2015450,likely 2023-24,CAASPP,ELA,2519.0,Longfellow Arts and Technology Middle,7,CAASPP_Tier_Data_Updated.csv,Medium,Year inferred from grade progression and 2024-25 roster alignment.
2015452,likely 2023-24,CAASPP,ELA,2532.0,Berkeley High School,9,CAASPP_Tier_Data_Updated.csv,Medium,Year inferred from grade progression and 2024-25 roster alignment.
2011093,likely 2023-24,CAASPP,ELA,2543.0,Berkeley High School,9,CAASPP_Tier_Data_Updated.csv,Medium,Year inferred from grade progression and 2024-25 roster alignment.
2015848,likely 2023-24,CAASPP,ELA,2500.0,Martin Luther King Middle School,6,CAASPP_Tier_Data_Updated.csv,Medium,Year inferred from grade progression and 2024-25 roster alignment.
2016778,likely 2023-24,CAASPP,ELA,2484.0,Willard Middle School,6,CAASPP_Tier_Data_Updated.csv,Medium,Year inferred from grade progression and 2024-25 roster alignment.
2018993,likely 2023-24,CAASPP,ELA,2410.0,Sylvia Mendez Elementary School,4,CAASPP_Tier_Data_Updated.csv,Medium,Year inferred from grade progression and 2024-25 roster alignment.
2009813,likely 2023-24,CAASPP,ELA,2489.0,Berkeley High School,9,CAASPP_Tier_Data_Updated.csv,Medium,Year inferred from grade progression and 2024-25 roster alignment.
2019068,likely 2023-24,CAASPP,ELA,2415.0,Sylvia Mendez Elementary School,4,CAASPP_Tier_Data_Updated.csv,Medium,Year inferred from grade progression and 2024-25 roster alignment.
2018672,likely 2023-24,CAASPP,ELA,2559.0,Berkeley High School,9,CAASPP_Tier_Data_Updated.csv,Medium,Year inferred from grade progression and 2024-25 roster alignment.
2023562,likely 2023-24,CAASPP,ELA,2464.0,Rosa Parks Elementary School,5,CAASPP_Tier_Data_Updated.csv,Medium,Year inferred from grade progression and 2024-25 roster alignment.
2022640,likely 2023-24,CAASPP,ELA,2436.0,John Muir Elementary School,5,CAASPP_Tier_Data_Updated.csv,Medium,Year inferred from grade progression and 2024-25 roster alignment.
2023860,likely 2023-24,CAASPP,ELA,2522.0,Berkeley High School,9,CAASPP_Tier_Data_Updated.csv,Medium,Year inferred from grade progression and 2024-25 roster alignment.
2012619,likely 2023-24,CAASPP,ELA,2499.0,Longfellow Arts and Technology Middle,8,CAASPP_Tier_Data_Updated.csv,Medium,Year inferred from grade progression and 2024-25 roster alignment.
2019582,likely 2023-24,CAASPP,ELA,2464.0,Washington Elementary School,5,CAASPP_Tier_Data_Updated.csv,Medium,Year inferred from grade progression and 2024-25 roster alignment.
2023791,likely 2023-24,CAASPP,ELA,2447.0,Malcolm X Elementary School,5,CAASPP_Tier_Data_Updated.csv,Medium,Year inferred from grade progression and 2024-25 roster alignment.
2018773,likely 2023-24,CAASPP,ELA,2538.0,Longfellow Arts and Technology Middle,8,CAASPP_Tier_Data_Updated.csv,Medium,Year inferred from grade progression and 2024-25 roster alignment.
2012356,likely 2023-24,CAASPP,ELA,2493.0,Longfellow Arts and Technology Middle,8,CAASPP_Tier_Data_Updated.csv,Medium,Year inferred from grade progression and 2024-25 roster alignment.
2011154,likely 2023-24,CAASPP,ELA,2560.0,Berkeley High School,9,CAASPP_Tier_Data_Updated.csv,Medium,Year inferred from grade progression and 2024-25 roster alignment.
2018334,likely 2023-24,CAASPP,ELA,2469.0,Cragmont Elementary School,5,CAASPP_Tier_Data_Updated.csv,Medium,Year inferred from grade progression and 2024-25 roster alignment.
2015643,likely 2023-24,CAASPP,ELA,2510.0,Berkeley High School,9,CAASPP_Tier_Data_Updated.csv,Medium,Year inferred from grade progression and 2024-25 roster alignment.
2017280,likely 2023-24,CAASPP,ELA,2368.0,Malcolm X Elementary School,4,CAASPP_Tier_Data_Updated.csv,Medium,Year inferred from grade progression and 2024-25 roster alignment.
2017610,likely 2023-24,CAASPP,ELA,2449.0,Ruth Acty Elementary School,5,CAASPP_Tier_Data_Updated.csv,Medium,Year inferred from grade progression and 2024-25 roster alignment.
2017847,likely 2023-24,CAASPP,ELA,2374.0,Berkeley Arts Magnet Elementary School,4,CAASPP_Tier_Data_Updated.csv,Medium,Year inferred from grade progression and 2024-25 roster alignment.
2015020,likely 2023-24,CAASPP,ELA,2493.0,Berkeley High School,9,CAASPP_Tier_Data_Updated.csv,Medium,Year inferred from grade progression and 2024-25 roster alignment.
2011751,likely 2023-24,CAASPP,ELA,2543.0,Berkeley High School,9,CAASPP_Tier_Data_Updated.csv,Medium,Year inferred from grade progression and 2024-25 roster alignment.
2014971,likely 2023-24,CAASPP,ELA,2470.0,Longfellow Arts and Technology Middle,7,CAASPP_Tier_Data_Updated.csv,Medium,Year inferred from grade progression and 2024-25 roster alignment.
2014279,likely 2023-24,CAASPP,ELA,2497.0,Longfellow Arts and Technology Middle,7,CAASPP_Tier_Data_Updated.csv,Medium,Year inferred from grade progression and 2024-25 roster alignment.
2011139,likely 2023-24,CAASPP,ELA,2543.0,Berkeley High School,9,CAASPP_Tier_Data_Updated.csv,Medium,Year inferred from grade progression and 2024-25 roster alignment.
2019320,likely 2023-24,CAASPP,ELA,2380.0,Cragmont Elementary School,4,CAASPP_Tier_Data_Updated.csv,Medium,Year inferred from grade progression and 2024-25 roster alignment.
2022594,likely 2023-24,CAASPP,ELA,2560.0,Berkeley High School,12,CAASPP_Tier_Data_Updated.csv,Medium,Year inferred from grade progression and 2024-25 roster alignment.
2015498,likely 2023-24,CAASPP,ELA,2459.0,Willard Middle School,6,CAASPP_Tier_Data_Updated.csv,Medium,Year inferred from grade progression and 2024-25 roster alignment.
2024102,likely 2023-24,CAASPP,ELA,2391.0,Rosa Parks Elementary School,4,CAASPP_Tier_Data_Updated.csv,Medium,Year inferred from grade progression and 2024-25 roster alignment.
2011124,likely 2023-24,CAASPP,ELA,2533.0,Berkeley High School,9,CAASPP_Tier_Data_Updated.csv,Medium,Year inferred from grade progression and 2024-25 roster alignment.
2006461,likely 2023-24,CAASPP,ELA,2495.0,Berkeley High School,12,CAASPP_Tier_Data_Updated.csv,Medium,Year inferred from grade progression and 2024-25 roster alignment.
2013610,likely 2023-24,CAASPP,ELA,2483.0,Longfellow Arts and Technology Middle,8,CAASPP_Tier_Data_Updated.csv,Medium,Year inferred from grade progression and 2024-25 roster alignment.
2014698,likely 2023-24,CAASPP,ELA,2444.0,Longfellow Arts and Technology Middle,6,CAASPP_Tier_Data_Updated.csv,Medium,Year inferred from grade progression and 2024-25 roster alignment.
2014699,likely 2023-24,CAASPP,ELA,2486.0,Longfellow Arts and Technology Middle,6,CAASPP_Tier_Data_Updated.csv,Medium,Year inferred from grade progression and 2024-25 roster alignment.
2005214,likely 2023-24,CAASPP,ELA,2542.0,Berkeley High School,12,CAASPP_Tier_Data_Updated.csv,Medium,Year inferred from grade progression and 2024-25 roster alignment.
2017850,likely 2023-24,CAASPP,ELA,2467.0,Cragmont Elementary School,5,CAASPP_Tier_Data_Updated.csv,Medium,Year inferred from grade progression and 2024-25 roster alignment.
2012655,likely 2023-24,CAASPP,ELA,2503.0,Martin Luther King Middle School,8,CAASPP_Tier_Data_Updated.csv,Medium,Year inferred from grade progression and 2024-25 roster alignment.
2024254,likely 2023-24,CAASPP,ELA,2501.0,Berkeley High School,9,CAASPP_Tier_Data_Updated.csv,Medium,Year inferred from grade progression and 2024-25 roster alignment.
2013113,likely 2023-24,CAASPP,ELA,2519.0,Longfellow Arts and Technology Middle,7,CAASPP_Tier_Data_Updated.csv,Medium,Year inferred from grade progression and 2024-25 roster alignment.
2021032,likely 2023-24,CAASPP,ELA,2475.0,Emerson Elementary School,5,CAASPP_Tier_Data_Updated.csv,Medium,Year inferred from grade progression and 2024-25 roster alignment.
2016787,likely 2023-24,CAASPP,ELA,2454.0,Longfellow Arts and Technology Middle,6,CAASPP_Tier_Data_Updated.csv,Medium,Year inferred from grade progression and 2024-25 roster alignment.
2011547,likely 2023-24,CAASPP,ELA,2564.0,Martin Luther King Middle School,8,CAASPP_Tier_Data_Updated.csv,Medium,Year inferred from grade progression and 2024-25 roster alignment.
2020528,likely 2023-24,CAASPP,ELA,2519.0,Longfellow Arts and Technology Middle,8,CAASPP_Tier_Data_Updated.csv,Medium,Year inferred from grade progression and 2024-25 roster alignment.
2016395,likely 2023-24,CAASPP,ELA,2550.0,Longfellow Arts and Technology Middle,8,CAASPP_Tier_Data_Updated.csv,Medium,Year inferred from grade progression and 2024-25 roster alignment.
2021215,likely 2023-24,CAASPP,ELA,2541.0,Berkeley High School,12,CAASPP_Tier_Data_Updated.csv,Medium,Year inferred from grade progression and 2024-25 roster alignment.
2022131,likely 2023-24,CAASPP,ELA,2437.0,Cragmont Elementary School,5,CAASPP_Tier_Data_Updated.csv,Medium,Year inferred from grade progression and 2024-25 roster alignment.
2014916,likely 2023-24,CAASPP,ELA,2470.0,Willard Middle School,7,CAASPP_Tier_Data_Updated.csv,Medium,Year inferred from grade progression and 2024-25 roster alignment.
2012995,likely 2023-24,CAASPP,ELA,2493.0,Willard Middle School,8,CAASPP_Tier_Data_Updated.csv,Medium,Year inferred from grade progression and 2024-25 roster alignment.
2014919,likely 2023-24,CAASPP,ELA,2467.0,Willard Middle School,7,CAASPP_Tier_Data_Updated.csv,Medium,Year inferred from grade progression and 2024-25 roster alignment.
2013295,likely 2023-24,CAASPP,ELA,2490.0,Longfellow Arts and Technology Middle,7,CAASPP_Tier_Data_Updated.csv,Medium,Year inferred from grade progression and 2024-25 roster alignment.
2011889,likely 2023-24,CAASPP,ELA,2483.0,Longfellow Arts and Technology Middle,8,CAASPP_Tier_Data_Updated.csv,Medium,Year inferred from grade progression and 2024-25 roster alignment.
2012514,likely 2023-24,CAASPP,ELA,2527.0,Martin Luther King Middle School,8,CAASPP_Tier_Data_Updated.csv,Medium,Year inferred from grade progression and 2024-25 roster alignment.
2006701,likely 2023-24,CAASPP,ELA,2514.0,Berkeley High School,11,CAASPP_Tier_Data_Updated.csv,Medium,Year inferred from grade progression and 2024-25 roster alignment.
2024086,likely 2023-24,CAASPP,ELA,2405.0,John Muir Elementary School,4,CAASPP_Tier_Data_Updated.csv,Medium,Year inferred from grade progression and 2024-25 roster alignment.
2017410,likely 2023-24,CAASPP,ELA,2496.0,Martin Luther King Middle School,6,CAASPP_Tier_Data_Updated.csv,Medium,Year inferred from grade progression and 2024-25 roster alignment.
2013804,likely 2023-24,CAASPP,ELA,2504.0,Martin Luther King Middle School,7,CAASPP_Tier_Data_Updated.csv,Medium,Year inferred from grade progression and 2024-25 roster alignment.
2015570,likely 2023-24,CAASPP,ELA,2396.0,Berkeley Arts Magnet Elementary School,4,CAASPP_Tier_Data_Updated.csv,Medium,Year inferred from grade progression and 2024-25 roster alignment.
2014569,likely 2023-24,CAASPP,ELA,2525.0,Longfellow Arts and Technology Middle,7,CAASPP_Tier_Data_Updated.csv,Medium,Year inferred from grade progression and 2024-25 roster alignment.
2020708,likely 2023-24,CAASPP,ELA,2504.0,Berkeley High School,9,CAASPP_Tier_Data_Updated.csv,Medium,Year inferred from grade progression and 2024-25 roster alignment.
2019789,likely 2023-24,CAASPP,ELA,2414.0,Ruth Acty Elementary School,4,CAASPP_Tier_Data_Updated.csv,Medium,Year inferred from grade progression and 2024-25 roster alignment.
2020688,likely 2023-24,CAASPP,ELA,2480.0,Longfellow Arts and Technology Middle,8,CAASPP_Tier_Data_Updated.csv,Medium,Year inferred from grade progression and 2024-25 roster alignment.
2014530,likely 2023-24,CAASPP,ELA,2497.0,Martin Luther King Middle School,7,CAASPP_Tier_Data_Updated.csv,Medium,Year inferred from grade progression and 2024-25 roster alignment.
2020694,likely 2023-24,CAASPP,ELA,2449.0,Rosa Parks Elementary School,5,CAASPP_Tier_Data_Updated.csv,Medium,Year inferred from grade progression and 2024-25 roster alignment.
2024249,likely 2023-24,CAASPP,ELA,2492.0,Martin Luther King Middle School,7,CAASPP_Tier_Data_Updated.csv,Medium,Year inferred from grade progression and 2024-25 roster alignment.
2021338,likely 2023-24,CAASPP,ELA,2519.0,Berkeley High School,9,CAASPP_Tier_Data_Updated.csv,Medium,Year inferred from grade progression and 2024-25 roster alignment.
2018175,likely 2023-24,CAASPP,ELA,2438.0,Berkeley Arts Magnet Elementary School,5,CAASPP_Tier_Data_Updated.csv,Medium,Year inferred from grade progression and 2024-25 roster alignment.
2014776,likely 2023-24,CAASPP,ELA,2523.0,Willard Middle School,7,CAASPP_Tier_Data_Updated.csv,Medium,Year inferred from grade progression and 2024-25 roster alignment.
2019515,likely 2023-24,CAASPP,ELA,2414.0,Emerson Elementary School,4,CAASPP_Tier_Data_Updated.csv,Medium,Year inferred from grade progression and 2024-25 roster alignment.
2013546,likely 2023-24,CAASPP,ELA,2532.0,Longfellow Arts and Technology Middle,8,CAASPP_Tier_Data_Updated.csv,Medium,Year inferred from grade progression and 2024-25 roster alignment.
2014904,likely 2023-24,CAASPP,ELA,2461.0,Longfellow Arts and Technology Middle,7,CAASPP_Tier_Data_Updated.csv,Medium,Year inferred from grade progression and 2024-25 roster alignment.
2017440,likely 2023-24,CAASPP,ELA,2475.0,Willard Middle School,6,CAASPP_Tier_Data_Updated.csv,Medium,Year inferred from grade progression and 2024-25 roster alignment.
2021091,likely 2023-24,CAASPP,ELA,2487.0,Berkeley High School,9,CAASPP_Tier_Data_Updated.csv,Medium,Year inferred from grade progression and 2024-25 roster alignment.
2009839,likely 2023-24,CAASPP,ELA,2519.0,Berkeley High School,9,CAASPP_Tier_Data_Updated.csv,Medium,Year inferred from grade progression and 2024-25 roster alignment.
2009842,likely 2023-24,CAASPP,ELA,2511.0,Berkeley High School,9,CAASPP_Tier_Data_Updated.csv,Medium,Year inferred from grade progression and 2024-25 roster alignment.
2011780,likely 2023-24,CAASPP,ELA,2520.0,Berkeley High School,9,CAASPP_Tier_Data_Updated.csv,Medium,Year inferred from grade progression and 2024-25 roster alignment.
2006198,likely 2023-24,CAASPP,ELA,2522.0,Berkeley High School,12,CAASPP_Tier_Data_Updated.csv,Medium,Year inferred from grade progression and 2024-25 roster alignment.
2011706,likely 2023-24,CAASPP,ELA,2530.0,Longfellow Arts and Technology Middle,8,CAASPP_Tier_Data_Updated.csv,Medium,Year inferred from grade progression and 2024-25 roster alignment.
2022922,likely 2023-24,CAASPP,ELA,2538.0,Berkeley High School,12,CAASPP_Tier_Data_Updated.csv,Medium,Year inferred from grade progression and 2024-25 roster alignment.
2015058,likely 2023-24,CAASPP,ELA,2507.0,Berkeley High School,9,CAASPP_Tier_Data_Updated.csv,Medium,Year inferred from grade progression and 2024-25 roster alignment.
2024182,likely 2023-24,CAASPP,ELA,2398.0,Oxford Elementary School,4,CAASPP_Tier_Data_Updated.csv,Medium,Year inferred from grade progression and 2024-25 roster alignment.
2018039,likely 2023-24,CAASPP,ELA,2468.0,Thousand Oaks Elementary School,5,CAASPP_Tier_Data_Updated.csv,Medium,Year inferred from grade progression and 2024-25 roster alignment.
2018375,likely 2023-24,CAASPP,ELA,2438.0,Malcolm X Elementary School,5,CAASPP_Tier_Data_Updated.csv,Medium,Year inferred from grade progression and 2024-25 roster alignment.
2010918,likely 2023-24,CAASPP,ELA,2515.0,Martin Luther King Middle School,8,CAASPP_Tier_Data_Updated.csv,Medium,Year inferred from grade progression and 2024-25 roster alignment.
2018218,likely 2023-24,CAASPP,ELA,2452.0,John Muir Elementary School,5,CAASPP_Tier_Data_Updated.csv,Medium,Year inferred from grade progression and 2024-25 roster alignment.
2013286,likely 2023-24,CAASPP,ELA,2463.0,Willard Middle School,7,CAASPP_Tier_Data_Updated.csv,Medium,Year inferred from grade progression and 2024-25 roster alignment.
2017728,likely 2023-24,CAASPP,ELA,2428.0,Sylvia Mendez Elementary School,5,CAASPP_Tier_Data_Updated.csv,Medium,Year inferred from grade progression and 2024-25 roster alignment.
2008142,likely 2023-24,CAASPP,ELA,2557.0,Berkeley High School,12,CAASPP_Tier_Data_Updated.csv,Medium,Year inferred from grade progression and 2024-25 roster alignment.
2012923,likely 2023-24,CAASPP,ELA,2551.0,Martin Luther King Middle School,8,CAASPP_Tier_Data_Updated.csv,Medium,Year inferred from grade progression and 2024-25 roster alignment.
2019079,likely 2023-24,CAASPP,ELA,2419.0,Ruth Acty Elementary School,4,CAASPP_Tier_Data_Updated.csv,Medium,Year inferred from grade progression and 2024-25 roster alignment.
2014319,likely 2023-24,CAASPP,ELA,2548.0,Berkeley High School,12,CAASPP_Tier_Data_Updated.csv,Medium,Year inferred from grade progression and 2024-25 roster alignment.
2019535,likely 2023-24,CAASPP,ELA,2429.0,Emerson Elementary School,4,CAASPP_Tier_Data_Updated.csv,Medium,Year inferred from grade progression and 2024-25 roster alignment.
2012487,likely 2023-24,CAASPP,ELA,2511.0,Martin Luther King Middle School,7,CAASPP_Tier_Data_Updated.csv,Medium,Year inferred from grade progression and 2024-25 roster alignment.
2024265,likely 2023-24,CAASPP,ELA,2458.0,Willard Middle School,6,CAASPP_Tier_Data_Updated.csv,Medium,Year inferred from grade progression and 2024-25 roster alignment.
2013713,likely 2023-24,CAASPP,ELA,2514.0,Willard Middle School,8,CAASPP_Tier_Data_Updated.csv,Medium,Year inferred from grade progression and 2024-25 roster alignment.
2018354,likely 2023-24,CAASPP,ELA,2432.0,Cragmont Elementary School,5,CAASPP_Tier_Data_Updated.csv,Medium,Year inferred from grade progression and 2024-25 roster alignment.
2024070,likely 2023-24,CAASPP,ELA,2526.0,Willard Middle School,6,CAASPP_Tier_Data_Updated.csv,Medium,Year inferred from grade progression and 2024-25 roster alignment.
2021327,likely 2023-24,CAASPP,ELA,2526.0,Willard Middle School,8,CAASPP_Tier_Data_Updated.csv,Medium,Year inferred from grade progression and 2024-25 roster alignment.
2011436,likely 2023-24,CAASPP,ELA,2546.0,Willard Middle School,8,CAASPP_Tier_Data_Updated.csv,Medium,Year inferred from grade progression and 2024-25 roster alignment.
2010956,likely 2023-24,CAASPP,ELA,2565.0,Berkeley High School,9,CAASPP_Tier_Data_Updated.csv,Medium,Year inferred from grade progression and 2024-25 roster alignment.
2016848,likely 2023-24,CAASPP,ELA,2416.0,Cragmont Elementary School,5,CAASPP_Tier_Data_Updated.csv,Medium,Year inferred from grade progression and 2024-25 roster alignment.
2024532,likely 2023-24,CAASPP,ELA,2495.0,Willard Middle School,8,CAASPP_Tier_Data_Updated.csv,Medium,Year inferred from grade progression and 2024-25 roster alignment.
2022526,likely 2023-24,CAASPP,ELA,2457.0,Longfellow Arts and Technology Middle,6,CAASPP_Tier_Data_Updated.csv,Medium,Year inferred from grade progression and 2024-25 roster alignment.
2015528,likely 2023-24,CAASPP,ELA,2480.0,Longfellow Arts and Technology Middle,7,CAASPP_Tier_Data_Updated.csv,Medium,Year inferred from grade progression and 2024-25 roster alignment.
2013474,likely 2023-24,CAASPP,ELA,2490.0,Longfellow Arts and Technology Middle,8,CAASPP_Tier_Data_Updated.csv,Medium,Year inferred from grade progression and 2024-25 roster alignment.
2018224,likely 2023-24,CAASPP,ELA,2417.0,Washington Elementary School,4,CAASPP_Tier_Data_Updated.csv,Medium,Year inferred from grade progression and 2024-25 roster alignment.
2009146,likely 2023-24,CAASPP,ELA,2510.0,Berkeley High School,9,CAASPP_Tier_Data_Updated.csv,Medium,Year inferred from grade progression and 2024-25 roster alignment.
2016334,likely 2023-24,CAASPP,ELA,2445.0,Longfellow Arts and Technology Middle,6,CAASPP_Tier_Data_Updated.csv,Medium,Year inferred from grade progression and 2024-25 roster alignment.
2022466,likely 2023-24,CAASPP,ELA,2528.0,Berkeley High School,9,CAASPP_Tier_Data_Updated.csv,Medium,Year inferred from grade progression and 2024-25 roster alignment.
2024652,likely 2023-24,CAASPP,ELA,2435.0,Malcolm X Elementary School,5,CAASPP_Tier_Data_Updated.csv,Medium,Year inferred from grade progression and 2024-25 roster alignment.
2011365,likely 2023-24,CAASPP,ELA,2558.0,Berkeley High School,9,CAASPP_Tier_Data_Updated.csv,Medium,Year inferred from grade progression and 2024-25 roster alignment.
2014717,likely 2023-24,CAASPP,ELA,2478.0,Emerson Elementary School,5,CAASPP_Tier_Data_Updated.csv,Medium,Year inferred from grade progression and 2024-25 roster alignment.
2011692,likely 2023-24,CAASPP,ELA,2532.0,Martin Luther King Middle School,8,CAASPP_Tier_Data_Updated.csv,Medium,Year inferred from grade progression and 2024-25 roster alignment.
2019817,likely 2023-24,CAASPP,ELA,2398.0,Thousand Oaks Elementary School,4,CAASPP_Tier_Data_Updated.csv,Medium,Year inferred from grade progression and 2024-25 roster alignment.
2014958,likely 2023-24,CAASPP,ELA,2490.0,Willard Middle School,6,CAASPP_Tier_Data_Updated.csv,Medium,Year inferred from grade progression and 2024-25 roster alignment.
2016600,likely 2023-24,CAASPP,ELA,2496.0,Longfellow Arts and Technology Middle,6,CAASPP_Tier_Data_Updated.csv,Medium,Year inferred from grade progression and 2024-25 roster alignment.
2012650,likely 2023-24,CAASPP,ELA,2548.0,Longfellow Arts and Technology Middle,8,CAASPP_Tier_Data_Updated.csv,Medium,Year inferred from grade progression and 2024-25 roster alignment.
2018517,likely 2023-24,CAASPP,ELA,2400.0,Sylvia Mendez Elementary School,4,CAASPP_Tier_Data_Updated.csv,Medium,Year inferred from grade progression and 2024-25 roster alignment.
2015328,likely 2023-24,CAASPP,ELA,2458.0,Longfellow Arts and Technology Middle,6,CAASPP_Tier_Data_Updated.csv,Medium,Year inferred from grade progression and 2024-25 roster alignment.
2024258,likely 2023-24,CAASPP,ELA,2463.0,Malcolm X Elementary School,5,CAASPP_Tier_Data_Updated.csv,Medium,Year inferred from grade progression and 2024-25 roster alignment.
2019162,likely 2023-24,CAASPP,ELA,2407.0,Cragmont Elementary School,4,CAASPP_Tier_Data_Updated.csv,Medium,Year inferred from grade progression and 2024-25 roster alignment.
2005139,likely 2023-24,CAASPP,ELA,2566.0,Berkeley High School,12,CAASPP_Tier_Data_Updated.csv,Medium,Year inferred from grade progression and 2024-25 roster alignment.
2016211,likely 2023-24,CAASPP,ELA,2476.0,Martin Luther King Middle School,6,CAASPP_Tier_Data_Updated.csv,Medium,Year inferred from grade progression and 2024-25 roster alignment.
2022203,likely 2023-24,CAASPP,ELA,2402.0,Berkeley Arts Magnet Elementary School,4,CAASPP_Tier_Data_Updated.csv,Medium,Year inferred from grade progression and 2024-25 roster alignment.
2011718,likely 2023-24,CAASPP,ELA,2520.0,Martin Luther King Middle School,8,CAASPP_Tier_Data_Updated.csv,Medium,Year inferred from grade progression and 2024-25 roster alignment.
2021560,likely 2023-24,CAASPP,ELA,2507.0,Berkeley High School,12,CAASPP_Tier_Data_Updated.csv,Medium,Year inferred from grade progression and 2024-25 roster alignment.
2018922,likely 2023-24,CAASPP,ELA,2392.0,Emerson Elementary School,4,CAASPP_Tier_Data_Updated.csv,Medium,Year inferred from grade progression and 2024-25 roster alignment.
2024004,likely 2023-24,CAASPP,ELA,2509.0,Willard Middle School,7,CAASPP_Tier_Data_Updated.csv,Medium,Year inferred from grade progression and 2024-25 roster alignment.
2011874,likely 2023-24,CAASPP,ELA,2491.0,Berkeley High School,9,CAASPP_Tier_Data_Updated.csv,Medium,Year inferred from grade progression and 2024-25 roster alignment.
2022187,likely 2023-24,CAASPP,ELA,2405.0,Washington Elementary School,4,CAASPP_Tier_Data_Updated.csv,Medium,Year inferred from grade progression and 2024-25 roster alignment.
2017284,likely 2023-24,CAASPP,ELA,2425.0,Thousand Oaks Elementary School,4,CAASPP_Tier_Data_Updated.csv,Medium,Year inferred from grade progression and 2024-25 roster alignment.
2024163,likely 2023-24,CAASPP,ELA,2373.0,Oxford Elementary School,4,CAASPP_Tier_Data_Updated.csv,Medium,Year inferred from grade progression and 2024-25 roster alignment.
2011578,likely 2023-24,CAASPP,ELA,2508.0,Longfellow Arts and Technology Middle,8,CAASPP_Tier_Data_Updated.csv,Medium,Year inferred from grade progression and 2024-25 roster alignment.
2019601,likely 2023-24,CAASPP,ELA,2400.0,Thousand Oaks Elementary School,4,CAASPP_Tier_Data_Updated.csv,Medium,Year inferred from grade progression and 2024-25 roster alignment.
2010415,likely 2023-24,CAASPP,ELA,2544.0,Berkeley High School,9,CAASPP_Tier_Data_Updated.csv,Medium,Year inferred from grade progression and 2024-25 roster alignment.
2013415,likely 2023-24,CAASPP,ELA,2511.0,Berkeley High School,9,CAASPP_Tier_Data_Updated.csv,Medium,Year inferred from grade progression and 2024-25 roster alignment.
2015340,likely 2023-24,CAASPP,ELA,2508.0,Willard Middle School,7,CAASPP_Tier_Data_Updated.csv,Medium,Year inferred from grade progression and 2024-25 roster alignment.
2017903,likely 2023-24,CAASPP,ELA,2374.0,Oxford Elementary School,4,CAASPP_Tier_Data_Updated.csv,Medium,Year inferred from grade progression and 2024-25 roster alignment.
2019662,likely 2023-24,CAASPP,ELA,2422.0,Malcolm X Elementary School,4,CAASPP_Tier_Data_Updated.csv,Medium,Year inferred from grade progression and 2024-25 roster alignment.
2016575,likely 2023-24,CAASPP,ELA,2503.0,Martin Luther King Middle School,7,CAASPP_Tier_Data_Updated.csv,Medium,Year inferred from grade progression and 2024-25 roster alignment.
2013390,likely 2023-24,CAASPP,ELA,2479.0,Martin Luther King Middle School,7,CAASPP_Tier_Data_Updated.csv,Medium,Year inferred from grade progression and 2024-25 roster alignment.
2014952,likely 2023-24,CAASPP,ELA,2572.0,Berkeley High School,12,CAASPP_Tier_Data_Updated.csv,Medium,Year inferred from grade progression and 2024-25 roster alignment.
2008538,likely 2023-24,CAASPP,ELA,2559.0,Berkeley High School,12,CAASPP_Tier_Data_Updated.csv,Medium,Year inferred from grade progression and 2024-25 roster alignment.
2016816,likely 2023-24,CAASPP,ELA,2491.0,Willard Middle School,6,CAASPP_Tier_Data_Updated.csv,Medium,Year inferred from grade progression and 2024-25 roster alignment.
2024010,likely 2023-24,CAASPP,ELA,2412.0,Berkeley Arts Magnet Elementary School,4,CAASPP_Tier_Data_Updated.csv,Medium,Year inferred from grade progression and 2024-25 roster alignment.
2016330,likely 2023-24,CAASPP,ELA,2480.0,Willard Middle School,6,CAASPP_Tier_Data_Updated.csv,Medium,Year inferred from grade progression and 2024-25 roster alignment.
2018235,likely 2023-24,CAASPP,ELA,2371.0,Washington Elementary School,4,CAASPP_Tier_Data_Updated.csv,Medium,Year inferred from grade progression and 2024-25 roster alignment.
2017248,likely 2023-24,CAASPP,ELA,2518.0,Martin Luther King Middle School,8,CAASPP_Tier_Data_Updated.csv,Medium,Year inferred from grade progression and 2024-25 roster alignment.
2016201,likely 2023-24,CAASPP,ELA,2493.0,Longfellow Arts and Technology Middle,6,CAASPP_Tier_Data_Updated.csv,Medium,Year inferred from grade progression and 2024-25 roster alignment.
2010731,likely 2023-24,CAASPP,ELA,2495.0,Longfellow Arts and Technology Middle,8,CAASPP_Tier_Data_Updated.csv,Medium,Year inferred from grade progression and 2024-25 roster alignment.
2011977,likely 2023-24,CAASPP,ELA,2513.0,Longfellow Arts and Technology Middle,8,CAASPP_Tier_Data_Updated.csv,Medium,Year inferred from grade progression and 2024-25 roster alignment.
2010081,likely 2023-24,CAASPP,ELA,2528.0,Berkeley High School,9,CAASPP_Tier_Data_Updated.csv,Medium,Year inferred from grade progression and 2024-25 roster alignment.
2010008,likely 2023-24,CAASPP,ELA,2528.0,Berkeley High School,9,CAASPP_Tier_Data_Updated.csv,Medium,Year inferred from grade progression and 2024-25 roster alignment.
2015442,likely 2023-24,CAASPP,ELA,2526.0,Longfellow Arts and Technology Middle,8,CAASPP_Tier_Data_Updated.csv,Medium,Year inferred from grade progression and 2024-25 roster alignment.
2012389,likely 2023-24,CAASPP,ELA,2570.0,Berkeley High School,12,CAASPP_Tier_Data_Updated.csv,Medium,Year inferred from grade progression and 2024-25 roster alignment.
2016222,likely 2023-24,CAASPP,ELA,2444.0,Willard Middle School,6,CAASPP_Tier_Data_Updated.csv,Medium,Year inferred from grade progression and 2024-25 roster alignment.
2020697,likely 2023-24,CAASPP,ELA,2511.0,Berkeley High School,12,CAASPP_Tier_Data_Updated.csv,Medium,Year inferred from grade progression and 2024-25 roster alignment.
2013842,likely 2023-24,CAASPP,ELA,2506.0,Martin Luther King Middle School,6,CAASPP_Tier_Data_Updated.csv,Medium,Year inferred from grade progression and 2024-25 roster alignment.
2018458,likely 2023-24,CAASPP,ELA,2523.0,Rosa Parks Elementary School,5,CAASPP_Tier_Data_Updated.csv,Medium,Year inferred from grade progression and 2024-25 roster alignment.
2010013,likely 2023-24,CAASPP,ELA,2604.0,Longfellow Arts and Technology Middle,8,CAASPP_Tier_Data_Updated.csv,Medium,Year inferred from grade progression and 2024-25 roster alignment.
2010963,likely 2023-24,CAASPP,ELA,2589.0,Berkeley High School,9,CAASPP_Tier_Data_Updated.csv,Medium,Year inferred from grade progression and 2024-25 roster alignment.
2011934,likely 2023-24,CAASPP,ELA,2567.0,Berkeley High School,9,CAASPP_Tier_Data_Updated.csv,Medium,Year inferred from grade progression and 2024-25 roster alignment.
2018560,likely 2023-24,CAASPP,ELA,2569.0,Berkeley High School,9,CAASPP_Tier_Data_Updated.csv,Medium,Year inferred from grade progression and 2024-25 roster alignment.
2018605,likely 2023-24,CAASPP,ELA,2643.0,Berkeley High School,9,CAASPP_Tier_Data_Updated.csv,Medium,Year inferred from grade progression and 2024-25 roster alignment.
2023085,likely 2023-24,CAASPP,ELA,2487.0,Ruth Acty Elementary School,5,CAASPP_Tier_Data_Updated.csv,Medium,Year inferred from grade progression and 2024-25 roster alignment.
2015029,likely 2023-24,CAASPP,ELA,2589.0,Berkeley High School,12,CAASPP_Tier_Data_Updated.csv,Medium,Year inferred from grade progression and 2024-25 roster alignment.
2011750,likely 2023-24,CAASPP,ELA,2653.0,Longfellow Arts and Technology Middle,8,CAASPP_Tier_Data_Updated.csv,Medium,Year inferred from grade progression and 2024-25 roster alignment.
2014349,likely 2023-24,CAASPP,ELA,2572.0,Longfellow Arts and Technology Middle,7,CAASPP_Tier_Data_Updated.csv,Medium,Year inferred from grade progression and 2024-25 roster alignment.
2017734,likely 2023-24,CAASPP,ELA,2497.0,Oxford Elementary School,5,CAASPP_Tier_Data_Updated.csv,Medium,Year inferred from grade progression and 2024-25 roster alignment.
2011461,likely 2023-24,CAASPP,ELA,2614.0,Berkeley High School,9,CAASPP_Tier_Data_Updated.csv,Medium,Year inferred from grade progression and 2024-25 roster alignment.
2011187,likely 2023-24,CAASPP,ELA,2609.0,Berkeley High School,9,CAASPP_Tier_Data_Updated.csv,Medium,Year inferred from grade progression and 2024-25 roster alignment.
2017487,likely 2023-24,CAASPP,ELA,2474.0,Thousand Oaks Elementary School,5,CAASPP_Tier_Data_Updated.csv,Medium,Year inferred from grade progression and 2024-25 roster alignment.
2015720,likely 2023-24,CAASPP,ELA,2516.0,Martin Luther King Middle School,6,CAASPP_Tier_Data_Updated.csv,Medium,Year inferred from grade progression and 2024-25 roster alignment.
2019158,likely 2023-24,CAASPP,ELA,2440.0,Malcolm X Elementary School,4,CAASPP_Tier_Data_Updated.csv,Medium,Year inferred from grade progression and 2024-25 roster alignment.
2019907,likely 2023-24,CAASPP,ELA,2486.0,Ruth Acty Elementary School,5,CAASPP_Tier_Data_Updated.csv,Medium,Year inferred from grade progression and 2024-25 roster alignment.
2017497,likely 2023-24,CAASPP,ELA,2553.0,Willard Middle School,7,CAASPP_Tier_Data_Updated.csv,Medium,Year inferred from grade progression and 2024-25 roster alignment.
2016794,likely 2023-24,CAASPP,ELA,2487.0,Oxford Elementary School,4,CAASPP_Tier_Data_Updated.csv,Medium,Year inferred from grade progression and 2024-25 roster alignment.
2015203,likely 2023-24,CAASPP,ELA,2657.0,Berkeley High School,9,CAASPP_Tier_Data_Updated.csv,Medium,Year inferred from grade progression and 2024-25 roster alignment.
2014352,likely 2023-24,CAASPP,ELA,2565.0,Martin Luther King Middle School,7,CAASPP_Tier_Data_Updated.csv,Medium,Year inferred from grade progression and 2024-25 roster alignment.
2019316,likely 2023-24,CAASPP,ELA,2436.0,Emerson Elementary School,4,CAASPP_Tier_Data_Updated.csv,Medium,Year inferred from grade progression and 2024-25 roster alignment.
2015820,likely 2023-24,CAASPP,ELA,2526.0,Martin Luther King Middle School,6,CAASPP_Tier_Data_Updated.csv,Medium,Year inferred from grade progression and 2024-25 roster alignment.
2019840,likely 2023-24,CAASPP,ELA,2638.0,Berkeley High School,12,CAASPP_Tier_Data_Updated.csv,Medium,Year inferred from grade progression and 2024-25 roster alignment.
2021894,likely 2023-24,CAASPP,ELA,2645.0,Willard Middle School,8,CAASPP_Tier_Data_Updated.csv,Medium,Year inferred from grade progression and 2024-25 roster alignment.
2018335,likely 2023-24,CAASPP,ELA,2559.0,Willard Middle School,8,CAASPP_Tier_Data_Updated.csv,Medium,Year inferred from grade progression and 2024-25 roster alignment.
2005453,likely 2023-24,CAASPP,ELA,2590.0,Berkeley High School,12,CAASPP_Tier_Data_Updated.csv,Medium,Year inferred from grade progression and 2024-25 roster alignment.
2015645,likely 2023-24,CAASPP,ELA,2591.0,Berkeley High School,12,CAASPP_Tier_Data_Updated.csv,Medium,Year inferred from grade progression and 2024-25 roster alignment.
2019754,likely 2023-24,CAASPP,ELA,2540.0,Martin Luther King Middle School,6,CAASPP_Tier_Data_Updated.csv,Medium,Year inferred from grade progression and 2024-25 roster alignment.
2012800,likely 2023-24,CAASPP,ELA,2566.0,Longfellow Arts and Technology Middle,8,CAASPP_Tier_Data_Updated.csv,Medium,Year inferred from grade progression and 2024-25 roster alignment.
2018669,likely 2023-24,CAASPP,ELA,2572.0,Longfellow Arts and Technology Middle,8,CAASPP_Tier_Data_Updated.csv,Medium,Year inferred from grade progression and 2024-25 roster alignment.
2019820,likely 2023-24,CAASPP,ELA,2439.0,Rosa Parks Elementary School,4,CAASPP_Tier_Data_Updated.csv,Medium,Year inferred from grade progression and 2024-25 roster alignment.
2019450,likely 2023-24,CAASPP,ELA,2464.0,Oxford Elementary School,4,CAASPP_Tier_Data_Updated.csv,Medium,Year inferred from grade progression and 2024-25 roster alignment.
2016547,likely 2023-24,CAASPP,ELA,2549.0,Martin Luther King Middle School,6,CAASPP_Tier_Data_Updated.csv,Medium,Year inferred from grade progression and 2024-25 roster alignment.
2011459,likely 2023-24,CAASPP,ELA,2564.0,Longfellow Arts and Technology Middle,8,CAASPP_Tier_Data_Updated.csv,Medium,Year inferred from grade progression and 2024-25 roster alignment.
2018178,likely 2023-24,CAASPP,ELA,2570.0,Willard Middle School,6,CAASPP_Tier_Data_Updated.csv,Medium,Year inferred from grade progression and 2024-25 roster alignment.
2017589,likely 2023-24,CAASPP,ELA,2502.0,Ruth Acty Elementary School,5,CAASPP_Tier_Data_Updated.csv,Medium,Year inferred from grade progression and 2024-25 roster alignment.
2019869,likely 2023-24,CAASPP,ELA,2449.0,Emerson Elementary School,4,CAASPP_Tier_Data_Updated.csv,Medium,Year inferred from grade progression and 2024-25 roster alignment.
2018280,likely 2023-24,CAASPP,ELA,2465.0,Washington Elementary School,4,CAASPP_Tier_Data_Updated.csv,Medium,Year inferred from grade progression and 2024-25 roster alignment.
2015595,likely 2023-24,CAASPP,ELA,2617.0,Martin Luther King Middle School,8,CAASPP_Tier_Data_Updated.csv,Medium,Year inferred from grade progression and 2024-25 roster alignment.
2015923,likely 2023-24,CAASPP,ELA,2509.0,Willard Middle School,6,CAASPP_Tier_Data_Updated.csv,Medium,Year inferred from grade progression and 2024-25 roster alignment.
2005173,likely 2023-24,CAASPP,ELA,2638.0,Berkeley High School,12,CAASPP_Tier_Data_Updated.csv,Medium,Year inferred from grade progression and 2024-25 roster alignment.
2017535,likely 2023-24,CAASPP,ELA,2510.0,Malcolm X Elementary School,5,CAASPP_Tier_Data_Updated.csv,Medium,Year inferred from grade progression and 2024-25 roster alignment.
2010886,likely 2023-24,CAASPP,ELA,2628.0,Berkeley High School,9,CAASPP_Tier_Data_Updated.csv,Medium,Year inferred from grade progression and 2024-25 roster alignment.
2023479,likely 2023-24,CAASPP,ELA,2484.0,Emerson Elementary School,5,CAASPP_Tier_Data_Updated.csv,Medium,Year inferred from grade progression and 2024-25 roster alignment.
2023498,likely 2023-24,CAASPP,ELA,2558.0,Willard Middle School,7,CAASPP_Tier_Data_Updated.csv,Medium,Year inferred from grade progression and 2024-25 roster alignment.
2024148,likely 2023-24,CAASPP,ELA,2591.0,Berkeley High School,9,CAASPP_Tier_Data_Updated.csv,Medium,Year inferred from grade progression and 2024-25 roster alignment.
2018232,likely 2023-24,CAASPP,ELA,2503.0,John Muir Elementary School,5,CAASPP_Tier_Data_Updated.csv,Medium,Year inferred from grade progression and 2024-25 roster alignment.
2019566,likely 2023-24,CAASPP,ELA,2462.0,Berkeley Arts Magnet Elementary School,4,CAASPP_Tier_Data_Updated.csv,Medium,Year inferred from grade progression and 2024-25 roster alignment.
2012657,likely 2023-24,CAASPP,ELA,2603.0,Martin Luther King Middle School,8,CAASPP_Tier_Data_Updated.csv,Medium,Year inferred from grade progression and 2024-25 roster alignment.
2014031,likely 2023-24,CAASPP,ELA,2602.0,Martin Luther King Middle School,7,CAASPP_Tier_Data_Updated.csv,Medium,Year inferred from grade progression and 2024-25 roster alignment.
2005500,likely 2023-24,CAASPP,ELA,2669.0,Berkeley High School,12,CAASPP_Tier_Data_Updated.csv,Medium,Year inferred from grade progression and 2024-25 roster alignment.
2015041,likely 2023-24,CAASPP,ELA,2574.0,Longfellow Arts and Technology Middle,7,CAASPP_Tier_Data_Updated.csv,Medium,Year inferred from grade progression and 2024-25 roster alignment.
2018370,likely 2023-24,CAASPP,ELA,2478.0,John Muir Elementary School,5,CAASPP_Tier_Data_Updated.csv,Medium,Year inferred from grade progression and 2024-25 roster alignment.
2018369,likely 2023-24,CAASPP,ELA,2582.0,Willard Middle School,7,CAASPP_Tier_Data_Updated.csv,Medium,Year inferred from grade progression and 2024-25 roster alignment.
2019586,likely 2023-24,CAASPP,ELA,2636.0,Berkeley High School,9,CAASPP_Tier_Data_Updated.csv,Medium,Year inferred from grade progression and 2024-25 roster alignment.
2013220,likely 2023-24,CAASPP,ELA,2586.0,Martin Luther King Middle School,8,CAASPP_Tier_Data_Updated.csv,Medium,Year inferred from grade progression and 2024-25 roster alignment.
2013293,likely 2023-24,CAASPP,ELA,2566.0,Martin Luther King Middle School,6,CAASPP_Tier_Data_Updated.csv,Medium,Year inferred from grade progression and 2024-25 roster alignment.
2015378,likely 2023-24,CAASPP,ELA,2531.0,Willard Middle School,7,CAASPP_Tier_Data_Updated.csv,Medium,Year inferred from grade progression and 2024-25 roster alignment.
2011403,likely 2023-24,CAASPP,ELA,2608.0,Berkeley High School,9,CAASPP_Tier_Data_Updated.csv,Medium,Year inferred from grade progression and 2024-25 roster alignment.
2021078,likely 2023-24,CAASPP,ELA,2539.0,Martin Luther King Middle School,7,CAASPP_Tier_Data_Updated.csv,Medium,Year inferred from grade progression and 2024-25 roster alignment.
2017561,likely 2023-24,CAASPP,ELA,2503.0,Washington Elementary School,5,CAASPP_Tier_Data_Updated.csv,Medium,Year inferred from grade progression and 2024-25 roster alignment.
2016832,likely 2023-24,CAASPP,ELA,2607.0,Martin Luther King Middle School,7,CAASPP_Tier_Data_Updated.csv,Medium,Year inferred from grade progression and 2024-25 roster alignment.
2013041,likely 2023-24,CAASPP,ELA,2599.0,Berkeley High School,9,CAASPP_Tier_Data_Updated.csv,Medium,Year inferred from grade progression and 2024-25 roster alignment.
2016372,likely 2023-24,CAASPP,ELA,2504.0,Longfellow Arts and Technology Middle,6,CAASPP_Tier_Data_Updated.csv,Medium,Year inferred from grade progression and 2024-25 roster alignment.
2017946,likely 2023-24,CAASPP,ELA,2515.0,Malcolm X Elementary School,5,CAASPP_Tier_Data_Updated.csv,Medium,Year inferred from grade progression and 2024-25 roster alignment.
2011107,likely 2023-24,CAASPP,ELA,2623.0,Berkeley High School,9,CAASPP_Tier_Data_Updated.csv,Medium,Year inferred from grade progression and 2024-25 roster alignment.
2021047,likely 2023-24,CAASPP,ELA,2533.0,Martin Luther King Middle School,7,CAASPP_Tier_Data_Updated.csv,Medium,Year inferred from grade progression and 2024-25 roster alignment.
2012826,likely 2023-24,CAASPP,ELA,2555.0,Willard Middle School,8,CAASPP_Tier_Data_Updated.csv,Medium,Year inferred from grade progression and 2024-25 roster alignment.
2019875,likely 2023-24,CAASPP,ELA,2445.0,Washington Elementary School,4,CAASPP_Tier_Data_Updated.csv,Medium,Year inferred from grade progression and 2024-25 roster alignment.
2018618,likely 2023-24,CAASPP,ELA,2479.0,John Muir Elementary School,5,CAASPP_Tier_Data_Updated.csv,Medium,Year inferred from grade progression and 2024-25 roster alignment.
2010273,likely 2023-24,CAASPP,ELA,2587.0,Berkeley High School,12,CAASPP_Tier_Data_Updated.csv,Medium,Year inferred from grade progression and 2024-25 roster alignment.
2022219,likely 2023-24,CAASPP,ELA,2602.0,Berkeley Technology Academy,12,CAASPP_Tier_Data_Updated.csv,Medium,Year inferred from grade progression and 2024-25 roster alignment.
2022934,likely 2023-24,CAASPP,ELA,2553.0,Willard Middle School,7,CAASPP_Tier_Data_Updated.csv,Medium,Year inferred from grade progression and 2024-25 roster alignment.
2013089,likely 2023-24,CAASPP,ELA,2580.0,Longfellow Arts and Technology Middle,7,CAASPP_Tier_Data_Updated.csv,Medium,Year inferred from grade progression and 2024-25 roster alignment.
2021329,likely 2023-24,CAASPP,ELA,2556.0,Longfellow Arts and Technology Middle,6,CAASPP_Tier_Data_Updated.csv,Medium,Year inferred from grade progression and 2024-25 roster alignment.
2016903,likely 2023-24,CAASPP,ELA,2516.0,Berkeley Arts Magnet Elementary School,5,CAASPP_Tier_Data_Updated.csv,Medium,Year inferred from grade progression and 2024-25 roster alignment.
2011601,likely 2023-24,CAASPP,ELA,2628.0,Berkeley High School,9,CAASPP_Tier_Data_Updated.csv,Medium,Year inferred from grade progression and 2024-25 roster alignment.
2016392,likely 2023-24,CAASPP,ELA,2602.0,Martin Luther King Middle School,7,CAASPP_Tier_Data_Updated.csv,Medium,Year inferred from grade progression and 2024-25 roster alignment.
2011937,likely 2023-24,CAASPP,ELA,2671.0,Berkeley High School,12,CAASPP_Tier_Data_Updated.csv,Medium,Year inferred from grade progression and 2024-25 roster alignment.
2018713,likely 2023-24,CAASPP,ELA,2516.0,Ruth Acty Elementary School,5,CAASPP_Tier_Data_Updated.csv,Medium,Year inferred from grade progression and 2024-25 roster alignment.
2009866,likely 2023-24,CAASPP,ELA,2587.0,Berkeley High School,12,CAASPP_Tier_Data_Updated.csv,Medium,Year inferred from grade progression and 2024-25 roster alignment.
2018761,likely 2023-24,CAASPP,ELA,2459.0,Sylvia Mendez Elementary School,4,CAASPP_Tier_Data_Updated.csv,Medium,Year inferred from grade progression and 2024-25 roster alignment.
2018196,likely 2023-24,CAASPP,ELA,2493.0,John Muir Elementary School,5,CAASPP_Tier_Data_Updated.csv,Medium,Year inferred from grade progression and 2024-25 roster alignment.
2020622,likely 2023-24,CAASPP,ELA,2464.0,Oxford Elementary School,4,CAASPP_Tier_Data_Updated.csv,Medium,Year inferred from grade progression and 2024-25 roster alignment.
2018460,likely 2023-24,CAASPP,ELA,2579.0,Berkeley High School,9,CAASPP_Tier_Data_Updated.csv,Medium,Year inferred from grade progression and 2024-25 roster alignment.
2011702,likely 2023-24,CAASPP,ELA,2672.0,Berkeley High School,12,CAASPP_Tier_Data_Updated.csv,Medium,Year inferred from grade progression and 2024-25 roster alignment.
2011048,likely 2023-24,CAASPP,ELA,2622.0,Berkeley High School,9,CAASPP_Tier_Data_Updated.csv,Medium,Year inferred from grade progression and 2024-25 roster alignment.
2011405,likely 2023-24,CAASPP,ELA,2666.0,Berkeley High School,9,CAASPP_Tier_Data_Updated.csv,Medium,Year inferred from grade progression and 2024-25 roster alignment.
2018289,likely 2023-24,CAASPP,ELA,2488.0,Ruth Acty Elementary School,5,CAASPP_Tier_Data_Updated.csv,Medium,Year inferred from grade progression and 2024-25 roster alignment.
2013668,likely 2023-24,CAASPP,ELA,2540.0,Willard Middle School,7,CAASPP_Tier_Data_Updated.csv,Medium,Year inferred from grade progression and 2024-25 roster alignment.
2013666,likely 2023-24,CAASPP,ELA,2581.0,Willard Middle School,7,CAASPP_Tier_Data_Updated.csv,Medium,Year inferred from grade progression and 2024-25 roster alignment.
2016093,likely 2023-24,CAASPP,ELA,2528.0,Willard Middle School,6,CAASPP_Tier_Data_Updated.csv,Medium,Year inferred from grade progression and 2024-25 roster alignment.
2021075,likely 2023-24,CAASPP,ELA,2548.0,Willard Middle School,7,CAASPP_Tier_Data_Updated.csv,Medium,Year inferred from grade progression and 2024-25 roster alignment.
2019215,likely 2023-24,CAASPP,ELA,2458.0,Malcolm X Elementary School,4,CAASPP_Tier_Data_Updated.csv,Medium,Year inferred from grade progression and 2024-25 roster alignment.
2019317,likely 2023-24,CAASPP,ELA,2450.0,Malcolm X Elementary School,4,CAASPP_Tier_Data_Updated.csv,Medium,Year inferred from grade progression and 2024-25 roster alignment.
2019710,likely 2023-24,CAASPP,ELA,2555.0,Martin Luther King Middle School,7,CAASPP_Tier_Data_Updated.csv,Medium,Year inferred from grade progression and 2024-25 roster alignment.
2014047,likely 2023-24,CAASPP,ELA,2596.0,Martin Luther King Middle School,8,CAASPP_Tier_Data_Updated.csv,Medium,Year inferred from grade progression and 2024-25 roster alignment.
2012653,likely 2023-24,CAASPP,ELA,2612.0,Willard Middle School,8,CAASPP_Tier_Data_Updated.csv,Medium,Year inferred from grade progression and 2024-25 roster alignment.
2019250,likely 2023-24,CAASPP,ELA,2443.0,Emerson Elementary School,4,CAASPP_Tier_Data_Updated.csv,Medium,Year inferred from grade progression and 2024-25 roster alignment.
2016146,likely 2023-24,CAASPP,ELA,2529.0,Martin Luther King Middle School,6,CAASPP_Tier_Data_Updated.csv,Medium,Year inferred from grade progression and 2024-25 roster alignment.
2023585,likely 2023-24,CAASPP,ELA,2486.0,Ruth Acty Elementary School,5,CAASPP_Tier_Data_Updated.csv,Medium,Year inferred from grade progression and 2024-25 roster alignment.
2018397,likely 2023-24,CAASPP,ELA,2558.0,Willard Middle School,8,CAASPP_Tier_Data_Updated.csv,Medium,Year inferred from grade progression and 2024-25 roster alignment.
2005351,likely 2023-24,CAASPP,ELA,2600.0,Berkeley High School,12,CAASPP_Tier_Data_Updated.csv,Medium,Year inferred from grade progression and 2024-25 roster alignment.
2005595,likely 2023-24,CAASPP,ELA,2627.0,Berkeley High School,12,CAASPP_Tier_Data_Updated.csv,Medium,Year inferred from grade progression and 2024-25 roster alignment.
2012891,likely 2023-24,CAASPP,ELA,2586.0,Willard Middle School,8,CAASPP_Tier_Data_Updated.csv,Medium,Year inferred from grade progression and 2024-25 roster alignment.
2022749,likely 2023-24,CAASPP,ELA,2446.0,Berkeley Arts Magnet Elementary School,4,CAASPP_Tier_Data_Updated.csv,Medium,Year inferred from grade progression and 2024-25 roster alignment.
2018208,likely 2023-24,CAASPP,ELA,2499.0,Oxford Elementary School,5,CAASPP_Tier_Data_Updated.csv,Medium,Year inferred from grade progression and 2024-25 roster alignment.
2006317,likely 2023-24,CAASPP,ELA,2651.0,Berkeley High School,12,CAASPP_Tier_Data_Updated.csv,Medium,Year inferred from grade progression and 2024-25 roster alignment.
2020728,likely 2023-24,CAASPP,ELA,2615.0,Martin Luther King Middle School,7,CAASPP_Tier_Data_Updated.csv,Medium,Year inferred from grade progression and 2024-25 roster alignment.
2010901,likely 2023-24,CAASPP,ELA,2666.0,Berkeley High School,9,CAASPP_Tier_Data_Updated.csv,Medium,Year inferred from grade progression and 2024-25 roster alignment.
2018102,likely 2023-24,CAASPP,ELA,2504.0,Cragmont Elementary School,5,CAASPP_Tier_Data_Updated.csv,Medium,Year inferred from grade progression and 2024-25 roster alignment.
2015044,likely 2023-24,CAASPP,ELA,2569.0,Longfellow Arts and Technology Middle,7,CAASPP_Tier_Data_Updated.csv,Medium,Year inferred from grade progression and 2024-25 roster alignment.
2012980,likely 2023-24,CAASPP,ELA,2634.0,Longfellow Arts and Technology Middle,8,CAASPP_Tier_Data_Updated.csv,Medium,Year inferred from grade progression and 2024-25 roster alignment.
2012881,likely 2023-24,CAASPP,ELA,2593.0,Longfellow Arts and Technology Middle,8,CAASPP_Tier_Data_Updated.csv,Medium,Year inferred from grade progression and 2024-25 roster alignment.
2018515,likely 2023-24,CAASPP,ELA,2631.0,Longfellow Arts and Technology Middle,7,CAASPP_Tier_Data_Updated.csv,Medium,Year inferred from grade progression and 2024-25 roster alignment.
2019761,likely 2023-24,CAASPP,ELA,2453.0,Oxford Elementary School,4,CAASPP_Tier_Data_Updated.csv,Medium,Year inferred from grade progression and 2024-25 roster alignment.
2011478,likely 2023-24,CAASPP,ELA,2642.0,Willard Middle School,8,CAASPP_Tier_Data_Updated.csv,Medium,Year inferred from grade progression and 2024-25 roster alignment.
2011223,likely 2023-24,CAASPP,ELA,2646.0,Berkeley High School,9,CAASPP_Tier_Data_Updated.csv,Medium,Year inferred from grade progression and 2024-25 roster alignment.
2016605,likely 2023-24,CAASPP,ELA,2542.0,Longfellow Arts and Technology Middle,6,CAASPP_Tier_Data_Updated.csv,Medium,Year inferred from grade progression and 2024-25 roster alignment.
2024227,likely 2023-24,CAASPP,ELA,2630.0,Willard Middle School,8,CAASPP_Tier_Data_Updated.csv,Medium,Year inferred from grade progression and 2024-25 roster alignment.
2020646,likely 2023-24,CAASPP,ELA,2510.0,Thousand Oaks Elementary School,5,CAASPP_Tier_Data_Updated.csv,Medium,Year inferred from grade progression and 2024-25 roster alignment.
2013236,likely 2023-24,CAASPP,ELA,2580.0,Willard Middle School,8,CAASPP_Tier_Data_Updated.csv,Medium,Year inferred from grade progression and 2024-25 roster alignment.
2017036,likely 2023-24,CAASPP,ELA,2540.0,Martin Luther King Middle School,6,CAASPP_Tier_Data_Updated.csv,Medium,Year inferred from grade progression and 2024-25 roster alignment.
2016282,likely 2023-24,CAASPP,ELA,2554.0,Martin Luther King Middle School,6,CAASPP_Tier_Data_Updated.csv,Medium,Year inferred from grade progression and 2024-25 roster alignment.
2016817,likely 2023-24,CAASPP,ELA,2599.0,Berkeley High School,12,CAASPP_Tier_Data_Updated.csv,Medium,Year inferred from grade progression and 2024-25 roster alignment.
2011482,likely 2023-24,CAASPP,ELA,2610.0,Martin Luther King Middle School,8,CAASPP_Tier_Data_Updated.csv,Medium,Year inferred from grade progression and 2024-25 roster alignment.
2017256,likely 2023-24,CAASPP,ELA,2574.0,Martin Luther King Middle School,6,CAASPP_Tier_Data_Updated.csv,Medium,Year inferred from grade progression and 2024-25 roster alignment.
2018731,likely 2023-24,CAASPP,ELA,2648.0,Berkeley High School,9,CAASPP_Tier_Data_Updated.csv,Medium,Year inferred from grade progression and 2024-25 roster alignment.
2015134,likely 2023-24,CAASPP,ELA,2520.0,Martin Luther King Middle School,6,CAASPP_Tier_Data_Updated.csv,Medium,Year inferred from grade progression and 2024-25 roster alignment.
2011339,likely 2023-24,CAASPP,ELA,2647.0,Berkeley High School,9,CAASPP_Tier_Data_Updated.csv,Medium,Year inferred from grade progression and 2024-25 roster alignment.
2010038,likely 2023-24,CAASPP,ELA,2571.0,Berkeley High School,9,CAASPP_Tier_Data_Updated.csv,Medium,Year inferred from grade progression and 2024-25 roster alignment.
2010113,likely 2023-24,CAASPP,ELA,2630.0,Berkeley High School,12,CAASPP_Tier_Data_Updated.csv,Medium,Year inferred from grade progression and 2024-25 roster alignment.
2017948,likely 2023-24,CAASPP,ELA,2485.0,Oxford Elementary School,5,CAASPP_Tier_Data_Updated.csv,Medium,Year inferred from grade progression and 2024-25 roster alignment.
2016280,likely 2023-24,CAASPP,ELA,2551.0,Willard Middle School,6,CAASPP_Tier_Data_Updated.csv,Medium,Year inferred from grade progression and 2024-25 roster alignment.
2014755,likely 2023-24,CAASPP,ELA,2562.0,Martin Luther King Middle School,6,CAASPP_Tier_Data_Updated.csv,Medium,Year inferred from grade progression and 2024-25 roster alignment.
2013795,likely 2023-24,CAASPP,ELA,2602.0,Martin Luther King Middle School,8,CAASPP_Tier_Data_Updated.csv,Medium,Year inferred from grade progression and 2024-25 roster alignment.
2015014,likely 2023-24,CAASPP,ELA,2561.0,Willard Middle School,6,CAASPP_Tier_Data_Updated.csv,Medium,Year inferred from grade progression and 2024-25 roster alignment.
2013479,likely 2023-24,CAASPP,ELA,2558.0,Martin Luther King Middle School,8,CAASPP_Tier_Data_Updated.csv,Medium,Year inferred from grade progression and 2024-25 roster alignment.
2016860,likely 2023-24,CAASPP,ELA,2612.0,Berkeley High School,12,CAASPP_Tier_Data_Updated.csv,Medium,Year inferred from grade progression and 2024-25 roster alignment.
2018621,likely 2023-24,CAASPP,ELA,2539.0,Martin Luther King Middle School,6,CAASPP_Tier_Data_Updated.csv,Medium,Year inferred from grade progression and 2024-25 roster alignment.
2014780,likely 2023-24,CAASPP,ELA,2553.0,Longfellow Arts and Technology Middle,7,CAASPP_Tier_Data_Updated.csv,Medium,Year inferred from grade progression and 2024-25 roster alignment.
2016355,likely 2023-24,CAASPP,ELA,2580.0,Martin Luther King Middle School,6,CAASPP_Tier_Data_Updated.csv,Medium,Year inferred from grade progression and 2024-25 roster alignment.
2021935,likely 2023-24,CAASPP,ELA,2621.0,Berkeley High School,12,CAASPP_Tier_Data_Updated.csv,Medium,Year inferred from grade progression and 2024-25 roster alignment.
2023873,likely 2023-24,CAASPP,ELA,2577.0,Willard Middle School,6,CAASPP_Tier_Data_Updated.csv,Medium,Year inferred from grade progression and 2024-25 roster alignment.
2011321,likely 2023-24,CAASPP,ELA,2599.0,Berkeley High School,9,CAASPP_Tier_Data_Updated.csv,Medium,Year inferred from grade progression and 2024-25 roster alignment.
2018283,likely 2023-24,CAASPP,ELA,2601.0,Berkeley High School,9,CAASPP_Tier_Data_Updated.csv,Medium,Year inferred from grade progression and 2024-25 roster alignment.
2018282,likely 2023-24,CAASPP,ELA,2617.0,Willard Middle School,8,CAASPP_Tier_Data_Updated.csv,Medium,Year inferred from grade progression and 2024-25 roster alignment.
2022488,likely 2023-24,CAASPP,ELA,2478.0,Thousand Oaks Elementary School,4,CAASPP_Tier_Data_Updated.csv,Medium,Year inferred from grade progression and 2024-25 roster alignment.
2020762,likely 2023-24,CAASPP,ELA,2678.0,Berkeley High School,12,CAASPP_Tier_Data_Updated.csv,Medium,Year inferred from grade progression and 2024-25 roster alignment.
2012647,likely 2023-24,CAASPP,ELA,2572.0,Longfellow Arts and Technology Middle,8,CAASPP_Tier_Data_Updated.csv,Medium,Year inferred from grade progression and 2024-25 roster alignment.
2011088,likely 2023-24,CAASPP,ELA,2667.0,Berkeley High School,9,CAASPP_Tier_Data_Updated.csv,Medium,Year inferred from grade progression and 2024-25 roster alignment.
2011364,likely 2023-24,CAASPP,ELA,2585.0,Berkeley High School,9,CAASPP_Tier_Data_Updated.csv,Medium,Year inferred from grade progression and 2024-25 roster alignment.
2016136,likely 2023-24,CAASPP,ELA,2572.0,Martin Luther King Middle School,6,CAASPP_Tier_Data_Updated.csv,Medium,Year inferred from grade progression and 2024-25 roster alignment.
2011876,likely 2023-24,CAASPP,ELA,2578.0,Martin Luther King Middle School,8,CAASPP_Tier_Data_Updated.csv,Medium,Year inferred from grade progression and 2024-25 roster alignment.
2014307,likely 2023-24,CAASPP,ELA,2544.0,Longfellow Arts and Technology Middle,7,CAASPP_Tier_Data_Updated.csv,Medium,Year inferred from grade progression and 2024-25 roster alignment.
2019066,likely 2023-24,CAASPP,ELA,2472.0,Washington Elementary School,4,CAASPP_Tier_Data_Updated.csv,Medium,Year inferred from grade progression and 2024-25 roster alignment.
2011411,likely 2023-24,CAASPP,ELA,2574.0,Longfellow Arts and Technology Middle,8,CAASPP_Tier_Data_Updated.csv,Medium,Year inferred from grade progression and 2024-25 roster alignment.
2022644,likely 2023-24,CAASPP,ELA,2630.0,Martin Luther King Middle School,8,CAASPP_Tier_Data_Updated.csv,Medium,Year inferred from grade progression and 2024-25 roster alignment.
2019818,likely 2023-24,CAASPP,ELA,2451.0,Oxford Elementary School,4,CAASPP_Tier_Data_Updated.csv,Medium,Year inferred from grade progression and 2024-25 roster alignment.
2012204,likely 2023-24,CAASPP,ELA,2644.0,Berkeley High School,9,CAASPP_Tier_Data_Updated.csv,Medium,Year inferred from grade progression and 2024-25 roster alignment.
2011711,likely 2023-24,CAASPP,ELA,2608.0,Willard Middle School,8,CAASPP_Tier_Data_Updated.csv,Medium,Year inferred from grade progression and 2024-25 roster alignment.
2015561,likely 2023-24,CAASPP,ELA,2575.0,Longfellow Arts and Technology Middle,8,CAASPP_Tier_Data_Updated.csv,Medium,Year inferred from grade progression and 2024-25 roster alignment.
2015562,likely 2023-24,CAASPP,ELA,2552.0,Longfellow Arts and Technology Middle,8,CAASPP_Tier_Data_Updated.csv,Medium,Year inferred from grade progression and 2024-25 roster alignment.
2019440,likely 2023-24,CAASPP,ELA,2513.0,Malcolm X Elementary School,5,CAASPP_Tier_Data_Updated.csv,Medium,Year inferred from grade progression and 2024-25 roster alignment.
2009827,likely 2023-24,CAASPP,ELA,2606.0,Berkeley High School,9,CAASPP_Tier_Data_Updated.csv,Medium,Year inferred from grade progression and 2024-25 roster alignment.
2006109,likely 2023-24,CAASPP,ELA,2673.0,Berkeley High School,12,CAASPP_Tier_Data_Updated.csv,Medium,Year inferred from grade progression and 2024-25 roster alignment.
2010802,likely 2023-24,CAASPP,ELA,2702.0,Berkeley High School,12,CAASPP_Tier_Data_Updated.csv,Medium,Year inferred from grade progression and 2024-25 roster alignment.
2020666,likely 2023-24,CAASPP,ELA,2604.0,Cragmont Elementary School,5,CAASPP_Tier_Data_Updated.csv,Medium,Year inferred from grade progression and 2024-25 roster alignment.
2020734,likely 2023-24,CAASPP,ELA,2590.0,Berkeley Arts Magnet Elementary School,5,CAASPP_Tier_Data_Updated.csv,Medium,Year inferred from grade progression and 2024-25 roster alignment.
2014884,likely 2023-24,CAASPP,ELA,2728.0,Martin Luther King Middle School,8,CAASPP_Tier_Data_Updated.csv,Medium,Year inferred from grade progression and 2024-25 roster alignment.
2017470,likely 2023-24,CAASPP,ELA,2499.0,Washington Elementary School,4,CAASPP_Tier_Data_Updated.csv,Medium,Year inferred from grade progression and 2024-25 roster alignment.
2009811,likely 2023-24,CAASPP,ELA,2813.0,Berkeley High School,9,CAASPP_Tier_Data_Updated.csv,Medium,Year inferred from grade progression and 2024-25 roster alignment.
2015784,likely 2023-24,CAASPP,ELA,2641.0,Martin Luther King Middle School,6,CAASPP_Tier_Data_Updated.csv,Medium,Year inferred from grade progression and 2024-25 roster alignment.
2019570,likely 2023-24,CAASPP,ELA,2496.0,Emerson Elementary School,4,CAASPP_Tier_Data_Updated.csv,Medium,Year inferred from grade progression and 2024-25 roster alignment.
2022849,likely 2023-24,CAASPP,ELA,2589.0,John Muir Elementary School,5,CAASPP_Tier_Data_Updated.csv,Medium,Year inferred from grade progression and 2024-25 roster alignment.
2019928,likely 2023-24,CAASPP,ELA,2708.0,Berkeley High School,12,CAASPP_Tier_Data_Updated.csv,Medium,Year inferred from grade progression and 2024-25 roster alignment.
2015786,likely 2023-24,CAASPP,ELA,2580.0,Cragmont Elementary School,5,CAASPP_Tier_Data_Updated.csv,Medium,Year inferred from grade progression and 2024-25 roster alignment.
2016537,likely 2023-24,CAASPP,ELA,2603.0,Martin Luther King Middle School,6,CAASPP_Tier_Data_Updated.csv,Medium,Year inferred from grade progression and 2024-25 roster alignment.
2018093,likely 2023-24,CAASPP,ELA,2641.0,Oxford Elementary School,5,CAASPP_Tier_Data_Updated.csv,Medium,Year inferred from grade progression and 2024-25 roster alignment.
2013132,likely 2023-24,CAASPP,ELA,2630.0,Martin Luther King Middle School,7,CAASPP_Tier_Data_Updated.csv,Medium,Year inferred from grade progression and 2024-25 roster alignment.
2016805,likely 2023-24,CAASPP,ELA,2538.0,Oxford Elementary School,4,CAASPP_Tier_Data_Updated.csv,Medium,Year inferred from grade progression and 2024-25 roster alignment.
2011846,likely 2023-24,CAASPP,ELA,2684.0,Martin Luther King Middle School,8,CAASPP_Tier_Data_Updated.csv,Medium,Year inferred from grade progression and 2024-25 roster alignment.
2014478,likely 2023-24,CAASPP,ELA,2674.0,Berkeley High School,9,CAASPP_Tier_Data_Updated.csv,Medium,Year inferred from grade progression and 2024-25 roster alignment.
2015803,likely 2023-24,CAASPP,ELA,2730.0,Longfellow Arts and Technology Middle,6,CAASPP_Tier_Data_Updated.csv,Medium,Year inferred from grade progression and 2024-25 roster alignment.
2020420,likely 2023-24,CAASPP,ELA,2637.0,Berkeley Arts Magnet Elementary School,5,CAASPP_Tier_Data_Updated.csv,Medium,Year inferred from grade progression and 2024-25 roster alignment.
2015846,likely 2023-24,CAASPP,ELA,2624.0,Ruth Acty Elementary School,5,CAASPP_Tier_Data_Updated.csv,Medium,Year inferred from grade progression and 2024-25 roster alignment.
2005447,likely 2023-24,CAASPP,ELA,2786.0,Berkeley High School,12,CAASPP_Tier_Data_Updated.csv,Medium,Year inferred from grade progression and 2024-25 roster alignment.
2014382,likely 2023-24,CAASPP,ELA,2625.0,Longfellow Arts and Technology Middle,7,CAASPP_Tier_Data_Updated.csv,Medium,Year inferred from grade progression and 2024-25 roster alignment.
2012946,likely 2023-24,CAASPP,ELA,2740.0,Martin Luther King Middle School,8,CAASPP_Tier_Data_Updated.csv,Medium,Year inferred from grade progression and 2024-25 roster alignment.
2005430,likely 2023-24,CAASPP,ELA,2844.0,Berkeley High School,12,CAASPP_Tier_Data_Updated.csv,Medium,Year inferred from grade progression and 2024-25 roster alignment.
2015812,likely 2023-24,CAASPP,ELA,2676.0,Longfellow Arts and Technology Middle,6,CAASPP_Tier_Data_Updated.csv,Medium,Year inferred from grade progression and 2024-25 roster alignment.
2012674,likely 2023-24,CAASPP,ELA,2722.0,Martin Luther King Middle School,8,CAASPP_Tier_Data_Updated.csv,Medium,Year inferred from grade progression and 2024-25 roster alignment.
2015882,likely 2023-24,CAASPP,ELA,2730.0,Martin Luther King Middle School,6,CAASPP_Tier_Data_Updated.csv,Medium,Year inferred from grade progression and 2024-25 roster alignment.
2005385,likely 2023-24,CAASPP,ELA,2710.0,Berkeley High School,12,CAASPP_Tier_Data_Updated.csv,Medium,Year inferred from grade progression and 2024-25 roster alignment.
2019287,likely 2023-24,CAASPP,ELA,2517.0,Malcolm X Elementary School,4,CAASPP_Tier_Data_Updated.csv,Medium,Year inferred from grade progression and 2024-25 roster alignment.
2019464,likely 2023-24,CAASPP,ELA,2493.0,Malcolm X Elementary School,4,CAASPP_Tier_Data_Updated.csv,Medium,Year inferred from grade progression and 2024-25 roster alignment.
2015900,likely 2023-24,CAASPP,ELA,2670.0,Willard Middle School,6,CAASPP_Tier_Data_Updated.csv,Medium,Year inferred from grade progression and 2024-25 roster alignment.
2017675,likely 2023-24,CAASPP,ELA,2611.0,Ruth Acty Elementary School,5,CAASPP_Tier_Data_Updated.csv,Medium,Year inferred from grade progression and 2024-25 roster alignment.
2015937,likely 2023-24,CAASPP,ELA,2593.0,Martin Luther King Middle School,6,CAASPP_Tier_Data_Updated.csv,Medium,Year inferred from grade progression and 2024-25 roster alignment.
2015539,likely 2023-24,CAASPP,ELA,2702.0,Berkeley High School,9,CAASPP_Tier_Data_Updated.csv,Medium,Year inferred from grade progression and 2024-25 roster alignment.
2017570,likely 2023-24,CAASPP,ELA,2547.0,Rosa Parks Elementary School,5,CAASPP_Tier_Data_Updated.csv,Medium,Year inferred from grade progression and 2024-25 roster alignment.
2017480,likely 2023-24,CAASPP,ELA,2554.0,John Muir Elementary School,4,CAASPP_Tier_Data_Updated.csv,Medium,Year inferred from grade progression and 2024-25 roster alignment.
2014245,likely 2023-24,CAASPP,ELA,2621.0,Longfellow Arts and Technology Middle,7,CAASPP_Tier_Data_Updated.csv,Medium,Year inferred from grade progression and 2024-25 roster alignment.
2019263,likely 2023-24,CAASPP,ELA,2515.0,Berkeley Arts Magnet Elementary School,4,CAASPP_Tier_Data_Updated.csv,Medium,Year inferred from grade progression and 2024-25 roster alignment.
2017723,likely 2023-24,CAASPP,ELA,2551.0,Berkeley Arts Magnet Elementary School,4,CAASPP_Tier_Data_Updated.csv,Medium,Year inferred from grade progression and 2024-25 roster alignment.
2019585,likely 2023-24,CAASPP,ELA,2653.0,Willard Middle School,7,CAASPP_Tier_Data_Updated.csv,Medium,Year inferred from grade progression and 2024-25 roster alignment.
2024132,likely 2023-24,CAASPP,ELA,2753.0,Berkeley High School,12,CAASPP_Tier_Data_Updated.csv,Medium,Year inferred from grade progression and 2024-25 roster alignment.
2023487,likely 2023-24,CAASPP,ELA,2507.0,Sylvia Mendez Elementary School,4,CAASPP_Tier_Data_Updated.csv,Medium,Year inferred from grade progression and 2024-25 roster alignment.
2019225,likely 2023-24,CAASPP,ELA,2644.0,Malcolm X Elementary School,5,CAASPP_Tier_Data_Updated.csv,Medium,Year inferred from grade progression and 2024-25 roster alignment.
2019228,likely 2023-24,CAASPP,ELA,2595.0,Willard Middle School,6,CAASPP_Tier_Data_Updated.csv,Medium,Year inferred from grade progression and 2024-25 roster alignment.
2022206,likely 2023-24,CAASPP,ELA,2552.0,Sylvia Mendez Elementary School,4,CAASPP_Tier_Data_Updated.csv,Medium,Year inferred from grade progression and 2024-25 roster alignment.
2013222,likely 2023-24,CAASPP,ELA,2735.0,Willard Middle School,8,CAASPP_Tier_Data_Updated.csv,Medium,Year inferred from grade progression and 2024-25 roster alignment.
2014656,likely 2023-24,CAASPP,ELA,2654.0,Willard Middle School,6,CAASPP_Tier_Data_Updated.csv,Medium,Year inferred from grade progression and 2024-25 roster alignment.
2018655,likely 2023-24,CAASPP,ELA,2669.0,Willard Middle School,6,CAASPP_Tier_Data_Updated.csv,Medium,Year inferred from grade progression and 2024-25 roster alignment.
2020411,likely 2023-24,CAASPP,ELA,2596.0,Cragmont Elementary School,5,CAASPP_Tier_Data_Updated.csv,Medium,Year inferred from grade progression and 2024-25 roster alignment.
2014905,likely 2023-24,CAASPP,ELA,2752.0,Berkeley High School,12,CAASPP_Tier_Data_Updated.csv,Medium,Year inferred from grade progression and 2024-25 roster alignment.
2014458,likely 2023-24,CAASPP,ELA,2667.0,Willard Middle School,7,CAASPP_Tier_Data_Updated.csv,Medium,Year inferred from grade progression and 2024-25 roster alignment.
2014933,likely 2023-24,CAASPP,ELA,2709.0,Longfellow Arts and Technology Middle,8,CAASPP_Tier_Data_Updated.csv,Medium,Year inferred from grade progression and 2024-25 roster alignment.
2010872,likely 2023-24,CAASPP,ELA,2670.0,Longfellow Arts and Technology Middle,8,CAASPP_Tier_Data_Updated.csv,Medium,Year inferred from grade progression and 2024-25 roster alignment.
2018020,likely 2023-24,CAASPP,ELA,2538.0,Ruth Acty Elementary School,5,CAASPP_Tier_Data_Updated.csv,Medium,Year inferred from grade progression and 2024-25 roster alignment.
2019363,likely 2023-24,CAASPP,ELA,2565.0,Malcolm X Elementary School,4,CAASPP_Tier_Data_Updated.csv,Medium,Year inferred from grade progression and 2024-25 roster alignment.
2015964,likely 2023-24,CAASPP,ELA,2650.0,Malcolm X Elementary School,5,CAASPP_Tier_Data_Updated.csv,Medium,Year inferred from grade progression and 2024-25 roster alignment.
2011274,likely 2023-24,CAASPP,ELA,2706.0,Berkeley High School,9,CAASPP_Tier_Data_Updated.csv,Medium,Year inferred from grade progression and 2024-25 roster alignment.
2006492,likely 2023-24,CAASPP,ELA,2823.0,Berkeley High School,12,CAASPP_Tier_Data_Updated.csv,Medium,Year inferred from grade progression and 2024-25 roster alignment.
2005558,likely 2023-24,CAASPP,ELA,2778.0,Berkeley High School,12,CAASPP_Tier_Data_Updated.csv,Medium,Year inferred from grade progression and 2024-25 roster alignment.
2018902,likely 2023-24,CAASPP,ELA,2655.0,Oxford Elementary School,5,CAASPP_Tier_Data_Updated.csv,Medium,Year inferred from grade progression and 2024-25 roster alignment.
2011732,likely 2023-24,CAASPP,ELA,2741.0,Martin Luther King Middle School,8,CAASPP_Tier_Data_Updated.csv,Medium,Year inferred from grade progression and 2024-25 roster alignment.
2025008,likely 2023-24,CAASPP,ELA,2803.0,Berkeley High School,12,CAASPP_Tier_Data_Updated.csv,Medium,Year inferred from grade progression and 2024-25 roster alignment.
2014739,likely 2023-24,CAASPP,ELA,2632.0,Martin Luther King Middle School,6,CAASPP_Tier_Data_Updated.csv,Medium,Year inferred from grade progression and 2024-25 roster alignment.
2018766,likely 2023-24,CAASPP,ELA,2630.0,Longfellow Arts and Technology Middle,6,CAASPP_Tier_Data_Updated.csv,Medium,Year inferred from grade progression and 2024-25 roster alignment.
2021373,likely 2023-24,CAASPP,ELA,2645.0,Berkeley Arts Magnet Elementary School,5,CAASPP_Tier_Data_Updated.csv,Medium,Year inferred from grade progression and 2024-25 roster alignment.
2016106,likely 2023-24,CAASPP,ELA,2617.0,Willard Middle School,6,CAASPP_Tier_Data_Updated.csv,Medium,Year inferred from grade progression and 2024-25 roster alignment.
2013098,likely 2023-24,CAASPP,ELA,2682.0,Martin Luther King Middle School,7,CAASPP_Tier_Data_Updated.csv,Medium,Year inferred from grade progression and 2024-25 roster alignment.
2019988,likely 2023-24,CAASPP,ELA,2810.0,Martin Luther King Middle School,8,CAASPP_Tier_Data_Updated.csv,Medium,Year inferred from grade progression and 2024-25 roster alignment.
2019987,likely 2023-24,CAASPP,ELA,2557.0,Thousand Oaks Elementary School,4,CAASPP_Tier_Data_Updated.csv,Medium,Year inferred from grade progression and 2024-25 roster alignment.
2017701,likely 2023-24,CAASPP,ELA,2541.0,Berkeley Arts Magnet Elementary School,5,CAASPP_Tier_Data_Updated.csv,Medium,Year inferred from grade progression and 2024-25 roster alignment.
2016126,likely 2023-24,CAASPP,ELA,2693.0,Willard Middle School,6,CAASPP_Tier_Data_Updated.csv,Medium,Year inferred from grade progression and 2024-25 roster alignment.
2012753,likely 2023-24,CAASPP,ELA,2686.0,Willard Middle School,8,CAASPP_Tier_Data_Updated.csv,Medium,Year inferred from grade progression and 2024-25 roster alignment.
2018981,likely 2023-24,CAASPP,ELA,2571.0,Berkeley Arts Magnet Elementary School,4,CAASPP_Tier_Data_Updated.csv,Medium,Year inferred from grade progression and 2024-25 roster alignment.
2015617,likely 2023-24,CAASPP,ELA,2496.0,Thousand Oaks Elementary School,4,CAASPP_Tier_Data_Updated.csv,Medium,Year inferred from grade progression and 2024-25 roster alignment.
2012542,likely 2023-24,CAASPP,ELA,2658.0,Martin Luther King Middle School,8,CAASPP_Tier_Data_Updated.csv,Medium,Year inferred from grade progression and 2024-25 roster alignment.
2018012,likely 2023-24,CAASPP,ELA,2550.0,Ruth Acty Elementary School,4,CAASPP_Tier_Data_Updated.csv,Medium,Year inferred from grade progression and 2024-25 roster alignment.
2018207,likely 2023-24,CAASPP,ELA,2566.0,Ruth Acty Elementary School,5,CAASPP_Tier_Data_Updated.csv,Medium,Year inferred from grade progression and 2024-25 roster alignment.
2005297,likely 2023-24,CAASPP,ELA,2715.0,Berkeley High School,12,CAASPP_Tier_Data_Updated.csv,Medium,Year inferred from grade progression and 2024-25 roster alignment.
2017926,likely 2023-24,CAASPP,ELA,2543.0,Berkeley Arts Magnet Elementary School,4,CAASPP_Tier_Data_Updated.csv,Medium,Year inferred from grade progression and 2024-25 roster alignment.
2016318,likely 2023-24,CAASPP,ELA,2668.0,Longfellow Arts and Technology Middle,6,CAASPP_Tier_Data_Updated.csv,Medium,Year inferred from grade progression and 2024-25 roster alignment.
2016317,likely 2023-24,CAASPP,ELA,2648.0,Longfellow Arts and Technology Middle,6,CAASPP_Tier_Data_Updated.csv,Medium,Year inferred from grade progression and 2024-25 roster alignment.
2017231,likely 2023-24,CAASPP,ELA,2743.0,Berkeley High School,12,CAASPP_Tier_Data_Updated.csv,Medium,Year inferred from grade progression and 2024-25 roster alignment.
2017721,likely 2023-24,CAASPP,ELA,2538.0,Malcolm X Elementary School,5,CAASPP_Tier_Data_Updated.csv,Medium,Year inferred from grade progression and 2024-25 roster alignment.
2017500,likely 2023-24,CAASPP,ELA,2721.0,Willard Middle School,8,CAASPP_Tier_Data_Updated.csv,Medium,Year inferred from grade progression and 2024-25 roster alignment.
2017770,likely 2023-24,CAASPP,ELA,2680.0,Malcolm X Elementary School,5,CAASPP_Tier_Data_Updated.csv,Medium,Year inferred from grade progression and 2024-25 roster alignment.
2022123,likely 2023-24,CAASPP,ELA,2630.0,Longfellow Arts and Technology Middle,7,CAASPP_Tier_Data_Updated.csv,Medium,Year inferred from grade progression and 2024-25 roster alignment.
2022124,likely 2023-24,CAASPP,ELA,2534.0,Cragmont Elementary School,4,CAASPP_Tier_Data_Updated.csv,Medium,Year inferred from grade progression and 2024-25 roster alignment.
2017494,likely 2023-24,CAASPP,ELA,2747.0,Willard Middle School,7,CAASPP_Tier_Data_Updated.csv,Medium,Year inferred from grade progression and 2024-25 roster alignment.
2010885,likely 2023-24,CAASPP,ELA,2730.0,Berkeley High School,9,CAASPP_Tier_Data_Updated.csv,Medium,Year inferred from grade progression and 2024-25 roster alignment.
2017931,likely 2023-24,CAASPP,ELA,2540.0,Thousand Oaks Elementary School,5,CAASPP_Tier_Data_Updated.csv,Medium,Year inferred from grade progression and 2024-25 roster alignment.
2012962,likely 2023-24,CAASPP,ELA,2650.0,Martin Luther King Middle School,8,CAASPP_Tier_Data_Updated.csv,Medium,Year inferred from grade progression and 2024-25 roster alignment.
2019584,likely 2023-24,CAASPP,ELA,2555.0,Emerson Elementary School,4,CAASPP_Tier_Data_Updated.csv,Medium,Year inferred from grade progression and 2024-25 roster alignment.
2010579,likely 2023-24,CAASPP,ELA,2682.0,Berkeley High School,9,CAASPP_Tier_Data_Updated.csv,Medium,Year inferred from grade progression and 2024-25 roster alignment.
2012036,likely 2023-24,CAASPP,ELA,2755.0,Berkeley High School,9,CAASPP_Tier_Data_Updated.csv,Medium,Year inferred from grade progression and 2024-25 roster alignment.
2016071,likely 2023-24,CAASPP,ELA,2630.0,Berkeley Arts Magnet Elementary School,5,CAASPP_Tier_Data_Updated.csv,Medium,Year inferred from grade progression and 2024-25 roster alignment.
2014942,likely 2023-24,CAASPP,ELA,2597.0,Willard Middle School,6,CAASPP_Tier_Data_Updated.csv,Medium,Year inferred from grade progression and 2024-25 roster alignment.
2017685,likely 2023-24,CAASPP,ELA,2572.0,Cragmont Elementary School,5,CAASPP_Tier_Data_Updated.csv,Medium,Year inferred from grade progression and 2024-25 roster alignment.
2021035,likely 2023-24,CAASPP,ELA,2498.0,Emerson Elementary School,4,CAASPP_Tier_Data_Updated.csv,Medium,Year inferred from grade progression and 2024-25 roster alignment.
2023875,likely 2023-24,CAASPP,ELA,2552.0,Malcolm X Elementary School,4,CAASPP_Tier_Data_Updated.csv,Medium,Year inferred from grade progression and 2024-25 roster alignment.
2017262,likely 2023-24,CAASPP,ELA,2600.0,Longfellow Arts and Technology Middle,6,CAASPP_Tier_Data_Updated.csv,Medium,Year inferred from grade progression and 2024-25 roster alignment.
2021212,likely 2023-24,CAASPP,ELA,2707.0,Berkeley High School,12,CAASPP_Tier_Data_Updated.csv,Medium,Year inferred from grade progression and 2024-25 roster alignment.
2016357,likely 2023-24,CAASPP,ELA,2587.0,Ruth Acty Elementary School,5,CAASPP_Tier_Data_Updated.csv,Medium,Year inferred from grade progression and 2024-25 roster alignment.
2014197,likely 2023-24,CAASPP,ELA,2625.0,Willard Middle School,7,CAASPP_Tier_Data_Updated.csv,Medium,Year inferred from grade progression and 2024-25 roster alignment.
2011133,likely 2023-24,CAASPP,ELA,2713.0,Berkeley High School,9,CAASPP_Tier_Data_Updated.csv,Medium,Year inferred from grade progression and 2024-25 roster alignment.
2015467,likely 2023-24,CAASPP,ELA,2673.0,Martin Luther King Middle School,7,CAASPP_Tier_Data_Updated.csv,Medium,Year inferred from grade progression and 2024-25 roster alignment.
2016138,likely 2023-24,CAASPP,ELA,2541.0,Thousand Oaks Elementary School,5,CAASPP_Tier_Data_Updated.csv,Medium,Year inferred from grade progression and 2024-25 roster alignment.
2014788,likely 2023-24,CAASPP,ELA,2668.0,Martin Luther King Middle School,7,CAASPP_Tier_Data_Updated.csv,Medium,Year inferred from grade progression and 2024-25 roster alignment.
2016945,likely 2023-24,CAASPP,ELA,2704.0,Berkeley High School,9,CAASPP_Tier_Data_Updated.csv,Medium,Year inferred from grade progression and 2024-25 roster alignment.
2016379,likely 2023-24,CAASPP,ELA,2648.0,Willard Middle School,6,CAASPP_Tier_Data_Updated.csv,Medium,Year inferred from grade progression and 2024-25 roster alignment.
2012570,likely 2023-24,CAASPP,ELA,2735.0,Willard Middle School,8,CAASPP_Tier_Data_Updated.csv,Medium,Year inferred from grade progression and 2024-25 roster alignment.
2016593,likely 2023-24,CAASPP,ELA,2611.0,Willard Middle School,6,CAASPP_Tier_Data_Updated.csv,Medium,Year inferred from grade progression and 2024-25 roster alignment.
2019764,likely 2023-24,CAASPP,ELA,2503.0,Washington Elementary School,4,CAASPP_Tier_Data_Updated.csv,Medium,Year inferred from grade progression and 2024-25 roster alignment.
2016337,likely 2023-24,CAASPP,ELA,2658.0,Longfellow Arts and Technology Middle,6,CAASPP_Tier_Data_Updated.csv,Medium,Year inferred from grade progression and 2024-25 roster alignment.
2010945,likely 2023-24,CAASPP,Math,2495.0,Berkeley High School,9,CAASPP_Tier_Data_Updated.csv,Medium,Year inferred from grade progression and 2024-25 roster alignment.
2017849,likely 2023-24,CAASPP,Math,2217.0,Cragmont Elementary School,4,CAASPP_Tier_Data_Updated.csv,Medium,Year inferred from grade progression and 2024-25 roster alignment.
2013207,likely 2023-24,CAASPP,Math,2442.0,Martin Luther King Middle School,8,CAASPP_Tier_Data_Updated.csv,Medium,Year inferred from grade progression and 2024-25 roster alignment.
2015601,likely 2023-24,CAASPP,Math,2521.0,Berkeley High School,9,CAASPP_Tier_Data_Updated.csv,Medium,Year inferred from grade progression and 2024-25 roster alignment.
2017643,likely 2023-24,CAASPP,Math,2466.0,Emerson Elementary School,5,CAASPP_Tier_Data_Updated.csv,Medium,Year inferred from grade progression and 2024-25 roster alignment.
2013268,likely 2023-24,CAASPP,Math,2450.0,Martin Luther King Middle School,6,CAASPP_Tier_Data_Updated.csv,Medium,Year inferred from grade progression and 2024-25 roster alignment.
2024343,likely 2023-24,CAASPP,Math,2488.0,Willard Middle School,7,CAASPP_Tier_Data_Updated.csv,Medium,Year inferred from grade progression and 2024-25 roster alignment.
2003280,likely 2023-24,CAASPP,Math,2569.0,Berkeley High School,12,CAASPP_Tier_Data_Updated.csv,Medium,Year inferred from grade progression and 2024-25 roster alignment.
2022835,likely 2023-24,CAASPP,Math,2317.0,Washington Elementary School,5,CAASPP_Tier_Data_Updated.csv,Medium,Year inferred from grade progression and 2024-25 roster alignment.
2024076,likely 2023-24,CAASPP,Math,2482.0,Berkeley High School,12,CAASPP_Tier_Data_Updated.csv,Medium,Year inferred from grade progression and 2024-25 roster alignment.
2015341,likely 2023-24,CAASPP,Math,2306.0,Willard Middle School,7,CAASPP_Tier_Data_Updated.csv,Medium,Year inferred from grade progression and 2024-25 roster alignment.
2010991,likely 2023-24,CAASPP,Math,2399.0,Berkeley High School,9,CAASPP_Tier_Data_Updated.csv,Medium,Year inferred from grade progression and 2024-25 roster alignment.
2016535,likely 2023-24,CAASPP,Math,2460.0,Longfellow Arts and Technology Middle,6,CAASPP_Tier_Data_Updated.csv,Medium,Year inferred from grade progression and 2024-25 roster alignment.
2018711,likely 2023-24,CAASPP,Math,2429.0,Washington Elementary School,5,CAASPP_Tier_Data_Updated.csv,Medium,Year inferred from grade progression and 2024-25 roster alignment.
2009815,likely 2023-24,CAASPP,Math,2444.0,Berkeley High School,9,CAASPP_Tier_Data_Updated.csv,Medium,Year inferred from grade progression and 2024-25 roster alignment.
2023763,likely 2023-24,CAASPP,Math,2373.0,Willard Middle School,7,CAASPP_Tier_Data_Updated.csv,Medium,Year inferred from grade progression and 2024-25 roster alignment.
2013213,likely 2023-24,CAASPP,Math,2336.0,Willard Middle School,8,CAASPP_Tier_Data_Updated.csv,Medium,Year inferred from grade progression and 2024-25 roster alignment.
2005442,likely 2023-24,CAASPP,Math,2489.0,Berkeley High School,12,CAASPP_Tier_Data_Updated.csv,Medium,Year inferred from grade progression and 2024-25 roster alignment.
2014876,likely 2023-24,CAASPP,Math,2431.0,Willard Middle School,7,CAASPP_Tier_Data_Updated.csv,Medium,Year inferred from grade progression and 2024-25 roster alignment.
2014877,likely 2023-24,CAASPP,Math,2498.0,Martin Luther King Middle School,7,CAASPP_Tier_Data_Updated.csv,Medium,Year inferred from grade progression and 2024-25 roster alignment.
2018743,likely 2023-24,CAASPP,Math,2371.0,Martin Luther King Middle School,8,CAASPP_Tier_Data_Updated.csv,Medium,Year inferred from grade progression and 2024-25 roster alignment.
2021281,likely 2023-24,CAASPP,Math,2608.0,Berkeley High School,9,CAASPP_Tier_Data_Updated.csv,Medium,Year inferred from grade progression and 2024-25 roster alignment.
2014674,likely 2023-24,CAASPP,Math,2454.0,Willard Middle School,6,CAASPP_Tier_Data_Updated.csv,Medium,Year inferred from grade progression and 2024-25 roster alignment.
2017789,likely 2023-24,CAASPP,Math,2345.0,Cragmont Elementary School,5,CAASPP_Tier_Data_Updated.csv,Medium,Year inferred from grade progression and 2024-25 roster alignment.
2011736,likely 2023-24,CAASPP,Math,2477.0,Martin Luther King Middle School,8,CAASPP_Tier_Data_Updated.csv,Medium,Year inferred from grade progression and 2024-25 roster alignment.
2017968,likely 2023-24,CAASPP,Math,2289.0,Emerson Elementary School,5,CAASPP_Tier_Data_Updated.csv,Medium,Year inferred from grade progression and 2024-25 roster alignment.
2024219,likely 2023-24,CAASPP,Math,2433.0,Martin Luther King Middle School,6,CAASPP_Tier_Data_Updated.csv,Medium,Year inferred from grade progression and 2024-25 roster alignment.
2022995,likely 2023-24,CAASPP,Math,2432.0,Martin Luther King Middle School,8,CAASPP_Tier_Data_Updated.csv,Medium,Year inferred from grade progression and 2024-25 roster alignment.
2015839,likely 2023-24,CAASPP,Math,2330.0,Martin Luther King Middle School,6,CAASPP_Tier_Data_Updated.csv,Medium,Year inferred from grade progression and 2024-25 roster alignment.
2005287,likely 2023-24,CAASPP,Math,2511.0,Berkeley High School,12,CAASPP_Tier_Data_Updated.csv,Medium,Year inferred from grade progression and 2024-25 roster alignment.
2022605,likely 2023-24,CAASPP,Math,2280.0,Berkeley High School,12,CAASPP_Tier_Data_Updated.csv,Medium,Year inferred from grade progression and 2024-25 roster alignment.
2017965,likely 2023-24,CAASPP,Math,2384.0,Malcolm X Elementary School,5,CAASPP_Tier_Data_Updated.csv,Medium,Year inferred from grade progression and 2024-25 roster alignment.
2023759,likely 2023-24,CAASPP,Math,2481.0,Willard Middle School,8,CAASPP_Tier_Data_Updated.csv,Medium,Year inferred from grade progression and 2024-25 roster alignment.
2020554,likely 2023-24,CAASPP,Math,2259.0,Washington Elementary School,5,CAASPP_Tier_Data_Updated.csv,Medium,Year inferred from grade progression and 2024-25 roster alignment.
2020556,likely 2023-24,CAASPP,Math,2316.0,Berkeley High School,9,CAASPP_Tier_Data_Updated.csv,Medium,Year inferred from grade progression and 2024-25 roster alignment.
2010512,likely 2023-24,CAASPP,Math,2436.0,Berkeley High School,9,CAASPP_Tier_Data_Updated.csv,Medium,Year inferred from grade progression and 2024-25 roster alignment.
2015837,likely 2023-24,CAASPP,Math,2391.0,Longfellow Arts and Technology Middle,6,CAASPP_Tier_Data_Updated.csv,Medium,Year inferred from grade progression and 2024-25 roster alignment.
2022474,likely 2023-24,CAASPP,Math,2348.0,Oxford Elementary School,4,CAASPP_Tier_Data_Updated.csv,Medium,Year inferred from grade progression and 2024-25 roster alignment.
2023178,likely 2023-24,CAASPP,Math,2242.0,Cragmont Elementary School,4,CAASPP_Tier_Data_Updated.csv,Medium,Year inferred from grade progression and 2024-25 roster alignment.
2019351,likely 2023-24,CAASPP,Math,2366.0,Malcolm X Elementary School,4,CAASPP_Tier_Data_Updated.csv,Medium,Year inferred from grade progression and 2024-25 roster alignment.
2012349,likely 2023-24,CAASPP,Math,2467.0,Martin Luther King Middle School,7,CAASPP_Tier_Data_Updated.csv,Medium,Year inferred from grade progression and 2024-25 roster alignment.
2011896,likely 2023-24,CAASPP,Math,2381.0,Longfellow Arts and Technology Middle,8,CAASPP_Tier_Data_Updated.csv,Medium,Year inferred from grade progression and 2024-25 roster alignment.
2024218,likely 2023-24,CAASPP,Math,2284.0,Rosa Parks Elementary School,5,CAASPP_Tier_Data_Updated.csv,Medium,Year inferred from grade progression and 2024-25 roster alignment.
2015916,likely 2023-24,CAASPP,Math,2408.0,Longfellow Arts and Technology Middle,6,CAASPP_Tier_Data_Updated.csv,Medium,Year inferred from grade progression and 2024-25 roster alignment.
2006528,likely 2023-24,CAASPP,Math,2293.0,Berkeley Technology Academy,12,CAASPP_Tier_Data_Updated.csv,Medium,Year inferred from grade progression and 2024-25 roster alignment.
2011412,likely 2023-24,CAASPP,Math,2373.0,Martin Luther King Middle School,8,CAASPP_Tier_Data_Updated.csv,Medium,Year inferred from grade progression and 2024-25 roster alignment.
2014704,likely 2023-24,CAASPP,Math,2347.0,Longfellow Arts and Technology Middle,6,CAASPP_Tier_Data_Updated.csv,Medium,Year inferred from grade progression and 2024-25 roster alignment.
2021342,likely 2023-24,CAASPP,Math,2416.0,Berkeley Technology Academy,12,CAASPP_Tier_Data_Updated.csv,Medium,Year inferred from grade progression and 2024-25 roster alignment.
2011761,likely 2023-24,CAASPP,Math,2352.0,Martin Luther King Middle School,8,CAASPP_Tier_Data_Updated.csv,Medium,Year inferred from grade progression and 2024-25 roster alignment.
2015875,likely 2023-24,CAASPP,Math,2270.0,Martin Luther King Middle School,6,CAASPP_Tier_Data_Updated.csv,Medium,Year inferred from grade progression and 2024-25 roster alignment.
2015421,likely 2023-24,CAASPP,Math,2320.0,Willard Middle School,8,CAASPP_Tier_Data_Updated.csv,Medium,Year inferred from grade progression and 2024-25 roster alignment.
2015071,likely 2023-24,CAASPP,Math,2481.0,Berkeley High School,12,CAASPP_Tier_Data_Updated.csv,Medium,Year inferred from grade progression and 2024-25 roster alignment.
2019380,likely 2023-24,CAASPP,Math,2335.0,Thousand Oaks Elementary School,4,CAASPP_Tier_Data_Updated.csv,Medium,Year inferred from grade progression and 2024-25 roster alignment.
2013329,likely 2023-24,CAASPP,Math,2398.0,Martin Luther King Middle School,8,CAASPP_Tier_Data_Updated.csv,Medium,Year inferred from grade progression and 2024-25 roster alignment.
2023913,likely 2023-24,CAASPP,Math,2493.0,Longfellow Arts and Technology Middle,7,CAASPP_Tier_Data_Updated.csv,Medium,Year inferred from grade progression and 2024-25 roster alignment.
2005843,likely 2023-24,CAASPP,Math,2418.0,Berkeley High School,12,CAASPP_Tier_Data_Updated.csv,Medium,Year inferred from grade progression and 2024-25 roster alignment.
2015611,likely 2023-24,CAASPP,Math,2434.0,Rosa Parks Elementary School,5,CAASPP_Tier_Data_Updated.csv,Medium,Year inferred from grade progression and 2024-25 roster alignment.
2011935,likely 2023-24,CAASPP,Math,2424.0,Berkeley High School,9,CAASPP_Tier_Data_Updated.csv,Medium,Year inferred from grade progression and 2024-25 roster alignment.
2009091,likely 2023-24,CAASPP,Math,2547.0,Berkeley High School,9,CAASPP_Tier_Data_Updated.csv,Medium,Year inferred from grade progression and 2024-25 roster alignment.
2017795,likely 2023-24,CAASPP,Math,2410.0,John Muir Elementary School,5,CAASPP_Tier_Data_Updated.csv,Medium,Year inferred from grade progression and 2024-25 roster alignment.
2014988,likely 2023-24,CAASPP,Math,2429.0,Longfellow Arts and Technology Middle,6,CAASPP_Tier_Data_Updated.csv,Medium,Year inferred from grade progression and 2024-25 roster alignment.
2019832,likely 2023-24,CAASPP,Math,2387.0,Berkeley Arts Magnet Elementary School,4,CAASPP_Tier_Data_Updated.csv,Medium,Year inferred from grade progression and 2024-25 roster alignment.
2022456,likely 2023-24,CAASPP,Math,2400.0,Malcolm X Elementary School,4,CAASPP_Tier_Data_Updated.csv,Medium,Year inferred from grade progression and 2024-25 roster alignment.
2022452,likely 2023-24,CAASPP,Math,2502.0,Longfellow Arts and Technology Middle,8,CAASPP_Tier_Data_Updated.csv,Medium,Year inferred from grade progression and 2024-25 roster alignment.
2019645,likely 2023-24,CAASPP,Math,2448.0,Cragmont Elementary School,4,CAASPP_Tier_Data_Updated.csv,Medium,Year inferred from grade progression and 2024-25 roster alignment.
2019802,likely 2023-24,CAASPP,Math,2374.0,Oxford Elementary School,4,CAASPP_Tier_Data_Updated.csv,Medium,Year inferred from grade progression and 2024-25 roster alignment.
2012293,likely 2023-24,CAASPP,Math,2388.0,Berkeley High School,9,CAASPP_Tier_Data_Updated.csv,Medium,Year inferred from grade progression and 2024-25 roster alignment.
2024032,likely 2023-24,CAASPP,Math,2429.0,Cragmont Elementary School,4,CAASPP_Tier_Data_Updated.csv,Medium,Year inferred from grade progression and 2024-25 roster alignment.
2021207,likely 2023-24,CAASPP,Math,2365.0,Berkeley High School,9,CAASPP_Tier_Data_Updated.csv,Medium,Year inferred from grade progression and 2024-25 roster alignment.
2015924,likely 2023-24,CAASPP,Math,2533.0,Willard Middle School,6,CAASPP_Tier_Data_Updated.csv,Medium,Year inferred from grade progression and 2024-25 roster alignment.
2018186,likely 2023-24,CAASPP,Math,2398.0,Malcolm X Elementary School,5,CAASPP_Tier_Data_Updated.csv,Medium,Year inferred from grade progression and 2024-25 roster alignment.
2009809,likely 2023-24,CAASPP,Math,2419.0,Berkeley High School,9,CAASPP_Tier_Data_Updated.csv,Medium,Year inferred from grade progression and 2024-25 roster alignment.
2011858,likely 2023-24,CAASPP,Math,2592.0,Berkeley High School,9,CAASPP_Tier_Data_Updated.csv,Medium,Year inferred from grade progression and 2024-25 roster alignment.
2011859,likely 2023-24,CAASPP,Math,2504.0,Berkeley High School,9,CAASPP_Tier_Data_Updated.csv,Medium,Year inferred from grade progression and 2024-25 roster alignment.
2023504,likely 2023-24,CAASPP,Math,2421.0,Berkeley High School,9,CAASPP_Tier_Data_Updated.csv,Medium,Year inferred from grade progression and 2024-25 roster alignment.
2015161,likely 2023-24,CAASPP,Math,2416.0,Berkeley High School,12,CAASPP_Tier_Data_Updated.csv,Medium,Year inferred from grade progression and 2024-25 roster alignment.
2011767,likely 2023-24,CAASPP,Math,2435.0,Berkeley High School,9,CAASPP_Tier_Data_Updated.csv,Medium,Year inferred from grade progression and 2024-25 roster alignment.
2015308,likely 2023-24,CAASPP,Math,2235.0,Longfellow Arts and Technology Middle,7,CAASPP_Tier_Data_Updated.csv,Medium,Year inferred from grade progression and 2024-25 roster alignment.
2016830,likely 2023-24,CAASPP,Math,2436.0,Emerson Elementary School,5,CAASPP_Tier_Data_Updated.csv,Medium,Year inferred from grade progression and 2024-25 roster alignment.
2011768,likely 2023-24,CAASPP,Math,2511.0,Berkeley High School,9,CAASPP_Tier_Data_Updated.csv,Medium,Year inferred from grade progression and 2024-25 roster alignment.
2010045,likely 2023-24,CAASPP,Math,2404.0,Berkeley High School,9,CAASPP_Tier_Data_Updated.csv,Medium,Year inferred from grade progression and 2024-25 roster alignment.
2007210,likely 2023-24,CAASPP,Math,2316.0,Berkeley High School,9,CAASPP_Tier_Data_Updated.csv,Medium,Year inferred from grade progression and 2024-25 roster alignment.
2006419,likely 2023-24,CAASPP,Math,2478.0,Berkeley High School,12,CAASPP_Tier_Data_Updated.csv,Medium,Year inferred from grade progression and 2024-25 roster alignment.
2018926,likely 2023-24,CAASPP,Math,2445.0,Emerson Elementary School,4,CAASPP_Tier_Data_Updated.csv,Medium,Year inferred from grade progression and 2024-25 roster alignment.
2018368,likely 2023-24,CAASPP,Math,2378.0,Willard Middle School,8,CAASPP_Tier_Data_Updated.csv,Medium,Year inferred from grade progression and 2024-25 roster alignment.
2011242,likely 2023-24,CAASPP,Math,2554.0,Berkeley High School,9,CAASPP_Tier_Data_Updated.csv,Medium,Year inferred from grade progression and 2024-25 roster alignment.
2018680,likely 2023-24,CAASPP,Math,2290.0,Emerson Elementary School,5,CAASPP_Tier_Data_Updated.csv,Medium,Year inferred from grade progression and 2024-25 roster alignment.
2017144,likely 2023-24,CAASPP,Math,2484.0,Martin Luther King Middle School,7,CAASPP_Tier_Data_Updated.csv,Medium,Year inferred from grade progression and 2024-25 roster alignment.
2009881,likely 2023-24,CAASPP,Math,2435.0,Berkeley High School,9,CAASPP_Tier_Data_Updated.csv,Medium,Year inferred from grade progression and 2024-25 roster alignment.
2018700,likely 2023-24,CAASPP,Math,2472.0,Ruth Acty Elementary School,5,CAASPP_Tier_Data_Updated.csv,Medium,Year inferred from grade progression and 2024-25 roster alignment.
2022949,likely 2023-24,CAASPP,Math,2318.0,Martin Luther King Middle School,8,CAASPP_Tier_Data_Updated.csv,Medium,Year inferred from grade progression and 2024-25 roster alignment.
2016000,likely 2023-24,CAASPP,Math,2459.0,Willard Middle School,6,CAASPP_Tier_Data_Updated.csv,Medium,Year inferred from grade progression and 2024-25 roster alignment.
2005535,likely 2023-24,CAASPP,Math,2351.0,Berkeley High School,12,CAASPP_Tier_Data_Updated.csv,Medium,Year inferred from grade progression and 2024-25 roster alignment.
2022589,likely 2023-24,CAASPP,Math,2360.0,Longfellow Arts and Technology Middle,8,CAASPP_Tier_Data_Updated.csv,Medium,Year inferred from grade progression and 2024-25 roster alignment.
2016568,likely 2023-24,CAASPP,Math,2279.0,John Muir Elementary School,5,CAASPP_Tier_Data_Updated.csv,Medium,Year inferred from grade progression and 2024-25 roster alignment.
2016662,likely 2023-24,CAASPP,Math,2324.0,Washington Elementary School,4,CAASPP_Tier_Data_Updated.csv,Medium,Year inferred from grade progression and 2024-25 roster alignment.
2006512,likely 2023-24,CAASPP,Math,2527.0,Berkeley High School,11,CAASPP_Tier_Data_Updated.csv,Medium,Year inferred from grade progression and 2024-25 roster alignment.
2021145,likely 2023-24,CAASPP,Math,2411.0,Longfellow Arts and Technology Middle,7,CAASPP_Tier_Data_Updated.csv,Medium,Year inferred from grade progression and 2024-25 roster alignment.
2024269,likely 2023-24,CAASPP,Math,2428.0,Berkeley High School,9,CAASPP_Tier_Data_Updated.csv,Medium,Year inferred from grade progression and 2024-25 roster alignment.
2014925,likely 2023-24,CAASPP,Math,2321.0,Longfellow Arts and Technology Middle,7,CAASPP_Tier_Data_Updated.csv,Medium,Year inferred from grade progression and 2024-25 roster alignment.
2014416,likely 2023-24,CAASPP,Math,2235.0,Longfellow Arts and Technology Middle,7,CAASPP_Tier_Data_Updated.csv,Medium,Year inferred from grade progression and 2024-25 roster alignment.
2013294,likely 2023-24,CAASPP,Math,2453.0,Martin Luther King Middle School,7,CAASPP_Tier_Data_Updated.csv,Medium,Year inferred from grade progression and 2024-25 roster alignment.
2023068,likely 2023-24,CAASPP,Math,2320.0,Martin Luther King Middle School,8,CAASPP_Tier_Data_Updated.csv,Medium,Year inferred from grade progression and 2024-25 roster alignment.
2015405,likely 2023-24,CAASPP,Math,2469.0,Martin Luther King Middle School,6,CAASPP_Tier_Data_Updated.csv,Medium,Year inferred from grade progression and 2024-25 roster alignment.
2021197,likely 2023-24,CAASPP,Math,2438.0,John Muir Elementary School,5,CAASPP_Tier_Data_Updated.csv,Medium,Year inferred from grade progression and 2024-25 roster alignment.
2018349,likely 2023-24,CAASPP,Math,2364.0,Malcolm X Elementary School,5,CAASPP_Tier_Data_Updated.csv,Medium,Year inferred from grade progression and 2024-25 roster alignment.
2011542,likely 2023-24,CAASPP,Math,2307.0,Berkeley High School,9,CAASPP_Tier_Data_Updated.csv,Medium,Year inferred from grade progression and 2024-25 roster alignment.
2024156,likely 2023-24,CAASPP,Math,2448.0,Willard Middle School,7,CAASPP_Tier_Data_Updated.csv,Medium,Year inferred from grade progression and 2024-25 roster alignment.
2013573,likely 2023-24,CAASPP,Math,2390.0,Martin Luther King Middle School,8,CAASPP_Tier_Data_Updated.csv,Medium,Year inferred from grade progression and 2024-25 roster alignment.
2011779,likely 2023-24,CAASPP,Math,2439.0,Longfellow Arts and Technology Middle,8,CAASPP_Tier_Data_Updated.csv,Medium,Year inferred from grade progression and 2024-25 roster alignment.
2016796,likely 2023-24,CAASPP,Math,2321.0,Martin Luther King Middle School,6,CAASPP_Tier_Data_Updated.csv,Medium,Year inferred from grade progression and 2024-25 roster alignment.
2005346,likely 2023-24,CAASPP,Math,2486.0,Berkeley High School,12,CAASPP_Tier_Data_Updated.csv,Medium,Year inferred from grade progression and 2024-25 roster alignment.
2016073,likely 2023-24,CAASPP,Math,2530.0,Martin Luther King Middle School,6,CAASPP_Tier_Data_Updated.csv,Medium,Year inferred from grade progression and 2024-25 roster alignment.
2016833,likely 2023-24,CAASPP,Math,2360.0,Longfellow Arts and Technology Middle,6,CAASPP_Tier_Data_Updated.csv,Medium,Year inferred from grade progression and 2024-25 roster alignment.
2012520,likely 2023-24,CAASPP,Math,2423.0,Longfellow Arts and Technology Middle,8,CAASPP_Tier_Data_Updated.csv,Medium,Year inferred from grade progression and 2024-25 roster alignment.
2016240,likely 2023-24,CAASPP,Math,2401.0,Martin Luther King Middle School,6,CAASPP_Tier_Data_Updated.csv,Medium,Year inferred from grade progression and 2024-25 roster alignment.
2018003,likely 2023-24,CAASPP,Math,2321.0,Malcolm X Elementary School,4,CAASPP_Tier_Data_Updated.csv,Medium,Year inferred from grade progression and 2024-25 roster alignment.
2020789,likely 2023-24,CAASPP,Math,2396.0,Willard Middle School,7,CAASPP_Tier_Data_Updated.csv,Medium,Year inferred from grade progression and 2024-25 roster alignment.
2023746,likely 2023-24,CAASPP,Math,2566.0,Berkeley High School,9,CAASPP_Tier_Data_Updated.csv,Medium,Year inferred from grade progression and 2024-25 roster alignment.
2013068,likely 2023-24,CAASPP,Math,2345.0,Martin Luther King Middle School,7,CAASPP_Tier_Data_Updated.csv,Medium,Year inferred from grade progression and 2024-25 roster alignment.
2017859,likely 2023-24,CAASPP,Math,2467.0,Sylvia Mendez Elementary School,4,CAASPP_Tier_Data_Updated.csv,Medium,Year inferred from grade progression and 2024-25 roster alignment.
2014628,likely 2023-24,CAASPP,Math,2397.0,Martin Luther King Middle School,6,CAASPP_Tier_Data_Updated.csv,Medium,Year inferred from grade progression and 2024-25 roster alignment.
2018648,likely 2023-24,CAASPP,Math,2464.0,Oxford Elementary School,5,CAASPP_Tier_Data_Updated.csv,Medium,Year inferred from grade progression and 2024-25 roster alignment.
2019518,likely 2023-24,CAASPP,Math,2404.0,Malcolm X Elementary School,4,CAASPP_Tier_Data_Updated.csv,Medium,Year inferred from grade progression and 2024-25 roster alignment.
2018388,likely 2023-24,CAASPP,Math,2347.0,Emerson Elementary School,4,CAASPP_Tier_Data_Updated.csv,Medium,Year inferred from grade progression and 2024-25 roster alignment.
2005556,likely 2023-24,CAASPP,Math,2280.0,Berkeley High School,12,CAASPP_Tier_Data_Updated.csv,Medium,Year inferred from grade progression and 2024-25 roster alignment.
2018389,likely 2023-24,CAASPP,Math,2395.0,Rosa Parks Elementary School,5,CAASPP_Tier_Data_Updated.csv,Medium,Year inferred from grade progression and 2024-25 roster alignment.
2014714,likely 2023-24,CAASPP,Math,2399.0,Martin Luther King Middle School,6,CAASPP_Tier_Data_Updated.csv,Medium,Year inferred from grade progression and 2024-25 roster alignment.
2018712,likely 2023-24,CAASPP,Math,2492.0,Martin Luther King Middle School,8,CAASPP_Tier_Data_Updated.csv,Medium,Year inferred from grade progression and 2024-25 roster alignment.
2017883,likely 2023-24,CAASPP,Math,2396.0,Washington Elementary School,4,CAASPP_Tier_Data_Updated.csv,Medium,Year inferred from grade progression and 2024-25 roster alignment.
2018035,likely 2023-24,CAASPP,Math,2338.0,Sylvia Mendez Elementary School,5,CAASPP_Tier_Data_Updated.csv,Medium,Year inferred from grade progression and 2024-25 roster alignment.
2023924,likely 2023-24,CAASPP,Math,2405.0,Longfellow Arts and Technology Middle,8,CAASPP_Tier_Data_Updated.csv,Medium,Year inferred from grade progression and 2024-25 roster alignment.
2013760,likely 2023-24,CAASPP,Math,2532.0,Willard Middle School,8,CAASPP_Tier_Data_Updated.csv,Medium,Year inferred from grade progression and 2024-25 roster alignment.
2019467,likely 2023-24,CAASPP,Math,2416.0,Washington Elementary School,4,CAASPP_Tier_Data_Updated.csv,Medium,Year inferred from grade progression and 2024-25 roster alignment.
2018392,likely 2023-24,CAASPP,Math,2331.0,John Muir Elementary School,5,CAASPP_Tier_Data_Updated.csv,Medium,Year inferred from grade progression and 2024-25 roster alignment.
2024208,likely 2023-24,CAASPP,Math,2365.0,Berkeley High School,12,CAASPP_Tier_Data_Updated.csv,Medium,Year inferred from grade progression and 2024-25 roster alignment.
2016932,likely 2023-24,CAASPP,Math,2439.0,Washington Elementary School,5,CAASPP_Tier_Data_Updated.csv,Medium,Year inferred from grade progression and 2024-25 roster alignment.
2018582,likely 2023-24,CAASPP,Math,2383.0,Longfellow Arts and Technology Middle,8,CAASPP_Tier_Data_Updated.csv,Medium,Year inferred from grade progression and 2024-25 roster alignment.
2014700,likely 2023-24,CAASPP,Math,2344.0,Martin Luther King Middle School,6,CAASPP_Tier_Data_Updated.csv,Medium,Year inferred from grade progression and 2024-25 roster alignment.
2005243,likely 2023-24,CAASPP,Math,2339.0,Berkeley Technology Academy,12,CAASPP_Tier_Data_Updated.csv,Medium,Year inferred from grade progression and 2024-25 roster alignment.
2006668,likely 2023-24,CAASPP,Math,2550.0,Berkeley High School,12,CAASPP_Tier_Data_Updated.csv,Medium,Year inferred from grade progression and 2024-25 roster alignment.
2016113,likely 2023-24,CAASPP,Math,2282.0,Martin Luther King Middle School,6,CAASPP_Tier_Data_Updated.csv,Medium,Year inferred from grade progression and 2024-25 roster alignment.
2017028,likely 2023-24,CAASPP,Math,2318.0,Martin Luther King Middle School,6,CAASPP_Tier_Data_Updated.csv,Medium,Year inferred from grade progression and 2024-25 roster alignment.
2014546,likely 2023-24,CAASPP,Math,2354.0,Longfellow Arts and Technology Middle,7,CAASPP_Tier_Data_Updated.csv,Medium,Year inferred from grade progression and 2024-25 roster alignment.
2012854,likely 2023-24,CAASPP,Math,2407.0,Longfellow Arts and Technology Middle,8,CAASPP_Tier_Data_Updated.csv,Medium,Year inferred from grade progression and 2024-25 roster alignment.
2014928,likely 2023-24,CAASPP,Math,2510.0,Willard Middle School,7,CAASPP_Tier_Data_Updated.csv,Medium,Year inferred from grade progression and 2024-25 roster alignment.
2008587,likely 2023-24,CAASPP,Math,2457.0,Berkeley Technology Academy,12,CAASPP_Tier_Data_Updated.csv,Medium,Year inferred from grade progression and 2024-25 roster alignment.
2013545,likely 2023-24,CAASPP,Math,2519.0,Longfellow Arts and Technology Middle,8,CAASPP_Tier_Data_Updated.csv,Medium,Year inferred from grade progression and 2024-25 roster alignment.
2017001,likely 2023-24,CAASPP,Math,2404.0,Berkeley High School,12,CAASPP_Tier_Data_Updated.csv,Medium,Year inferred from grade progression and 2024-25 roster alignment.
2017864,likely 2023-24,CAASPP,Math,2422.0,John Muir Elementary School,5,CAASPP_Tier_Data_Updated.csv,Medium,Year inferred from grade progression and 2024-25 roster alignment.
2018395,likely 2023-24,CAASPP,Math,2490.0,Berkeley High School,12,CAASPP_Tier_Data_Updated.csv,Medium,Year inferred from grade progression and 2024-25 roster alignment.
2019545,likely 2023-24,CAASPP,Math,2283.0,Thousand Oaks Elementary School,4,CAASPP_Tier_Data_Updated.csv,Medium,Year inferred from grade progression and 2024-25 roster alignment.
2011370,likely 2023-24,CAASPP,Math,2450.0,Martin Luther King Middle School,8,CAASPP_Tier_Data_Updated.csv,Medium,Year inferred from grade progression and 2024-25 roster alignment.
2021137,likely 2023-24,CAASPP,Math,2359.0,Berkeley Arts Magnet Elementary School,3,CAASPP_Tier_Data_Updated.csv,Medium,Year inferred from grade progression and 2024-25 roster alignment.
2014782,likely 2023-24,CAASPP,Math,2287.0,Martin Luther King Middle School,7,CAASPP_Tier_Data_Updated.csv,Medium,Year inferred from grade progression and 2024-25 roster alignment.
2018417,likely 2023-24,CAASPP,Math,2266.0,Malcolm X Elementary School,4,CAASPP_Tier_Data_Updated.csv,Medium,Year inferred from grade progression and 2024-25 roster alignment.
2013074,likely 2023-24,CAASPP,Math,2446.0,Longfellow Arts and Technology Middle,7,CAASPP_Tier_Data_Updated.csv,Medium,Year inferred from grade progression and 2024-25 roster alignment.
2017609,likely 2023-24,CAASPP,Math,2466.0,John Muir Elementary School,4,CAASPP_Tier_Data_Updated.csv,Medium,Year inferred from grade progression and 2024-25 roster alignment.
2017803,likely 2023-24,CAASPP,Math,2455.0,Thousand Oaks Elementary School,5,CAASPP_Tier_Data_Updated.csv,Medium,Year inferred from grade progression and 2024-25 roster alignment.
2015040,likely 2023-24,CAASPP,Math,2502.0,Martin Luther King Middle School,7,CAASPP_Tier_Data_Updated.csv,Medium,Year inferred from grade progression and 2024-25 roster alignment.
2013135,likely 2023-24,CAASPP,Math,2519.0,Martin Luther King Middle School,7,CAASPP_Tier_Data_Updated.csv,Medium,Year inferred from grade progression and 2024-25 roster alignment.
2013276,likely 2023-24,CAASPP,Math,2364.0,Martin Luther King Middle School,7,CAASPP_Tier_Data_Updated.csv,Medium,Year inferred from grade progression and 2024-25 roster alignment.
2011693,likely 2023-24,CAASPP,Math,2430.0,Martin Luther King Middle School,8,CAASPP_Tier_Data_Updated.csv,Medium,Year inferred from grade progression and 2024-25 roster alignment.
2022618,likely 2023-24,CAASPP,Math,2424.0,Berkeley High School,9,CAASPP_Tier_Data_Updated.csv,Medium,Year inferred from grade progression and 2024-25 roster alignment.
2011122,likely 2023-24,CAASPP,Math,2406.0,Berkeley High School,9,CAASPP_Tier_Data_Updated.csv,Medium,Year inferred from grade progression and 2024-25 roster alignment.
2018780,likely 2023-24,CAASPP,Math,2474.0,Berkeley Arts Magnet Elementary School,5,CAASPP_Tier_Data_Updated.csv,Medium,Year inferred from grade progression and 2024-25 roster alignment.
2017975,likely 2023-24,CAASPP,Math,2205.0,Malcolm X Elementary School,5,CAASPP_Tier_Data_Updated.csv,Medium,Year inferred from grade progression and 2024-25 roster alignment.
2013060,likely 2023-24,CAASPP,Math,2397.0,Martin Luther King Middle School,7,CAASPP_Tier_Data_Updated.csv,Medium,Year inferred from grade progression and 2024-25 roster alignment.
2015410,likely 2023-24,CAASPP,Math,2418.0,Martin Luther King Middle School,7,CAASPP_Tier_Data_Updated.csv,Medium,Year inferred from grade progression and 2024-25 roster alignment.
2016590,likely 2023-24,CAASPP,Math,2391.0,Sylvia Mendez Elementary School,5,CAASPP_Tier_Data_Updated.csv,Medium,Year inferred from grade progression and 2024-25 roster alignment.
2021365,likely 2023-24,CAASPP,Math,2493.0,Willard Middle School,8,CAASPP_Tier_Data_Updated.csv,Medium,Year inferred from grade progression and 2024-25 roster alignment.
2013850,likely 2023-24,CAASPP,Math,2420.0,Cragmont Elementary School,5,CAASPP_Tier_Data_Updated.csv,Medium,Year inferred from grade progression and 2024-25 roster alignment.
2015690,likely 2023-24,CAASPP,Math,2655.0,Martin Luther King Middle School,6,CAASPP_Tier_Data_Updated.csv,Medium,Year inferred from grade progression and 2024-25 roster alignment.
2012736,likely 2023-24,CAASPP,Math,2295.0,Longfellow Arts and Technology Middle,8,CAASPP_Tier_Data_Updated.csv,Medium,Year inferred from grade progression and 2024-25 roster alignment.
2019112,likely 2023-24,CAASPP,Math,2361.0,Sylvia Mendez Elementary School,4,CAASPP_Tier_Data_Updated.csv,Medium,Year inferred from grade progression and 2024-25 roster alignment.
2024458,likely 2023-24,CAASPP,Math,2374.0,John Muir Elementary School,4,CAASPP_Tier_Data_Updated.csv,Medium,Year inferred from grade progression and 2024-25 roster alignment.
2021318,likely 2023-24,CAASPP,Math,2499.0,Martin Luther King Middle School,7,CAASPP_Tier_Data_Updated.csv,Medium,Year inferred from grade progression and 2024-25 roster alignment.
2015188,likely 2023-24,CAASPP,Math,2424.0,Willard Middle School,7,CAASPP_Tier_Data_Updated.csv,Medium,Year inferred from grade progression and 2024-25 roster alignment.
2023863,likely 2023-24,CAASPP,Math,2372.0,Martin Luther King Middle School,8,CAASPP_Tier_Data_Updated.csv,Medium,Year inferred from grade progression and 2024-25 roster alignment.
2010913,likely 2023-24,CAASPP,Math,2467.0,Berkeley High School,9,CAASPP_Tier_Data_Updated.csv,Medium,Year inferred from grade progression and 2024-25 roster alignment.
2013280,likely 2023-24,CAASPP,Math,2466.0,Longfellow Arts and Technology Middle,7,CAASPP_Tier_Data_Updated.csv,Medium,Year inferred from grade progression and 2024-25 roster alignment.
2017038,likely 2023-24,CAASPP,Math,2325.0,Willard Middle School,6,CAASPP_Tier_Data_Updated.csv,Medium,Year inferred from grade progression and 2024-25 roster alignment.
2022702,likely 2023-24,CAASPP,Math,2290.0,Berkeley High School,9,CAASPP_Tier_Data_Updated.csv,Medium,Year inferred from grade progression and 2024-25 roster alignment.
2018083,likely 2023-24,CAASPP,Math,2460.0,Rosa Parks Elementary School,5,CAASPP_Tier_Data_Updated.csv,Medium,Year inferred from grade progression and 2024-25 roster alignment.
2017312,likely 2023-24,CAASPP,Math,2276.0,Malcolm X Elementary School,4,CAASPP_Tier_Data_Updated.csv,Medium,Year inferred from grade progression and 2024-25 roster alignment.
2016615,likely 2023-24,CAASPP,Math,2379.0,Longfellow Arts and Technology Middle,6,CAASPP_Tier_Data_Updated.csv,Medium,Year inferred from grade progression and 2024-25 roster alignment.
2014015,likely 2023-24,CAASPP,Math,2355.0,Malcolm X Elementary School,5,CAASPP_Tier_Data_Updated.csv,Medium,Year inferred from grade progression and 2024-25 roster alignment.
2021947,likely 2023-24,CAASPP,Math,2403.0,Cragmont Elementary School,5,CAASPP_Tier_Data_Updated.csv,Medium,Year inferred from grade progression and 2024-25 roster alignment.
2005796,likely 2023-24,CAASPP,Math,2450.0,Berkeley Technology Academy,12,CAASPP_Tier_Data_Updated.csv,Medium,Year inferred from grade progression and 2024-25 roster alignment.
2013239,likely 2023-24,CAASPP,Math,2396.0,Longfellow Arts and Technology Middle,8,CAASPP_Tier_Data_Updated.csv,Medium,Year inferred from grade progression and 2024-25 roster alignment.
2005850,likely 2023-24,CAASPP,Math,2300.0,Berkeley High School,12,CAASPP_Tier_Data_Updated.csv,Medium,Year inferred from grade progression and 2024-25 roster alignment.
2017594,likely 2023-24,CAASPP,Math,2470.0,Emerson Elementary School,5,CAASPP_Tier_Data_Updated.csv,Medium,Year inferred from grade progression and 2024-25 roster alignment.
2022356,likely 2023-24,CAASPP,Math,2356.0,Martin Luther King Middle School,7,CAASPP_Tier_Data_Updated.csv,Medium,Year inferred from grade progression and 2024-25 roster alignment.
2005735,likely 2023-24,CAASPP,Math,2369.0,Berkeley High School,12,CAASPP_Tier_Data_Updated.csv,Medium,Year inferred from grade progression and 2024-25 roster alignment.
2023998,likely 2023-24,CAASPP,Math,2402.0,Martin Luther King Middle School,7,CAASPP_Tier_Data_Updated.csv,Medium,Year inferred from grade progression and 2024-25 roster alignment.
2018465,likely 2023-24,CAASPP,Math,2392.0,Washington Elementary School,5,CAASPP_Tier_Data_Updated.csv,Medium,Year inferred from grade progression and 2024-25 roster alignment.
2019356,likely 2023-24,CAASPP,Math,2361.0,Cragmont Elementary School,4,CAASPP_Tier_Data_Updated.csv,Medium,Year inferred from grade progression and 2024-25 roster alignment.
2024199,likely 2023-24,CAASPP,Math,2278.0,Malcolm X Elementary School,5,CAASPP_Tier_Data_Updated.csv,Medium,Year inferred from grade progression and 2024-25 roster alignment.
2024200,likely 2023-24,CAASPP,Math,2378.0,Martin Luther King Middle School,8,CAASPP_Tier_Data_Updated.csv,Medium,Year inferred from grade progression and 2024-25 roster alignment.
2024198,likely 2023-24,CAASPP,Math,2638.0,Berkeley High School,12,CAASPP_Tier_Data_Updated.csv,Medium,Year inferred from grade progression and 2024-25 roster alignment.
2018281,likely 2023-24,CAASPP,Math,2440.0,Willard Middle School,6,CAASPP_Tier_Data_Updated.csv,Medium,Year inferred from grade progression and 2024-25 roster alignment.
2013389,likely 2023-24,CAASPP,Math,2482.0,Martin Luther King Middle School,8,CAASPP_Tier_Data_Updated.csv,Medium,Year inferred from grade progression and 2024-25 roster alignment.
2018525,likely 2023-24,CAASPP,Math,2354.0,Malcolm X Elementary School,5,CAASPP_Tier_Data_Updated.csv,Medium,Year inferred from grade progression and 2024-25 roster alignment.
2018174,likely 2023-24,CAASPP,Math,2427.0,Emerson Elementary School,5,CAASPP_Tier_Data_Updated.csv,Medium,Year inferred from grade progression and 2024-25 roster alignment.
2024552,likely 2023-24,CAASPP,Math,2435.0,Berkeley High School,9,CAASPP_Tier_Data_Updated.csv,Medium,Year inferred from grade progression and 2024-25 roster alignment.
2017800,likely 2023-24,CAASPP,Math,2446.0,Thousand Oaks Elementary School,4,CAASPP_Tier_Data_Updated.csv,Medium,Year inferred from grade progression and 2024-25 roster alignment.
2012566,likely 2023-24,CAASPP,Math,2462.0,Martin Luther King Middle School,8,CAASPP_Tier_Data_Updated.csv,Medium,Year inferred from grade progression and 2024-25 roster alignment.
2005733,likely 2023-24,CAASPP,Math,2459.0,Berkeley Technology Academy,12,CAASPP_Tier_Data_Updated.csv,Medium,Year inferred from grade progression and 2024-25 roster alignment.
2013648,likely 2023-24,CAASPP,Math,2364.0,Willard Middle School,8,CAASPP_Tier_Data_Updated.csv,Medium,Year inferred from grade progression and 2024-25 roster alignment.
2016226,likely 2023-24,CAASPP,Math,2440.0,John Muir Elementary School,5,CAASPP_Tier_Data_Updated.csv,Medium,Year inferred from grade progression and 2024-25 roster alignment.
2019825,likely 2023-24,CAASPP,Math,2250.0,Rosa Parks Elementary School,4,CAASPP_Tier_Data_Updated.csv,Medium,Year inferred from grade progression and 2024-25 roster alignment.
2013739,likely 2023-24,CAASPP,Math,2434.0,Martin Luther King Middle School,8,CAASPP_Tier_Data_Updated.csv,Medium,Year inferred from grade progression and 2024-25 roster alignment.
2023525,likely 2023-24,CAASPP,Math,2465.0,Berkeley High School,12,CAASPP_Tier_Data_Updated.csv,Medium,Year inferred from grade progression and 2024-25 roster alignment.
2016870,likely 2023-24,CAASPP,Math,2407.0,Longfellow Arts and Technology Middle,6,CAASPP_Tier_Data_Updated.csv,Medium,Year inferred from grade progression and 2024-25 roster alignment.
2017548,likely 2023-24,CAASPP,Math,2436.0,Sylvia Mendez Elementary School,5,CAASPP_Tier_Data_Updated.csv,Medium,Year inferred from grade progression and 2024-25 roster alignment.
2018917,likely 2023-24,CAASPP,Math,2459.0,Malcolm X Elementary School,4,CAASPP_Tier_Data_Updated.csv,Medium,Year inferred from grade progression and 2024-25 roster alignment.
2013394,likely 2023-24,CAASPP,Math,2470.0,Longfellow Arts and Technology Middle,7,CAASPP_Tier_Data_Updated.csv,Medium,Year inferred from grade progression and 2024-25 roster alignment.
2010721,likely 2023-24,CAASPP,Math,2350.0,Berkeley High School,9,CAASPP_Tier_Data_Updated.csv,Medium,Year inferred from grade progression and 2024-25 roster alignment.
2019391,likely 2023-24,CAASPP,Math,2378.0,Malcolm X Elementary School,4,CAASPP_Tier_Data_Updated.csv,Medium,Year inferred from grade progression and 2024-25 roster alignment.
2015291,likely 2023-24,CAASPP,Math,2368.0,Martin Luther King Middle School,7,CAASPP_Tier_Data_Updated.csv,Medium,Year inferred from grade progression and 2024-25 roster alignment.
2012137,likely 2023-24,CAASPP,Math,2323.0,Martin Luther King Middle School,8,CAASPP_Tier_Data_Updated.csv,Medium,Year inferred from grade progression and 2024-25 roster alignment.
2017072,likely 2023-24,CAASPP,Math,2224.0,Martin Luther King Middle School,6,CAASPP_Tier_Data_Updated.csv,Medium,Year inferred from grade progression and 2024-25 roster alignment.
2009098,likely 2023-24,CAASPP,Math,2406.0,Berkeley High School,9,CAASPP_Tier_Data_Updated.csv,Medium,Year inferred from grade progression and 2024-25 roster alignment.
2019167,likely 2023-24,CAASPP,Math,2392.0,Thousand Oaks Elementary School,4,CAASPP_Tier_Data_Updated.csv,Medium,Year inferred from grade progression and 2024-25 roster alignment.
2016556,likely 2023-24,CAASPP,Math,2376.0,Thousand Oaks Elementary School,5,CAASPP_Tier_Data_Updated.csv,Medium,Year inferred from grade progression and 2024-25 roster alignment.
2014632,likely 2023-24,CAASPP,Math,2298.0,Longfellow Arts and Technology Middle,6,CAASPP_Tier_Data_Updated.csv,Medium,Year inferred from grade progression and 2024-25 roster alignment.
2012242,likely 2023-24,CAASPP,Math,2399.0,Berkeley High School,9,CAASPP_Tier_Data_Updated.csv,Medium,Year inferred from grade progression and 2024-25 roster alignment.
2011071,likely 2023-24,CAASPP,Math,2521.0,Berkeley High School,9,CAASPP_Tier_Data_Updated.csv,Medium,Year inferred from grade progression and 2024-25 roster alignment.
2011410,likely 2023-24,CAASPP,Math,2477.0,Longfellow Arts and Technology Middle,8,CAASPP_Tier_Data_Updated.csv,Medium,Year inferred from grade progression and 2024-25 roster alignment.
2022836,likely 2023-24,CAASPP,Math,2305.0,Washington Elementary School,4,CAASPP_Tier_Data_Updated.csv,Medium,Year inferred from grade progression and 2024-25 roster alignment.
2022885,likely 2023-24,CAASPP,Math,2550.0,Berkeley High School,12,CAASPP_Tier_Data_Updated.csv,Medium,Year inferred from grade progression and 2024-25 roster alignment.
2018559,likely 2023-24,CAASPP,Math,2417.0,Martin Luther King Middle School,6,CAASPP_Tier_Data_Updated.csv,Medium,Year inferred from grade progression and 2024-25 roster alignment.
2019247,likely 2023-24,CAASPP,Math,2426.0,Malcolm X Elementary School,4,CAASPP_Tier_Data_Updated.csv,Medium,Year inferred from grade progression and 2024-25 roster alignment.
2018279,likely 2023-24,CAASPP,Math,2467.0,Berkeley Arts Magnet Elementary School,5,CAASPP_Tier_Data_Updated.csv,Medium,Year inferred from grade progression and 2024-25 roster alignment.
2013212,likely 2023-24,CAASPP,Math,2499.0,Willard Middle School,8,CAASPP_Tier_Data_Updated.csv,Medium,Year inferred from grade progression and 2024-25 roster alignment.
2015450,likely 2023-24,CAASPP,Math,2493.0,Longfellow Arts and Technology Middle,7,CAASPP_Tier_Data_Updated.csv,Medium,Year inferred from grade progression and 2024-25 roster alignment.
2015452,likely 2023-24,CAASPP,Math,2578.0,Berkeley High School,9,CAASPP_Tier_Data_Updated.csv,Medium,Year inferred from grade progression and 2024-25 roster alignment.
2011093,likely 2023-24,CAASPP,Math,2529.0,Berkeley High School,9,CAASPP_Tier_Data_Updated.csv,Medium,Year inferred from grade progression and 2024-25 roster alignment.
2015848,likely 2023-24,CAASPP,Math,2527.0,Martin Luther King Middle School,6,CAASPP_Tier_Data_Updated.csv,Medium,Year inferred from grade progression and 2024-25 roster alignment.
2016778,likely 2023-24,CAASPP,Math,2278.0,Willard Middle School,6,CAASPP_Tier_Data_Updated.csv,Medium,Year inferred from grade progression and 2024-25 roster alignment.
2018993,likely 2023-24,CAASPP,Math,2527.0,Sylvia Mendez Elementary School,4,CAASPP_Tier_Data_Updated.csv,Medium,Year inferred from grade progression and 2024-25 roster alignment.
2019068,likely 2023-24,CAASPP,Math,2409.0,Sylvia Mendez Elementary School,4,CAASPP_Tier_Data_Updated.csv,Medium,Year inferred from grade progression and 2024-25 roster alignment.
2018672,likely 2023-24,CAASPP,Math,2521.0,Berkeley High School,9,CAASPP_Tier_Data_Updated.csv,Medium,Year inferred from grade progression and 2024-25 roster alignment.
2023562,likely 2023-24,CAASPP,Math,2416.0,Rosa Parks Elementary School,5,CAASPP_Tier_Data_Updated.csv,Medium,Year inferred from grade progression and 2024-25 roster alignment.
2022640,likely 2023-24,CAASPP,Math,2446.0,John Muir Elementary School,5,CAASPP_Tier_Data_Updated.csv,Medium,Year inferred from grade progression and 2024-25 roster alignment.
2023860,likely 2023-24,CAASPP,Math,2449.0,Berkeley High School,9,CAASPP_Tier_Data_Updated.csv,Medium,Year inferred from grade progression and 2024-25 roster alignment.
2012619,likely 2023-24,CAASPP,Math,2519.0,Longfellow Arts and Technology Middle,8,CAASPP_Tier_Data_Updated.csv,Medium,Year inferred from grade progression and 2024-25 roster alignment.
2019582,likely 2023-24,CAASPP,Math,2473.0,Washington Elementary School,5,CAASPP_Tier_Data_Updated.csv,Medium,Year inferred from grade progression and 2024-25 roster alignment.
2023791,likely 2023-24,CAASPP,Math,2438.0,Malcolm X Elementary School,5,CAASPP_Tier_Data_Updated.csv,Medium,Year inferred from grade progression and 2024-25 roster alignment.
2018773,likely 2023-24,CAASPP,Math,2513.0,Longfellow Arts and Technology Middle,8,CAASPP_Tier_Data_Updated.csv,Medium,Year inferred from grade progression and 2024-25 roster alignment.
2012356,likely 2023-24,CAASPP,Math,2474.0,Longfellow Arts and Technology Middle,8,CAASPP_Tier_Data_Updated.csv,Medium,Year inferred from grade progression and 2024-25 roster alignment.
2011154,likely 2023-24,CAASPP,Math,2459.0,Berkeley High School,9,CAASPP_Tier_Data_Updated.csv,Medium,Year inferred from grade progression and 2024-25 roster alignment.
2018334,likely 2023-24,CAASPP,Math,2469.0,Cragmont Elementary School,5,CAASPP_Tier_Data_Updated.csv,Medium,Year inferred from grade progression and 2024-25 roster alignment.
2015643,likely 2023-24,CAASPP,Math,2554.0,Berkeley High School,9,CAASPP_Tier_Data_Updated.csv,Medium,Year inferred from grade progression and 2024-25 roster alignment.
2017280,likely 2023-24,CAASPP,Math,2377.0,Malcolm X Elementary School,4,CAASPP_Tier_Data_Updated.csv,Medium,Year inferred from grade progression and 2024-25 roster alignment.
2017610,likely 2023-24,CAASPP,Math,2467.0,Ruth Acty Elementary School,5,CAASPP_Tier_Data_Updated.csv,Medium,Year inferred from grade progression and 2024-25 roster alignment.
2017847,likely 2023-24,CAASPP,Math,2230.0,Berkeley Arts Magnet Elementary School,4,CAASPP_Tier_Data_Updated.csv,Medium,Year inferred from grade progression and 2024-25 roster alignment.
2015020,likely 2023-24,CAASPP,Math,2430.0,Berkeley High School,9,CAASPP_Tier_Data_Updated.csv,Medium,Year inferred from grade progression and 2024-25 roster alignment.
2011751,likely 2023-24,CAASPP,Math,2391.0,Berkeley High School,9,CAASPP_Tier_Data_Updated.csv,Medium,Year inferred from grade progression and 2024-25 roster alignment.
2014971,likely 2023-24,CAASPP,Math,2484.0,Longfellow Arts and Technology Middle,7,CAASPP_Tier_Data_Updated.csv,Medium,Year inferred from grade progression and 2024-25 roster alignment.
2014279,likely 2023-24,CAASPP,Math,2542.0,Longfellow Arts and Technology Middle,7,CAASPP_Tier_Data_Updated.csv,Medium,Year inferred from grade progression and 2024-25 roster alignment.
2011139,likely 2023-24,CAASPP,Math,2607.0,Berkeley High School,9,CAASPP_Tier_Data_Updated.csv,Medium,Year inferred from grade progression and 2024-25 roster alignment.
2019320,likely 2023-24,CAASPP,Math,2369.0,Cragmont Elementary School,4,CAASPP_Tier_Data_Updated.csv,Medium,Year inferred from grade progression and 2024-25 roster alignment.
2022594,likely 2023-24,CAASPP,Math,2280.0,Berkeley High School,12,CAASPP_Tier_Data_Updated.csv,Medium,Year inferred from grade progression and 2024-25 roster alignment.
2015498,likely 2023-24,CAASPP,Math,2411.0,Willard Middle School,6,CAASPP_Tier_Data_Updated.csv,Medium,Year inferred from grade progression and 2024-25 roster alignment.
2024102,likely 2023-24,CAASPP,Math,2516.0,Rosa Parks Elementary School,4,CAASPP_Tier_Data_Updated.csv,Medium,Year inferred from grade progression and 2024-25 roster alignment.
2011124,likely 2023-24,CAASPP,Math,2443.0,Berkeley High School,9,CAASPP_Tier_Data_Updated.csv,Medium,Year inferred from grade progression and 2024-25 roster alignment.
2013610,likely 2023-24,CAASPP,Math,2343.0,Longfellow Arts and Technology Middle,8,CAASPP_Tier_Data_Updated.csv,Medium,Year inferred from grade progression and 2024-25 roster alignment.
2014698,likely 2023-24,CAASPP,Math,2609.0,Longfellow Arts and Technology Middle,6,CAASPP_Tier_Data_Updated.csv,Medium,Year inferred from grade progression and 2024-25 roster alignment.
2014699,likely 2023-24,CAASPP,Math,2549.0,Longfellow Arts and Technology Middle,6,CAASPP_Tier_Data_Updated.csv,Medium,Year inferred from grade progression and 2024-25 roster alignment.
2005214,likely 2023-24,CAASPP,Math,2587.0,Berkeley High School,12,CAASPP_Tier_Data_Updated.csv,Medium,Year inferred from grade progression and 2024-25 roster alignment.
2017850,likely 2023-24,CAASPP,Math,2436.0,Cragmont Elementary School,5,CAASPP_Tier_Data_Updated.csv,Medium,Year inferred from grade progression and 2024-25 roster alignment.
2012655,likely 2023-24,CAASPP,Math,2540.0,Martin Luther King Middle School,8,CAASPP_Tier_Data_Updated.csv,Medium,Year inferred from grade progression and 2024-25 roster alignment.
2024254,likely 2023-24,CAASPP,Math,2265.0,Berkeley High School,9,CAASPP_Tier_Data_Updated.csv,Medium,Year inferred from grade progression and 2024-25 roster alignment.
2013113,likely 2023-24,CAASPP,Math,2434.0,Longfellow Arts and Technology Middle,7,CAASPP_Tier_Data_Updated.csv,Medium,Year inferred from grade progression and 2024-25 roster alignment.
2021032,likely 2023-24,CAASPP,Math,2556.0,Emerson Elementary School,5,CAASPP_Tier_Data_Updated.csv,Medium,Year inferred from grade progression and 2024-25 roster alignment.
2016787,likely 2023-24,CAASPP,Math,2461.0,Longfellow Arts and Technology Middle,6,CAASPP_Tier_Data_Updated.csv,Medium,Year inferred from grade progression and 2024-25 roster alignment.
2011547,likely 2023-24,CAASPP,Math,2576.0,Martin Luther King Middle School,8,CAASPP_Tier_Data_Updated.csv,Medium,Year inferred from grade progression and 2024-25 roster alignment.
2020528,likely 2023-24,CAASPP,Math,2555.0,Longfellow Arts and Technology Middle,8,CAASPP_Tier_Data_Updated.csv,Medium,Year inferred from grade progression and 2024-25 roster alignment.
2016395,likely 2023-24,CAASPP,Math,2635.0,Longfellow Arts and Technology Middle,8,CAASPP_Tier_Data_Updated.csv,Medium,Year inferred from grade progression and 2024-25 roster alignment.
2021215,likely 2023-24,CAASPP,Math,2461.0,Berkeley High School,12,CAASPP_Tier_Data_Updated.csv,Medium,Year inferred from grade progression and 2024-25 roster alignment.
2022131,likely 2023-24,CAASPP,Math,2408.0,Cragmont Elementary School,5,CAASPP_Tier_Data_Updated.csv,Medium,Year inferred from grade progression and 2024-25 roster alignment.
2014916,likely 2023-24,CAASPP,Math,2433.0,Willard Middle School,7,CAASPP_Tier_Data_Updated.csv,Medium,Year inferred from grade progression and 2024-25 roster alignment.
2012995,likely 2023-24,CAASPP,Math,2515.0,Willard Middle School,8,CAASPP_Tier_Data_Updated.csv,Medium,Year inferred from grade progression and 2024-25 roster alignment.
2014919,likely 2023-24,CAASPP,Math,2235.0,Willard Middle School,7,CAASPP_Tier_Data_Updated.csv,Medium,Year inferred from grade progression and 2024-25 roster alignment.
2013295,likely 2023-24,CAASPP,Math,2535.0,Longfellow Arts and Technology Middle,7,CAASPP_Tier_Data_Updated.csv,Medium,Year inferred from grade progression and 2024-25 roster alignment.
2011889,likely 2023-24,CAASPP,Math,2560.0,Longfellow Arts and Technology Middle,8,CAASPP_Tier_Data_Updated.csv,Medium,Year inferred from grade progression and 2024-25 roster alignment.
2012514,likely 2023-24,CAASPP,Math,2560.0,Martin Luther King Middle School,8,CAASPP_Tier_Data_Updated.csv,Medium,Year inferred from grade progression and 2024-25 roster alignment.
2006701,likely 2023-24,CAASPP,Math,2289.0,Berkeley High School,11,CAASPP_Tier_Data_Updated.csv,Medium,Year inferred from grade progression and 2024-25 roster alignment.
2024086,likely 2023-24,CAASPP,Math,2471.0,John Muir Elementary School,4,CAASPP_Tier_Data_Updated.csv,Medium,Year inferred from grade progression and 2024-25 roster alignment.
2017410,likely 2023-24,CAASPP,Math,2561.0,Martin Luther King Middle School,6,CAASPP_Tier_Data_Updated.csv,Medium,Year inferred from grade progression and 2024-25 roster alignment.
2013804,likely 2023-24,CAASPP,Math,2489.0,Martin Luther King Middle School,7,CAASPP_Tier_Data_Updated.csv,Medium,Year inferred from grade progression and 2024-25 roster alignment.
2015570,likely 2023-24,CAASPP,Math,2407.0,Berkeley Arts Magnet Elementary School,4,CAASPP_Tier_Data_Updated.csv,Medium,Year inferred from grade progression and 2024-25 roster alignment.
2020708,likely 2023-24,CAASPP,Math,2347.0,Berkeley High School,9,CAASPP_Tier_Data_Updated.csv,Medium,Year inferred from grade progression and 2024-25 roster alignment.
2019789,likely 2023-24,CAASPP,Math,2494.0,Ruth Acty Elementary School,4,CAASPP_Tier_Data_Updated.csv,Medium,Year inferred from grade progression and 2024-25 roster alignment.
2020688,likely 2023-24,CAASPP,Math,2365.0,Longfellow Arts and Technology Middle,8,CAASPP_Tier_Data_Updated.csv,Medium,Year inferred from grade progression and 2024-25 roster alignment.
2014530,likely 2023-24,CAASPP,Math,2503.0,Martin Luther King Middle School,7,CAASPP_Tier_Data_Updated.csv,Medium,Year inferred from grade progression and 2024-25 roster alignment.
2020694,likely 2023-24,CAASPP,Math,2455.0,Rosa Parks Elementary School,5,CAASPP_Tier_Data_Updated.csv,Medium,Year inferred from grade progression and 2024-25 roster alignment.
2024249,likely 2023-24,CAASPP,Math,2609.0,Martin Luther King Middle School,7,CAASPP_Tier_Data_Updated.csv,Medium,Year inferred from grade progression and 2024-25 roster alignment.
2021338,likely 2023-24,CAASPP,Math,2322.0,Berkeley High School,9,CAASPP_Tier_Data_Updated.csv,Medium,Year inferred from grade progression and 2024-25 roster alignment.
2018175,likely 2023-24,CAASPP,Math,2398.0,Berkeley Arts Magnet Elementary School,5,CAASPP_Tier_Data_Updated.csv,Medium,Year inferred from grade progression and 2024-25 roster alignment.
2014776,likely 2023-24,CAASPP,Math,2478.0,Willard Middle School,7,CAASPP_Tier_Data_Updated.csv,Medium,Year inferred from grade progression and 2024-25 roster alignment.
2019515,likely 2023-24,CAASPP,Math,2347.0,Emerson Elementary School,4,CAASPP_Tier_Data_Updated.csv,Medium,Year inferred from grade progression and 2024-25 roster alignment.
2013546,likely 2023-24,CAASPP,Math,2523.0,Longfellow Arts and Technology Middle,8,CAASPP_Tier_Data_Updated.csv,Medium,Year inferred from grade progression and 2024-25 roster alignment.
2014904,likely 2023-24,CAASPP,Math,2324.0,Longfellow Arts and Technology Middle,7,CAASPP_Tier_Data_Updated.csv,Medium,Year inferred from grade progression and 2024-25 roster alignment.
2017440,likely 2023-24,CAASPP,Math,2386.0,Willard Middle School,6,CAASPP_Tier_Data_Updated.csv,Medium,Year inferred from grade progression and 2024-25 roster alignment.
2021091,likely 2023-24,CAASPP,Math,2580.0,Berkeley High School,9,CAASPP_Tier_Data_Updated.csv,Medium,Year inferred from grade progression and 2024-25 roster alignment.
2009839,likely 2023-24,CAASPP,Math,2329.0,Berkeley High School,9,CAASPP_Tier_Data_Updated.csv,Medium,Year inferred from grade progression and 2024-25 roster alignment.
2011780,likely 2023-24,CAASPP,Math,2615.0,Berkeley High School,9,CAASPP_Tier_Data_Updated.csv,Medium,Year inferred from grade progression and 2024-25 roster alignment.
2006198,likely 2023-24,CAASPP,Math,2509.0,Berkeley High School,12,CAASPP_Tier_Data_Updated.csv,Medium,Year inferred from grade progression and 2024-25 roster alignment.
2011706,likely 2023-24,CAASPP,Math,2509.0,Longfellow Arts and Technology Middle,8,CAASPP_Tier_Data_Updated.csv,Medium,Year inferred from grade progression and 2024-25 roster alignment.
2022922,likely 2023-24,CAASPP,Math,2677.0,Berkeley High School,12,CAASPP_Tier_Data_Updated.csv,Medium,Year inferred from grade progression and 2024-25 roster alignment.
2015058,likely 2023-24,CAASPP,Math,2474.0,Berkeley High School,9,CAASPP_Tier_Data_Updated.csv,Medium,Year inferred from grade progression and 2024-25 roster alignment.
2024182,likely 2023-24,CAASPP,Math,2368.0,Oxford Elementary School,4,CAASPP_Tier_Data_Updated.csv,Medium,Year inferred from grade progression and 2024-25 roster alignment.
2018039,likely 2023-24,CAASPP,Math,2493.0,Thousand Oaks Elementary School,5,CAASPP_Tier_Data_Updated.csv,Medium,Year inferred from grade progression and 2024-25 roster alignment.
2018375,likely 2023-24,CAASPP,Math,2501.0,Malcolm X Elementary School,5,CAASPP_Tier_Data_Updated.csv,Medium,Year inferred from grade progression and 2024-25 roster alignment.
2010918,likely 2023-24,CAASPP,Math,2362.0,Martin Luther King Middle School,8,CAASPP_Tier_Data_Updated.csv,Medium,Year inferred from grade progression and 2024-25 roster alignment.
2018218,likely 2023-24,CAASPP,Math,2385.0,John Muir Elementary School,5,CAASPP_Tier_Data_Updated.csv,Medium,Year inferred from grade progression and 2024-25 roster alignment.
2013286,likely 2023-24,CAASPP,Math,2259.0,Willard Middle School,7,CAASPP_Tier_Data_Updated.csv,Medium,Year inferred from grade progression and 2024-25 roster alignment.
2017728,likely 2023-24,CAASPP,Math,2474.0,Sylvia Mendez Elementary School,5,CAASPP_Tier_Data_Updated.csv,Medium,Year inferred from grade progression and 2024-25 roster alignment.
2012923,likely 2023-24,CAASPP,Math,2571.0,Martin Luther King Middle School,8,CAASPP_Tier_Data_Updated.csv,Medium,Year inferred from grade progression and 2024-25 roster alignment.
2019079,likely 2023-24,CAASPP,Math,2529.0,Ruth Acty Elementary School,4,CAASPP_Tier_Data_Updated.csv,Medium,Year inferred from grade progression and 2024-25 roster alignment.
2019535,likely 2023-24,CAASPP,Math,2473.0,Emerson Elementary School,4,CAASPP_Tier_Data_Updated.csv,Medium,Year inferred from grade progression and 2024-25 roster alignment.
2012487,likely 2023-24,CAASPP,Math,2602.0,Martin Luther King Middle School,7,CAASPP_Tier_Data_Updated.csv,Medium,Year inferred from grade progression and 2024-25 roster alignment.
2024265,likely 2023-24,CAASPP,Math,2538.0,Willard Middle School,6,CAASPP_Tier_Data_Updated.csv,Medium,Year inferred from grade progression and 2024-25 roster alignment.
2013713,likely 2023-24,CAASPP,Math,2455.0,Willard Middle School,8,CAASPP_Tier_Data_Updated.csv,Medium,Year inferred from grade progression and 2024-25 roster alignment.
2018354,likely 2023-24,CAASPP,Math,2407.0,Cragmont Elementary School,5,CAASPP_Tier_Data_Updated.csv,Medium,Year inferred from grade progression and 2024-25 roster alignment.
2024070,likely 2023-24,CAASPP,Math,2592.0,Willard Middle School,6,CAASPP_Tier_Data_Updated.csv,Medium,Year inferred from grade progression and 2024-25 roster alignment.
2021327,likely 2023-24,CAASPP,Math,2265.0,Willard Middle School,8,CAASPP_Tier_Data_Updated.csv,Medium,Year inferred from grade progression and 2024-25 roster alignment.
2011436,likely 2023-24,CAASPP,Math,2551.0,Willard Middle School,8,CAASPP_Tier_Data_Updated.csv,Medium,Year inferred from grade progression and 2024-25 roster alignment.
2010956,likely 2023-24,CAASPP,Math,2579.0,Berkeley High School,9,CAASPP_Tier_Data_Updated.csv,Medium,Year inferred from grade progression and 2024-25 roster alignment.
2016848,likely 2023-24,CAASPP,Math,2359.0,Cragmont Elementary School,5,CAASPP_Tier_Data_Updated.csv,Medium,Year inferred from grade progression and 2024-25 roster alignment.
2024532,likely 2023-24,CAASPP,Math,2497.0,Willard Middle School,8,CAASPP_Tier_Data_Updated.csv,Medium,Year inferred from grade progression and 2024-25 roster alignment.
2022526,likely 2023-24,CAASPP,Math,2487.0,Longfellow Arts and Technology Middle,6,CAASPP_Tier_Data_Updated.csv,Medium,Year inferred from grade progression and 2024-25 roster alignment.
2015528,likely 2023-24,CAASPP,Math,2348.0,Longfellow Arts and Technology Middle,7,CAASPP_Tier_Data_Updated.csv,Medium,Year inferred from grade progression and 2024-25 roster alignment.
2013474,likely 2023-24,CAASPP,Math,2450.0,Longfellow Arts and Technology Middle,8,CAASPP_Tier_Data_Updated.csv,Medium,Year inferred from grade progression and 2024-25 roster alignment.
2018224,likely 2023-24,CAASPP,Math,2407.0,Washington Elementary School,4,CAASPP_Tier_Data_Updated.csv,Medium,Year inferred from grade progression and 2024-25 roster alignment.
2009146,likely 2023-24,CAASPP,Math,2493.0,Berkeley High School,9,CAASPP_Tier_Data_Updated.csv,Medium,Year inferred from grade progression and 2024-25 roster alignment.
2016334,likely 2023-24,CAASPP,Math,2447.0,Longfellow Arts and Technology Middle,6,CAASPP_Tier_Data_Updated.csv,Medium,Year inferred from grade progression and 2024-25 roster alignment.
2022466,likely 2023-24,CAASPP,Math,2456.0,Berkeley High School,9,CAASPP_Tier_Data_Updated.csv,Medium,Year inferred from grade progression and 2024-25 roster alignment.
2024652,likely 2023-24,CAASPP,Math,2363.0,Malcolm X Elementary School,5,CAASPP_Tier_Data_Updated.csv,Medium,Year inferred from grade progression and 2024-25 roster alignment.
2011365,likely 2023-24,CAASPP,Math,2566.0,Berkeley High School,9,CAASPP_Tier_Data_Updated.csv,Medium,Year inferred from grade progression and 2024-25 roster alignment.
2014717,likely 2023-24,CAASPP,Math,2395.0,Emerson Elementary School,5,CAASPP_Tier_Data_Updated.csv,Medium,Year inferred from grade progression and 2024-25 roster alignment.
2011692,likely 2023-24,CAASPP,Math,2598.0,Martin Luther King Middle School,8,CAASPP_Tier_Data_Updated.csv,Medium,Year inferred from grade progression and 2024-25 roster alignment.
2019817,likely 2023-24,CAASPP,Math,2362.0,Thousand Oaks Elementary School,4,CAASPP_Tier_Data_Updated.csv,Medium,Year inferred from grade progression and 2024-25 roster alignment.
2014958,likely 2023-24,CAASPP,Math,2407.0,Willard Middle School,6,CAASPP_Tier_Data_Updated.csv,Medium,Year inferred from grade progression and 2024-25 roster alignment.
2016600,likely 2023-24,CAASPP,Math,2442.0,Longfellow Arts and Technology Middle,6,CAASPP_Tier_Data_Updated.csv,Medium,Year inferred from grade progression and 2024-25 roster alignment.
2012650,likely 2023-24,CAASPP,Math,2576.0,Longfellow Arts and Technology Middle,8,CAASPP_Tier_Data_Updated.csv,Medium,Year inferred from grade progression and 2024-25 roster alignment.
2018517,likely 2023-24,CAASPP,Math,2444.0,Sylvia Mendez Elementary School,4,CAASPP_Tier_Data_Updated.csv,Medium,Year inferred from grade progression and 2024-25 roster alignment.
2015328,likely 2023-24,CAASPP,Math,2468.0,Longfellow Arts and Technology Middle,6,CAASPP_Tier_Data_Updated.csv,Medium,Year inferred from grade progression and 2024-25 roster alignment.
2024258,likely 2023-24,CAASPP,Math,2493.0,Malcolm X Elementary School,5,CAASPP_Tier_Data_Updated.csv,Medium,Year inferred from grade progression and 2024-25 roster alignment.
2019162,likely 2023-24,CAASPP,Math,2413.0,Cragmont Elementary School,4,CAASPP_Tier_Data_Updated.csv,Medium,Year inferred from grade progression and 2024-25 roster alignment.
2005139,likely 2023-24,CAASPP,Math,2581.0,Berkeley High School,12,CAASPP_Tier_Data_Updated.csv,Medium,Year inferred from grade progression and 2024-25 roster alignment.
2016211,likely 2023-24,CAASPP,Math,2475.0,Martin Luther King Middle School,6,CAASPP_Tier_Data_Updated.csv,Medium,Year inferred from grade progression and 2024-25 roster alignment.
2022203,likely 2023-24,CAASPP,Math,2456.0,Berkeley Arts Magnet Elementary School,4,CAASPP_Tier_Data_Updated.csv,Medium,Year inferred from grade progression and 2024-25 roster alignment.
2011718,likely 2023-24,CAASPP,Math,2449.0,Martin Luther King Middle School,8,CAASPP_Tier_Data_Updated.csv,Medium,Year inferred from grade progression and 2024-25 roster alignment.
2021560,likely 2023-24,CAASPP,Math,2458.0,Berkeley High School,12,CAASPP_Tier_Data_Updated.csv,Medium,Year inferred from grade progression and 2024-25 roster alignment.
2018922,likely 2023-24,CAASPP,Math,2450.0,Emerson Elementary School,4,CAASPP_Tier_Data_Updated.csv,Medium,Year inferred from grade progression and 2024-25 roster alignment.
2024004,likely 2023-24,CAASPP,Math,2370.0,Willard Middle School,7,CAASPP_Tier_Data_Updated.csv,Medium,Year inferred from grade progression and 2024-25 roster alignment.
2011874,likely 2023-24,CAASPP,Math,2498.0,Berkeley High School,9,CAASPP_Tier_Data_Updated.csv,Medium,Year inferred from grade progression and 2024-25 roster alignment.
2022187,likely 2023-24,CAASPP,Math,2403.0,Washington Elementary School,4,CAASPP_Tier_Data_Updated.csv,Medium,Year inferred from grade progression and 2024-25 roster alignment.
2017284,likely 2023-24,CAASPP,Math,2461.0,Thousand Oaks Elementary School,4,CAASPP_Tier_Data_Updated.csv,Medium,Year inferred from grade progression and 2024-25 roster alignment.
2024163,likely 2023-24,CAASPP,Math,2237.0,Oxford Elementary School,4,CAASPP_Tier_Data_Updated.csv,Medium,Year inferred from grade progression and 2024-25 roster alignment.
2011578,likely 2023-24,CAASPP,Math,2512.0,Longfellow Arts and Technology Middle,8,CAASPP_Tier_Data_Updated.csv,Medium,Year inferred from grade progression and 2024-25 roster alignment.
2019601,likely 2023-24,CAASPP,Math,2402.0,Thousand Oaks Elementary School,4,CAASPP_Tier_Data_Updated.csv,Medium,Year inferred from grade progression and 2024-25 roster alignment.
2010415,likely 2023-24,CAASPP,Math,2543.0,Berkeley High School,9,CAASPP_Tier_Data_Updated.csv,Medium,Year inferred from grade progression and 2024-25 roster alignment.
2013415,likely 2023-24,CAASPP,Math,2507.0,Berkeley High School,9,CAASPP_Tier_Data_Updated.csv,Medium,Year inferred from grade progression and 2024-25 roster alignment.
2015340,likely 2023-24,CAASPP,Math,2471.0,Willard Middle School,7,CAASPP_Tier_Data_Updated.csv,Medium,Year inferred from grade progression and 2024-25 roster alignment.
2017903,likely 2023-24,CAASPP,Math,2456.0,Oxford Elementary School,4,CAASPP_Tier_Data_Updated.csv,Medium,Year inferred from grade progression and 2024-25 roster alignment.
2019662,likely 2023-24,CAASPP,Math,2417.0,Malcolm X Elementary School,4,CAASPP_Tier_Data_Updated.csv,Medium,Year inferred from grade progression and 2024-25 roster alignment.
2016575,likely 2023-24,CAASPP,Math,2626.0,Martin Luther King Middle School,7,CAASPP_Tier_Data_Updated.csv,Medium,Year inferred from grade progression and 2024-25 roster alignment.
2013390,likely 2023-24,CAASPP,Math,2485.0,Martin Luther King Middle School,7,CAASPP_Tier_Data_Updated.csv,Medium,Year inferred from grade progression and 2024-25 roster alignment.
2008538,likely 2023-24,CAASPP,Math,2519.0,Berkeley High School,12,CAASPP_Tier_Data_Updated.csv,Medium,Year inferred from grade progression and 2024-25 roster alignment.
2016816,likely 2023-24,CAASPP,Math,2390.0,Willard Middle School,6,CAASPP_Tier_Data_Updated.csv,Medium,Year inferred from grade progression and 2024-25 roster alignment.
2024010,likely 2023-24,CAASPP,Math,2403.0,Berkeley Arts Magnet Elementary School,4,CAASPP_Tier_Data_Updated.csv,Medium,Year inferred from grade progression and 2024-25 roster alignment.
2016330,likely 2023-24,CAASPP,Math,2517.0,Willard Middle School,6,CAASPP_Tier_Data_Updated.csv,Medium,Year inferred from grade progression and 2024-25 roster alignment.
2018235,likely 2023-24,CAASPP,Math,2400.0,Washington Elementary School,4,CAASPP_Tier_Data_Updated.csv,Medium,Year inferred from grade progression and 2024-25 roster alignment.
2017248,likely 2023-24,CAASPP,Math,2426.0,Martin Luther King Middle School,8,CAASPP_Tier_Data_Updated.csv,Medium,Year inferred from grade progression and 2024-25 roster alignment.
2016201,likely 2023-24,CAASPP,Math,2510.0,Longfellow Arts and Technology Middle,6,CAASPP_Tier_Data_Updated.csv,Medium,Year inferred from grade progression and 2024-25 roster alignment.
2010731,likely 2023-24,CAASPP,Math,2474.0,Longfellow Arts and Technology Middle,8,CAASPP_Tier_Data_Updated.csv,Medium,Year inferred from grade progression and 2024-25 roster alignment.
2011977,likely 2023-24,CAASPP,Math,2543.0,Longfellow Arts and Technology Middle,8,CAASPP_Tier_Data_Updated.csv,Medium,Year inferred from grade progression and 2024-25 roster alignment.
2010081,likely 2023-24,CAASPP,Math,2433.0,Berkeley High School,9,CAASPP_Tier_Data_Updated.csv,Medium,Year inferred from grade progression and 2024-25 roster alignment.
2010008,likely 2023-24,CAASPP,Math,2508.0,Berkeley High School,9,CAASPP_Tier_Data_Updated.csv,Medium,Year inferred from grade progression and 2024-25 roster alignment.
2015442,likely 2023-24,CAASPP,Math,2439.0,Longfellow Arts and Technology Middle,8,CAASPP_Tier_Data_Updated.csv,Medium,Year inferred from grade progression and 2024-25 roster alignment.
2012389,likely 2023-24,CAASPP,Math,2491.0,Berkeley High School,12,CAASPP_Tier_Data_Updated.csv,Medium,Year inferred from grade progression and 2024-25 roster alignment.
2016222,likely 2023-24,CAASPP,Math,2419.0,Willard Middle School,6,CAASPP_Tier_Data_Updated.csv,Medium,Year inferred from grade progression and 2024-25 roster alignment.
2020697,likely 2023-24,CAASPP,Math,2879.0,Berkeley High School,12,CAASPP_Tier_Data_Updated.csv,Medium,Year inferred from grade progression and 2024-25 roster alignment.
2013842,likely 2023-24,CAASPP,Math,2477.0,Martin Luther King Middle School,6,CAASPP_Tier_Data_Updated.csv,Medium,Year inferred from grade progression and 2024-25 roster alignment.
2018458,likely 2023-24,CAASPP,Math,2507.0,Rosa Parks Elementary School,5,CAASPP_Tier_Data_Updated.csv,Medium,Year inferred from grade progression and 2024-25 roster alignment.
2010013,likely 2023-24,CAASPP,Math,2635.0,Longfellow Arts and Technology Middle,8,CAASPP_Tier_Data_Updated.csv,Medium,Year inferred from grade progression and 2024-25 roster alignment.
2010963,likely 2023-24,CAASPP,Math,2585.0,Berkeley High School,9,CAASPP_Tier_Data_Updated.csv,Medium,Year inferred from grade progression and 2024-25 roster alignment.
2011934,likely 2023-24,CAASPP,Math,2567.0,Berkeley High School,9,CAASPP_Tier_Data_Updated.csv,Medium,Year inferred from grade progression and 2024-25 roster alignment.
2018560,likely 2023-24,CAASPP,Math,2507.0,Berkeley High School,9,CAASPP_Tier_Data_Updated.csv,Medium,Year inferred from grade progression and 2024-25 roster alignment.
2018605,likely 2023-24,CAASPP,Math,2442.0,Berkeley High School,9,CAASPP_Tier_Data_Updated.csv,Medium,Year inferred from grade progression and 2024-25 roster alignment.
2023085,likely 2023-24,CAASPP,Math,2394.0,Ruth Acty Elementary School,5,CAASPP_Tier_Data_Updated.csv,Medium,Year inferred from grade progression and 2024-25 roster alignment.
2015029,likely 2023-24,CAASPP,Math,2497.0,Berkeley High School,12,CAASPP_Tier_Data_Updated.csv,Medium,Year inferred from grade progression and 2024-25 roster alignment.
2011750,likely 2023-24,CAASPP,Math,2629.0,Longfellow Arts and Technology Middle,8,CAASPP_Tier_Data_Updated.csv,Medium,Year inferred from grade progression and 2024-25 roster alignment.
2014349,likely 2023-24,CAASPP,Math,2475.0,Longfellow Arts and Technology Middle,7,CAASPP_Tier_Data_Updated.csv,Medium,Year inferred from grade progression and 2024-25 roster alignment.
2017734,likely 2023-24,CAASPP,Math,2478.0,Oxford Elementary School,5,CAASPP_Tier_Data_Updated.csv,Medium,Year inferred from grade progression and 2024-25 roster alignment.
2011461,likely 2023-24,CAASPP,Math,2633.0,Berkeley High School,9,CAASPP_Tier_Data_Updated.csv,Medium,Year inferred from grade progression and 2024-25 roster alignment.
2011187,likely 2023-24,CAASPP,Math,2504.0,Berkeley High School,9,CAASPP_Tier_Data_Updated.csv,Medium,Year inferred from grade progression and 2024-25 roster alignment.
2017487,likely 2023-24,CAASPP,Math,2485.0,Thousand Oaks Elementary School,5,CAASPP_Tier_Data_Updated.csv,Medium,Year inferred from grade progression and 2024-25 roster alignment.
2015720,likely 2023-24,CAASPP,Math,2579.0,Martin Luther King Middle School,6,CAASPP_Tier_Data_Updated.csv,Medium,Year inferred from grade progression and 2024-25 roster alignment.
2019158,likely 2023-24,CAASPP,Math,2384.0,Malcolm X Elementary School,4,CAASPP_Tier_Data_Updated.csv,Medium,Year inferred from grade progression and 2024-25 roster alignment.
2019907,likely 2023-24,CAASPP,Math,2585.0,Ruth Acty Elementary School,5,CAASPP_Tier_Data_Updated.csv,Medium,Year inferred from grade progression and 2024-25 roster alignment.
2017497,likely 2023-24,CAASPP,Math,2553.0,Willard Middle School,7,CAASPP_Tier_Data_Updated.csv,Medium,Year inferred from grade progression and 2024-25 roster alignment.
2016794,likely 2023-24,CAASPP,Math,2430.0,Oxford Elementary School,4,CAASPP_Tier_Data_Updated.csv,Medium,Year inferred from grade progression and 2024-25 roster alignment.
2015203,likely 2023-24,CAASPP,Math,2620.0,Berkeley High School,9,CAASPP_Tier_Data_Updated.csv,Medium,Year inferred from grade progression and 2024-25 roster alignment.
2014352,likely 2023-24,CAASPP,Math,2499.0,Martin Luther King Middle School,7,CAASPP_Tier_Data_Updated.csv,Medium,Year inferred from grade progression and 2024-25 roster alignment.
2019316,likely 2023-24,CAASPP,Math,2466.0,Emerson Elementary School,4,CAASPP_Tier_Data_Updated.csv,Medium,Year inferred from grade progression and 2024-25 roster alignment.
2015820,likely 2023-24,CAASPP,Math,2537.0,Martin Luther King Middle School,6,CAASPP_Tier_Data_Updated.csv,Medium,Year inferred from grade progression and 2024-25 roster alignment.
2021894,likely 2023-24,CAASPP,Math,2711.0,Willard Middle School,8,CAASPP_Tier_Data_Updated.csv,Medium,Year inferred from grade progression and 2024-25 roster alignment.
2018335,likely 2023-24,CAASPP,Math,2631.0,Willard Middle School,8,CAASPP_Tier_Data_Updated.csv,Medium,Year inferred from grade progression and 2024-25 roster alignment.
2005453,likely 2023-24,CAASPP,Math,2280.0,Berkeley High School,12,CAASPP_Tier_Data_Updated.csv,Medium,Year inferred from grade progression and 2024-25 roster alignment.
2015645,likely 2023-24,CAASPP,Math,2542.0,Berkeley High School,12,CAASPP_Tier_Data_Updated.csv,Medium,Year inferred from grade progression and 2024-25 roster alignment.
2019754,likely 2023-24,CAASPP,Math,2497.0,Martin Luther King Middle School,6,CAASPP_Tier_Data_Updated.csv,Medium,Year inferred from grade progression and 2024-25 roster alignment.
2012800,likely 2023-24,CAASPP,Math,2469.0,Longfellow Arts and Technology Middle,8,CAASPP_Tier_Data_Updated.csv,Medium,Year inferred from grade progression and 2024-25 roster alignment.
2018669,likely 2023-24,CAASPP,Math,2675.0,Longfellow Arts and Technology Middle,8,CAASPP_Tier_Data_Updated.csv,Medium,Year inferred from grade progression and 2024-25 roster alignment.
2019820,likely 2023-24,CAASPP,Math,2447.0,Rosa Parks Elementary School,4,CAASPP_Tier_Data_Updated.csv,Medium,Year inferred from grade progression and 2024-25 roster alignment.
2019450,likely 2023-24,CAASPP,Math,2336.0,Oxford Elementary School,4,CAASPP_Tier_Data_Updated.csv,Medium,Year inferred from grade progression and 2024-25 roster alignment.
2016547,likely 2023-24,CAASPP,Math,2444.0,Martin Luther King Middle School,6,CAASPP_Tier_Data_Updated.csv,Medium,Year inferred from grade progression and 2024-25 roster alignment.
2011459,likely 2023-24,CAASPP,Math,2637.0,Longfellow Arts and Technology Middle,8,CAASPP_Tier_Data_Updated.csv,Medium,Year inferred from grade progression and 2024-25 roster alignment.
2018178,likely 2023-24,CAASPP,Math,2533.0,Willard Middle School,6,CAASPP_Tier_Data_Updated.csv,Medium,Year inferred from grade progression and 2024-25 roster alignment.
2017589,likely 2023-24,CAASPP,Math,2524.0,Ruth Acty Elementary School,5,CAASPP_Tier_Data_Updated.csv,Medium,Year inferred from grade progression and 2024-25 roster alignment.
2019869,likely 2023-24,CAASPP,Math,2366.0,Emerson Elementary School,4,CAASPP_Tier_Data_Updated.csv,Medium,Year inferred from grade progression and 2024-25 roster alignment.
2018280,likely 2023-24,CAASPP,Math,2457.0,Washington Elementary School,4,CAASPP_Tier_Data_Updated.csv,Medium,Year inferred from grade progression and 2024-25 roster alignment.
2015595,likely 2023-24,CAASPP,Math,2729.0,Martin Luther King Middle School,8,CAASPP_Tier_Data_Updated.csv,Medium,Year inferred from grade progression and 2024-25 roster alignment.
2015923,likely 2023-24,CAASPP,Math,2420.0,Willard Middle School,6,CAASPP_Tier_Data_Updated.csv,Medium,Year inferred from grade progression and 2024-25 roster alignment.
2005173,likely 2023-24,CAASPP,Math,2615.0,Berkeley High School,12,CAASPP_Tier_Data_Updated.csv,Medium,Year inferred from grade progression and 2024-25 roster alignment.
2017535,likely 2023-24,CAASPP,Math,2564.0,Malcolm X Elementary School,5,CAASPP_Tier_Data_Updated.csv,Medium,Year inferred from grade progression and 2024-25 roster alignment.
2010886,likely 2023-24,CAASPP,Math,2673.0,Berkeley High School,9,CAASPP_Tier_Data_Updated.csv,Medium,Year inferred from grade progression and 2024-25 roster alignment.
2023479,likely 2023-24,CAASPP,Math,2482.0,Emerson Elementary School,5,CAASPP_Tier_Data_Updated.csv,Medium,Year inferred from grade progression and 2024-25 roster alignment.
2023498,likely 2023-24,CAASPP,Math,2590.0,Willard Middle School,7,CAASPP_Tier_Data_Updated.csv,Medium,Year inferred from grade progression and 2024-25 roster alignment.
2024148,likely 2023-24,CAASPP,Math,2748.0,Berkeley High School,9,CAASPP_Tier_Data_Updated.csv,Medium,Year inferred from grade progression and 2024-25 roster alignment.
2018232,likely 2023-24,CAASPP,Math,2463.0,John Muir Elementary School,5,CAASPP_Tier_Data_Updated.csv,Medium,Year inferred from grade progression and 2024-25 roster alignment.
2019566,likely 2023-24,CAASPP,Math,2460.0,Berkeley Arts Magnet Elementary School,4,CAASPP_Tier_Data_Updated.csv,Medium,Year inferred from grade progression and 2024-25 roster alignment.
2012657,likely 2023-24,CAASPP,Math,2528.0,Martin Luther King Middle School,8,CAASPP_Tier_Data_Updated.csv,Medium,Year inferred from grade progression and 2024-25 roster alignment.
2014031,likely 2023-24,CAASPP,Math,2608.0,Martin Luther King Middle School,7,CAASPP_Tier_Data_Updated.csv,Medium,Year inferred from grade progression and 2024-25 roster alignment.
2015041,likely 2023-24,CAASPP,Math,2631.0,Longfellow Arts and Technology Middle,7,CAASPP_Tier_Data_Updated.csv,Medium,Year inferred from grade progression and 2024-25 roster alignment.
2018370,likely 2023-24,CAASPP,Math,2612.0,John Muir Elementary School,5,CAASPP_Tier_Data_Updated.csv,Medium,Year inferred from grade progression and 2024-25 roster alignment.
2018369,likely 2023-24,CAASPP,Math,2554.0,Willard Middle School,7,CAASPP_Tier_Data_Updated.csv,Medium,Year inferred from grade progression and 2024-25 roster alignment.
2019586,likely 2023-24,CAASPP,Math,2628.0,Berkeley High School,9,CAASPP_Tier_Data_Updated.csv,Medium,Year inferred from grade progression and 2024-25 roster alignment.
2013220,likely 2023-24,CAASPP,Math,2507.0,Martin Luther King Middle School,8,CAASPP_Tier_Data_Updated.csv,Medium,Year inferred from grade progression and 2024-25 roster alignment.
2013293,likely 2023-24,CAASPP,Math,2546.0,Martin Luther King Middle School,6,CAASPP_Tier_Data_Updated.csv,Medium,Year inferred from grade progression and 2024-25 roster alignment.
2015378,likely 2023-24,CAASPP,Math,2615.0,Willard Middle School,7,CAASPP_Tier_Data_Updated.csv,Medium,Year inferred from grade progression and 2024-25 roster alignment.
2011403,likely 2023-24,CAASPP,Math,2594.0,Berkeley High School,9,CAASPP_Tier_Data_Updated.csv,Medium,Year inferred from grade progression and 2024-25 roster alignment.
2021078,likely 2023-24,CAASPP,Math,2419.0,Martin Luther King Middle School,7,CAASPP_Tier_Data_Updated.csv,Medium,Year inferred from grade progression and 2024-25 roster alignment.
2017561,likely 2023-24,CAASPP,Math,2520.0,Washington Elementary School,5,CAASPP_Tier_Data_Updated.csv,Medium,Year inferred from grade progression and 2024-25 roster alignment.
2016832,likely 2023-24,CAASPP,Math,2613.0,Martin Luther King Middle School,7,CAASPP_Tier_Data_Updated.csv,Medium,Year inferred from grade progression and 2024-25 roster alignment.
2013041,likely 2023-24,CAASPP,Math,2707.0,Berkeley High School,9,CAASPP_Tier_Data_Updated.csv,Medium,Year inferred from grade progression and 2024-25 roster alignment.
2016372,likely 2023-24,CAASPP,Math,2490.0,Longfellow Arts and Technology Middle,6,CAASPP_Tier_Data_Updated.csv,Medium,Year inferred from grade progression and 2024-25 roster alignment.
2017946,likely 2023-24,CAASPP,Math,2471.0,Malcolm X Elementary School,5,CAASPP_Tier_Data_Updated.csv,Medium,Year inferred from grade progression and 2024-25 roster alignment.
2011107,likely 2023-24,CAASPP,Math,2780.0,Berkeley High School,9,CAASPP_Tier_Data_Updated.csv,Medium,Year inferred from grade progression and 2024-25 roster alignment.
2021047,likely 2023-24,CAASPP,Math,2596.0,Martin Luther King Middle School,7,CAASPP_Tier_Data_Updated.csv,Medium,Year inferred from grade progression and 2024-25 roster alignment.
2012826,likely 2023-24,CAASPP,Math,2572.0,Willard Middle School,8,CAASPP_Tier_Data_Updated.csv,Medium,Year inferred from grade progression and 2024-25 roster alignment.
2019875,likely 2023-24,CAASPP,Math,2468.0,Washington Elementary School,4,CAASPP_Tier_Data_Updated.csv,Medium,Year inferred from grade progression and 2024-25 roster alignment.
2018618,likely 2023-24,CAASPP,Math,2370.0,John Muir Elementary School,5,CAASPP_Tier_Data_Updated.csv,Medium,Year inferred from grade progression and 2024-25 roster alignment.
2010273,likely 2023-24,CAASPP,Math,2575.0,Berkeley High School,12,CAASPP_Tier_Data_Updated.csv,Medium,Year inferred from grade progression and 2024-25 roster alignment.
2022934,likely 2023-24,CAASPP,Math,2584.0,Willard Middle School,7,CAASPP_Tier_Data_Updated.csv,Medium,Year inferred from grade progression and 2024-25 roster alignment.
2013089,likely 2023-24,CAASPP,Math,2589.0,Longfellow Arts and Technology Middle,7,CAASPP_Tier_Data_Updated.csv,Medium,Year inferred from grade progression and 2024-25 roster alignment.
2021329,likely 2023-24,CAASPP,Math,2540.0,Longfellow Arts and Technology Middle,6,CAASPP_Tier_Data_Updated.csv,Medium,Year inferred from grade progression and 2024-25 roster alignment.
2016903,likely 2023-24,CAASPP,Math,2518.0,Berkeley Arts Magnet Elementary School,5,CAASPP_Tier_Data_Updated.csv,Medium,Year inferred from grade progression and 2024-25 roster alignment.
2011601,likely 2023-24,CAASPP,Math,2585.0,Berkeley High School,9,CAASPP_Tier_Data_Updated.csv,Medium,Year inferred from grade progression and 2024-25 roster alignment.
2016392,likely 2023-24,CAASPP,Math,2722.0,Martin Luther King Middle School,7,CAASPP_Tier_Data_Updated.csv,Medium,Year inferred from grade progression and 2024-25 roster alignment.
2018713,likely 2023-24,CAASPP,Math,2441.0,Ruth Acty Elementary School,5,CAASPP_Tier_Data_Updated.csv,Medium,Year inferred from grade progression and 2024-25 roster alignment.
2009866,likely 2023-24,CAASPP,Math,2517.0,Berkeley High School,12,CAASPP_Tier_Data_Updated.csv,Medium,Year inferred from grade progression and 2024-25 roster alignment.
2018761,likely 2023-24,CAASPP,Math,2519.0,Sylvia Mendez Elementary School,4,CAASPP_Tier_Data_Updated.csv,Medium,Year inferred from grade progression and 2024-25 roster alignment.
2018196,likely 2023-24,CAASPP,Math,2485.0,John Muir Elementary School,5,CAASPP_Tier_Data_Updated.csv,Medium,Year inferred from grade progression and 2024-25 roster alignment.
2020622,likely 2023-24,CAASPP,Math,2530.0,Oxford Elementary School,4,CAASPP_Tier_Data_Updated.csv,Medium,Year inferred from grade progression and 2024-25 roster alignment.
2018460,likely 2023-24,CAASPP,Math,2549.0,Berkeley High School,9,CAASPP_Tier_Data_Updated.csv,Medium,Year inferred from grade progression and 2024-25 roster alignment.
2011702,likely 2023-24,CAASPP,Math,2510.0,Berkeley High School,12,CAASPP_Tier_Data_Updated.csv,Medium,Year inferred from grade progression and 2024-25 roster alignment.
2011048,likely 2023-24,CAASPP,Math,2648.0,Berkeley High School,9,CAASPP_Tier_Data_Updated.csv,Medium,Year inferred from grade progression and 2024-25 roster alignment.
2011405,likely 2023-24,CAASPP,Math,2704.0,Berkeley High School,9,CAASPP_Tier_Data_Updated.csv,Medium,Year inferred from grade progression and 2024-25 roster alignment.
2018289,likely 2023-24,CAASPP,Math,2490.0,Ruth Acty Elementary School,5,CAASPP_Tier_Data_Updated.csv,Medium,Year inferred from grade progression and 2024-25 roster alignment.
2013668,likely 2023-24,CAASPP,Math,2442.0,Willard Middle School,7,CAASPP_Tier_Data_Updated.csv,Medium,Year inferred from grade progression and 2024-25 roster alignment.
2013666,likely 2023-24,CAASPP,Math,2470.0,Willard Middle School,7,CAASPP_Tier_Data_Updated.csv,Medium,Year inferred from grade progression and 2024-25 roster alignment.
2016093,likely 2023-24,CAASPP,Math,2552.0,Willard Middle School,6,CAASPP_Tier_Data_Updated.csv,Medium,Year inferred from grade progression and 2024-25 roster alignment.
2021075,likely 2023-24,CAASPP,Math,2531.0,Willard Middle School,7,CAASPP_Tier_Data_Updated.csv,Medium,Year inferred from grade progression and 2024-25 roster alignment.
2019215,likely 2023-24,CAASPP,Math,2556.0,Malcolm X Elementary School,4,CAASPP_Tier_Data_Updated.csv,Medium,Year inferred from grade progression and 2024-25 roster alignment.
2019317,likely 2023-24,CAASPP,Math,2502.0,Malcolm X Elementary School,4,CAASPP_Tier_Data_Updated.csv,Medium,Year inferred from grade progression and 2024-25 roster alignment.
2019710,likely 2023-24,CAASPP,Math,2537.0,Martin Luther King Middle School,7,CAASPP_Tier_Data_Updated.csv,Medium,Year inferred from grade progression and 2024-25 roster alignment.
2014047,likely 2023-24,CAASPP,Math,2628.0,Martin Luther King Middle School,8,CAASPP_Tier_Data_Updated.csv,Medium,Year inferred from grade progression and 2024-25 roster alignment.
2012653,likely 2023-24,CAASPP,Math,2617.0,Willard Middle School,8,CAASPP_Tier_Data_Updated.csv,Medium,Year inferred from grade progression and 2024-25 roster alignment.
2019250,likely 2023-24,CAASPP,Math,2380.0,Emerson Elementary School,4,CAASPP_Tier_Data_Updated.csv,Medium,Year inferred from grade progression and 2024-25 roster alignment.
2016146,likely 2023-24,CAASPP,Math,2477.0,Martin Luther King Middle School,6,CAASPP_Tier_Data_Updated.csv,Medium,Year inferred from grade progression and 2024-25 roster alignment.
2023585,likely 2023-24,CAASPP,Math,2508.0,Ruth Acty Elementary School,5,CAASPP_Tier_Data_Updated.csv,Medium,Year inferred from grade progression and 2024-25 roster alignment.
2018397,likely 2023-24,CAASPP,Math,2537.0,Willard Middle School,8,CAASPP_Tier_Data_Updated.csv,Medium,Year inferred from grade progression and 2024-25 roster alignment.
2005351,likely 2023-24,CAASPP,Math,2696.0,Berkeley High School,12,CAASPP_Tier_Data_Updated.csv,Medium,Year inferred from grade progression and 2024-25 roster alignment.
2005595,likely 2023-24,CAASPP,Math,2458.0,Berkeley High School,12,CAASPP_Tier_Data_Updated.csv,Medium,Year inferred from grade progression and 2024-25 roster alignment.
2012891,likely 2023-24,CAASPP,Math,2631.0,Willard Middle School,8,CAASPP_Tier_Data_Updated.csv,Medium,Year inferred from grade progression and 2024-25 roster alignment.
2022749,likely 2023-24,CAASPP,Math,2272.0,Berkeley Arts Magnet Elementary School,4,CAASPP_Tier_Data_Updated.csv,Medium,Year inferred from grade progression and 2024-25 roster alignment.
2018208,likely 2023-24,CAASPP,Math,2471.0,Oxford Elementary School,5,CAASPP_Tier_Data_Updated.csv,Medium,Year inferred from grade progression and 2024-25 roster alignment.
2006317,likely 2023-24,CAASPP,Math,2536.0,Berkeley High School,12,CAASPP_Tier_Data_Updated.csv,Medium,Year inferred from grade progression and 2024-25 roster alignment.
2020728,likely 2023-24,CAASPP,Math,2581.0,Martin Luther King Middle School,7,CAASPP_Tier_Data_Updated.csv,Medium,Year inferred from grade progression and 2024-25 roster alignment.
2010901,likely 2023-24,CAASPP,Math,2540.0,Berkeley High School,9,CAASPP_Tier_Data_Updated.csv,Medium,Year inferred from grade progression and 2024-25 roster alignment.
2018102,likely 2023-24,CAASPP,Math,2448.0,Cragmont Elementary School,5,CAASPP_Tier_Data_Updated.csv,Medium,Year inferred from grade progression and 2024-25 roster alignment.
2015044,likely 2023-24,CAASPP,Math,2491.0,Longfellow Arts and Technology Middle,7,CAASPP_Tier_Data_Updated.csv,Medium,Year inferred from grade progression and 2024-25 roster alignment.
2012980,likely 2023-24,CAASPP,Math,2762.0,Longfellow Arts and Technology Middle,8,CAASPP_Tier_Data_Updated.csv,Medium,Year inferred from grade progression and 2024-25 roster alignment.
2012881,likely 2023-24,CAASPP,Math,2666.0,Longfellow Arts and Technology Middle,8,CAASPP_Tier_Data_Updated.csv,Medium,Year inferred from grade progression and 2024-25 roster alignment.
2018515,likely 2023-24,CAASPP,Math,2603.0,Longfellow Arts and Technology Middle,7,CAASPP_Tier_Data_Updated.csv,Medium,Year inferred from grade progression and 2024-25 roster alignment.
2019761,likely 2023-24,CAASPP,Math,2403.0,Oxford Elementary School,4,CAASPP_Tier_Data_Updated.csv,Medium,Year inferred from grade progression and 2024-25 roster alignment.
2011478,likely 2023-24,CAASPP,Math,2536.0,Willard Middle School,8,CAASPP_Tier_Data_Updated.csv,Medium,Year inferred from grade progression and 2024-25 roster alignment.
2011223,likely 2023-24,CAASPP,Math,2690.0,Berkeley High School,9,CAASPP_Tier_Data_Updated.csv,Medium,Year inferred from grade progression and 2024-25 roster alignment.
2016605,likely 2023-24,CAASPP,Math,2603.0,Longfellow Arts and Technology Middle,6,CAASPP_Tier_Data_Updated.csv,Medium,Year inferred from grade progression and 2024-25 roster alignment.
2024227,likely 2023-24,CAASPP,Math,2657.0,Willard Middle School,8,CAASPP_Tier_Data_Updated.csv,Medium,Year inferred from grade progression and 2024-25 roster alignment.
2020646,likely 2023-24,CAASPP,Math,2484.0,Thousand Oaks Elementary School,5,CAASPP_Tier_Data_Updated.csv,Medium,Year inferred from grade progression and 2024-25 roster alignment.
2013236,likely 2023-24,CAASPP,Math,2568.0,Willard Middle School,8,CAASPP_Tier_Data_Updated.csv,Medium,Year inferred from grade progression and 2024-25 roster alignment.
2017036,likely 2023-24,CAASPP,Math,2436.0,Martin Luther King Middle School,6,CAASPP_Tier_Data_Updated.csv,Medium,Year inferred from grade progression and 2024-25 roster alignment.
2016282,likely 2023-24,CAASPP,Math,2445.0,Martin Luther King Middle School,6,CAASPP_Tier_Data_Updated.csv,Medium,Year inferred from grade progression and 2024-25 roster alignment.
2016817,likely 2023-24,CAASPP,Math,2594.0,Berkeley High School,12,CAASPP_Tier_Data_Updated.csv,Medium,Year inferred from grade progression and 2024-25 roster alignment.
2011482,likely 2023-24,CAASPP,Math,2582.0,Martin Luther King Middle School,8,CAASPP_Tier_Data_Updated.csv,Medium,Year inferred from grade progression and 2024-25 roster alignment.
2017256,likely 2023-24,CAASPP,Math,2616.0,Martin Luther King Middle School,6,CAASPP_Tier_Data_Updated.csv,Medium,Year inferred from grade progression and 2024-25 roster alignment.
2018731,likely 2023-24,CAASPP,Math,2645.0,Berkeley High School,9,CAASPP_Tier_Data_Updated.csv,Medium,Year inferred from grade progression and 2024-25 roster alignment.
2015134,likely 2023-24,CAASPP,Math,2531.0,Martin Luther King Middle School,6,CAASPP_Tier_Data_Updated.csv,Medium,Year inferred from grade progression and 2024-25 roster alignment.
2011339,likely 2023-24,CAASPP,Math,2619.0,Berkeley High School,9,CAASPP_Tier_Data_Updated.csv,Medium,Year inferred from grade progression and 2024-25 roster alignment.
2010038,likely 2023-24,CAASPP,Math,2587.0,Berkeley High School,9,CAASPP_Tier_Data_Updated.csv,Medium,Year inferred from grade progression and 2024-25 roster alignment.
2010113,likely 2023-24,CAASPP,Math,2695.0,Berkeley High School,12,CAASPP_Tier_Data_Updated.csv,Medium,Year inferred from grade progression and 2024-25 roster alignment.
2017948,likely 2023-24,CAASPP,Math,2496.0,Oxford Elementary School,5,CAASPP_Tier_Data_Updated.csv,Medium,Year inferred from grade progression and 2024-25 roster alignment.
2016280,likely 2023-24,CAASPP,Math,2577.0,Willard Middle School,6,CAASPP_Tier_Data_Updated.csv,Medium,Year inferred from grade progression and 2024-25 roster alignment.
2014755,likely 2023-24,CAASPP,Math,2470.0,Martin Luther King Middle School,6,CAASPP_Tier_Data_Updated.csv,Medium,Year inferred from grade progression and 2024-25 roster alignment.
2013795,likely 2023-24,CAASPP,Math,2533.0,Martin Luther King Middle School,8,CAASPP_Tier_Data_Updated.csv,Medium,Year inferred from grade progression and 2024-25 roster alignment.
2015014,likely 2023-24,CAASPP,Math,2639.0,Willard Middle School,6,CAASPP_Tier_Data_Updated.csv,Medium,Year inferred from grade progression and 2024-25 roster alignment.
2013479,likely 2023-24,CAASPP,Math,2599.0,Martin Luther King Middle School,8,CAASPP_Tier_Data_Updated.csv,Medium,Year inferred from grade progression and 2024-25 roster alignment.
2016860,likely 2023-24,CAASPP,Math,2646.0,Berkeley High School,12,CAASPP_Tier_Data_Updated.csv,Medium,Year inferred from grade progression and 2024-25 roster alignment.
2018621,likely 2023-24,CAASPP,Math,2436.0,Martin Luther King Middle School,6,CAASPP_Tier_Data_Updated.csv,Medium,Year inferred from grade progression and 2024-25 roster alignment.
2014780,likely 2023-24,CAASPP,Math,2550.0,Longfellow Arts and Technology Middle,7,CAASPP_Tier_Data_Updated.csv,Medium,Year inferred from grade progression and 2024-25 roster alignment.
2016355,likely 2023-24,CAASPP,Math,2550.0,Martin Luther King Middle School,6,CAASPP_Tier_Data_Updated.csv,Medium,Year inferred from grade progression and 2024-25 roster alignment.
2021935,likely 2023-24,CAASPP,Math,2552.0,Berkeley High School,12,CAASPP_Tier_Data_Updated.csv,Medium,Year inferred from grade progression and 2024-25 roster alignment.
2023873,likely 2023-24,CAASPP,Math,2622.0,Willard Middle School,6,CAASPP_Tier_Data_Updated.csv,Medium,Year inferred from grade progression and 2024-25 roster alignment.
2011321,likely 2023-24,CAASPP,Math,2590.0,Berkeley High School,9,CAASPP_Tier_Data_Updated.csv,Medium,Year inferred from grade progression and 2024-25 roster alignment.
2018283,likely 2023-24,CAASPP,Math,2615.0,Berkeley High School,9,CAASPP_Tier_Data_Updated.csv,Medium,Year inferred from grade progression and 2024-25 roster alignment.
2018282,likely 2023-24,CAASPP,Math,2512.0,Willard Middle School,8,CAASPP_Tier_Data_Updated.csv,Medium,Year inferred from grade progression and 2024-25 roster alignment.
2022488,likely 2023-24,CAASPP,Math,2590.0,Thousand Oaks Elementary School,4,CAASPP_Tier_Data_Updated.csv,Medium,Year inferred from grade progression and 2024-25 roster alignment.
2020762,likely 2023-24,CAASPP,Math,2858.0,Berkeley High School,12,CAASPP_Tier_Data_Updated.csv,Medium,Year inferred from grade progression and 2024-25 roster alignment.
2012647,likely 2023-24,CAASPP,Math,2584.0,Longfellow Arts and Technology Middle,8,CAASPP_Tier_Data_Updated.csv,Medium,Year inferred from grade progression and 2024-25 roster alignment.
2011088,likely 2023-24,CAASPP,Math,2667.0,Berkeley High School,9,CAASPP_Tier_Data_Updated.csv,Medium,Year inferred from grade progression and 2024-25 roster alignment.
2011364,likely 2023-24,CAASPP,Math,2554.0,Berkeley High School,9,CAASPP_Tier_Data_Updated.csv,Medium,Year inferred from grade progression and 2024-25 roster alignment.
2016136,likely 2023-24,CAASPP,Math,2483.0,Martin Luther King Middle School,6,CAASPP_Tier_Data_Updated.csv,Medium,Year inferred from grade progression and 2024-25 roster alignment.
2011876,likely 2023-24,CAASPP,Math,2481.0,Martin Luther King Middle School,8,CAASPP_Tier_Data_Updated.csv,Medium,Year inferred from grade progression and 2024-25 roster alignment.
2014307,likely 2023-24,CAASPP,Math,2523.0,Longfellow Arts and Technology Middle,7,CAASPP_Tier_Data_Updated.csv,Medium,Year inferred from grade progression and 2024-25 roster alignment.
2019066,likely 2023-24,CAASPP,Math,2472.0,Washington Elementary School,4,CAASPP_Tier_Data_Updated.csv,Medium,Year inferred from grade progression and 2024-25 roster alignment.
2011411,likely 2023-24,CAASPP,Math,2574.0,Longfellow Arts and Technology Middle,8,CAASPP_Tier_Data_Updated.csv,Medium,Year inferred from grade progression and 2024-25 roster alignment.
2022644,likely 2023-24,CAASPP,Math,2599.0,Martin Luther King Middle School,8,CAASPP_Tier_Data_Updated.csv,Medium,Year inferred from grade progression and 2024-25 roster alignment.
2019818,likely 2023-24,CAASPP,Math,2575.0,Oxford Elementary School,4,CAASPP_Tier_Data_Updated.csv,Medium,Year inferred from grade progression and 2024-25 roster alignment.
2012204,likely 2023-24,CAASPP,Math,2542.0,Berkeley High School,9,CAASPP_Tier_Data_Updated.csv,Medium,Year inferred from grade progression and 2024-25 roster alignment.
2015561,likely 2023-24,CAASPP,Math,2562.0,Longfellow Arts and Technology Middle,8,CAASPP_Tier_Data_Updated.csv,Medium,Year inferred from grade progression and 2024-25 roster alignment.
2015562,likely 2023-24,CAASPP,Math,2610.0,Longfellow Arts and Technology Middle,8,CAASPP_Tier_Data_Updated.csv,Medium,Year inferred from grade progression and 2024-25 roster alignment.
2019440,likely 2023-24,CAASPP,Math,2464.0,Malcolm X Elementary School,5,CAASPP_Tier_Data_Updated.csv,Medium,Year inferred from grade progression and 2024-25 roster alignment.
2009827,likely 2023-24,CAASPP,Math,2730.0,Berkeley High School,9,CAASPP_Tier_Data_Updated.csv,Medium,Year inferred from grade progression and 2024-25 roster alignment.
2006109,likely 2023-24,CAASPP,Math,2709.0,Berkeley High School,12,CAASPP_Tier_Data_Updated.csv,Medium,Year inferred from grade progression and 2024-25 roster alignment.
2010802,likely 2023-24,CAASPP,Math,2742.0,Berkeley High School,12,CAASPP_Tier_Data_Updated.csv,Medium,Year inferred from grade progression and 2024-25 roster alignment.
2020666,likely 2023-24,CAASPP,Math,2542.0,Cragmont Elementary School,5,CAASPP_Tier_Data_Updated.csv,Medium,Year inferred from grade progression and 2024-25 roster alignment.
2020734,likely 2023-24,CAASPP,Math,2521.0,Berkeley Arts Magnet Elementary School,5,CAASPP_Tier_Data_Updated.csv,Medium,Year inferred from grade progression and 2024-25 roster alignment.
2014884,likely 2023-24,CAASPP,Math,2626.0,Martin Luther King Middle School,8,CAASPP_Tier_Data_Updated.csv,Medium,Year inferred from grade progression and 2024-25 roster alignment.
2017470,likely 2023-24,CAASPP,Math,2505.0,Washington Elementary School,4,CAASPP_Tier_Data_Updated.csv,Medium,Year inferred from grade progression and 2024-25 roster alignment.
2009811,likely 2023-24,CAASPP,Math,2797.0,Berkeley High School,9,CAASPP_Tier_Data_Updated.csv,Medium,Year inferred from grade progression and 2024-25 roster alignment.
2015784,likely 2023-24,CAASPP,Math,2572.0,Martin Luther King Middle School,6,CAASPP_Tier_Data_Updated.csv,Medium,Year inferred from grade progression and 2024-25 roster alignment.
2019570,likely 2023-24,CAASPP,Math,2488.0,Emerson Elementary School,4,CAASPP_Tier_Data_Updated.csv,Medium,Year inferred from grade progression and 2024-25 roster alignment.
2022849,likely 2023-24,CAASPP,Math,2559.0,John Muir Elementary School,5,CAASPP_Tier_Data_Updated.csv,Medium,Year inferred from grade progression and 2024-25 roster alignment.
2019928,likely 2023-24,CAASPP,Math,2666.0,Berkeley High School,12,CAASPP_Tier_Data_Updated.csv,Medium,Year inferred from grade progression and 2024-25 roster alignment.
2015786,likely 2023-24,CAASPP,Math,2531.0,Cragmont Elementary School,5,CAASPP_Tier_Data_Updated.csv,Medium,Year inferred from grade progression and 2024-25 roster alignment.
2016537,likely 2023-24,CAASPP,Math,2547.0,Martin Luther King Middle School,6,CAASPP_Tier_Data_Updated.csv,Medium,Year inferred from grade progression and 2024-25 roster alignment.
2018093,likely 2023-24,CAASPP,Math,2580.0,Oxford Elementary School,5,CAASPP_Tier_Data_Updated.csv,Medium,Year inferred from grade progression and 2024-25 roster alignment.
2013132,likely 2023-24,CAASPP,Math,2533.0,Martin Luther King Middle School,7,CAASPP_Tier_Data_Updated.csv,Medium,Year inferred from grade progression and 2024-25 roster alignment.
2016805,likely 2023-24,CAASPP,Math,2510.0,Oxford Elementary School,4,CAASPP_Tier_Data_Updated.csv,Medium,Year inferred from grade progression and 2024-25 roster alignment.
2011846,likely 2023-24,CAASPP,Math,2806.0,Martin Luther King Middle School,8,CAASPP_Tier_Data_Updated.csv,Medium,Year inferred from grade progression and 2024-25 roster alignment.
2014478,likely 2023-24,CAASPP,Math,2727.0,Berkeley High School,9,CAASPP_Tier_Data_Updated.csv,Medium,Year inferred from grade progression and 2024-25 roster alignment.
2015803,likely 2023-24,CAASPP,Math,2663.0,Longfellow Arts and Technology Middle,6,CAASPP_Tier_Data_Updated.csv,Medium,Year inferred from grade progression and 2024-25 roster alignment.
2020420,likely 2023-24,CAASPP,Math,2646.0,Berkeley Arts Magnet Elementary School,5,CAASPP_Tier_Data_Updated.csv,Medium,Year inferred from grade progression and 2024-25 roster alignment.
2015846,likely 2023-24,CAASPP,Math,2588.0,Ruth Acty Elementary School,5,CAASPP_Tier_Data_Updated.csv,Medium,Year inferred from grade progression and 2024-25 roster alignment.
2005447,likely 2023-24,CAASPP,Math,2636.0,Berkeley High School,12,CAASPP_Tier_Data_Updated.csv,Medium,Year inferred from grade progression and 2024-25 roster alignment.
2014382,likely 2023-24,CAASPP,Math,2559.0,Longfellow Arts and Technology Middle,7,CAASPP_Tier_Data_Updated.csv,Medium,Year inferred from grade progression and 2024-25 roster alignment.
2012946,likely 2023-24,CAASPP,Math,2768.0,Martin Luther King Middle School,8,CAASPP_Tier_Data_Updated.csv,Medium,Year inferred from grade progression and 2024-25 roster alignment.
2005430,likely 2023-24,CAASPP,Math,2829.0,Berkeley High School,12,CAASPP_Tier_Data_Updated.csv,Medium,Year inferred from grade progression and 2024-25 roster alignment.
2015812,likely 2023-24,CAASPP,Math,2585.0,Longfellow Arts and Technology Middle,6,CAASPP_Tier_Data_Updated.csv,Medium,Year inferred from grade progression and 2024-25 roster alignment.
2012674,likely 2023-24,CAASPP,Math,2601.0,Martin Luther King Middle School,8,CAASPP_Tier_Data_Updated.csv,Medium,Year inferred from grade progression and 2024-25 roster alignment.
2015882,likely 2023-24,CAASPP,Math,2604.0,Martin Luther King Middle School,6,CAASPP_Tier_Data_Updated.csv,Medium,Year inferred from grade progression and 2024-25 roster alignment.
2005385,likely 2023-24,CAASPP,Math,2559.0,Berkeley High School,12,CAASPP_Tier_Data_Updated.csv,Medium,Year inferred from grade progression and 2024-25 roster alignment.
2019287,likely 2023-24,CAASPP,Math,2457.0,Malcolm X Elementary School,4,CAASPP_Tier_Data_Updated.csv,Medium,Year inferred from grade progression and 2024-25 roster alignment.
2019464,likely 2023-24,CAASPP,Math,2555.0,Malcolm X Elementary School,4,CAASPP_Tier_Data_Updated.csv,Medium,Year inferred from grade progression and 2024-25 roster alignment.
2015900,likely 2023-24,CAASPP,Math,2602.0,Willard Middle School,6,CAASPP_Tier_Data_Updated.csv,Medium,Year inferred from grade progression and 2024-25 roster alignment.
2017675,likely 2023-24,CAASPP,Math,2647.0,Ruth Acty Elementary School,5,CAASPP_Tier_Data_Updated.csv,Medium,Year inferred from grade progression and 2024-25 roster alignment.
2015937,likely 2023-24,CAASPP,Math,2609.0,Martin Luther King Middle School,6,CAASPP_Tier_Data_Updated.csv,Medium,Year inferred from grade progression and 2024-25 roster alignment.
2015539,likely 2023-24,CAASPP,Math,2607.0,Berkeley High School,9,CAASPP_Tier_Data_Updated.csv,Medium,Year inferred from grade progression and 2024-25 roster alignment.
2017570,likely 2023-24,CAASPP,Math,2583.0,Rosa Parks Elementary School,5,CAASPP_Tier_Data_Updated.csv,Medium,Year inferred from grade progression and 2024-25 roster alignment.
2017480,likely 2023-24,CAASPP,Math,2490.0,John Muir Elementary School,4,CAASPP_Tier_Data_Updated.csv,Medium,Year inferred from grade progression and 2024-25 roster alignment.
2014245,likely 2023-24,CAASPP,Math,2608.0,Longfellow Arts and Technology Middle,7,CAASPP_Tier_Data_Updated.csv,Medium,Year inferred from grade progression and 2024-25 roster alignment.
2019263,likely 2023-24,CAASPP,Math,2477.0,Berkeley Arts Magnet Elementary School,4,CAASPP_Tier_Data_Updated.csv,Medium,Year inferred from grade progression and 2024-25 roster alignment.
2017723,likely 2023-24,CAASPP,Math,2449.0,Berkeley Arts Magnet Elementary School,4,CAASPP_Tier_Data_Updated.csv,Medium,Year inferred from grade progression and 2024-25 roster alignment.
2019585,likely 2023-24,CAASPP,Math,2586.0,Willard Middle School,7,CAASPP_Tier_Data_Updated.csv,Medium,Year inferred from grade progression and 2024-25 roster alignment.
2024132,likely 2023-24,CAASPP,Math,2548.0,Berkeley High School,12,CAASPP_Tier_Data_Updated.csv,Medium,Year inferred from grade progression and 2024-25 roster alignment.
2023487,likely 2023-24,CAASPP,Math,2456.0,Sylvia Mendez Elementary School,4,CAASPP_Tier_Data_Updated.csv,Medium,Year inferred from grade progression and 2024-25 roster alignment.
2019225,likely 2023-24,CAASPP,Math,2504.0,Malcolm X Elementary School,5,CAASPP_Tier_Data_Updated.csv,Medium,Year inferred from grade progression and 2024-25 roster alignment.
2019228,likely 2023-24,CAASPP,Math,2605.0,Willard Middle School,6,CAASPP_Tier_Data_Updated.csv,Medium,Year inferred from grade progression and 2024-25 roster alignment.
2022206,likely 2023-24,CAASPP,Math,2516.0,Sylvia Mendez Elementary School,4,CAASPP_Tier_Data_Updated.csv,Medium,Year inferred from grade progression and 2024-25 roster alignment.
2013222,likely 2023-24,CAASPP,Math,2673.0,Willard Middle School,8,CAASPP_Tier_Data_Updated.csv,Medium,Year inferred from grade progression and 2024-25 roster alignment.
2014656,likely 2023-24,CAASPP,Math,2663.0,Willard Middle School,6,CAASPP_Tier_Data_Updated.csv,Medium,Year inferred from grade progression and 2024-25 roster alignment.
2018655,likely 2023-24,CAASPP,Math,2585.0,Willard Middle School,6,CAASPP_Tier_Data_Updated.csv,Medium,Year inferred from grade progression and 2024-25 roster alignment.
2020411,likely 2023-24,CAASPP,Math,2615.0,Cragmont Elementary School,5,CAASPP_Tier_Data_Updated.csv,Medium,Year inferred from grade progression and 2024-25 roster alignment.
2014905,likely 2023-24,CAASPP,Math,2625.0,Berkeley High School,12,CAASPP_Tier_Data_Updated.csv,Medium,Year inferred from grade progression and 2024-25 roster alignment.
2014458,likely 2023-24,CAASPP,Math,2607.0,Willard Middle School,7,CAASPP_Tier_Data_Updated.csv,Medium,Year inferred from grade progression and 2024-25 roster alignment.
2014933,likely 2023-24,CAASPP,Math,2636.0,Longfellow Arts and Technology Middle,8,CAASPP_Tier_Data_Updated.csv,Medium,Year inferred from grade progression and 2024-25 roster alignment.
2010872,likely 2023-24,CAASPP,Math,2623.0,Longfellow Arts and Technology Middle,8,CAASPP_Tier_Data_Updated.csv,Medium,Year inferred from grade progression and 2024-25 roster alignment.
2018020,likely 2023-24,CAASPP,Math,2424.0,Ruth Acty Elementary School,5,CAASPP_Tier_Data_Updated.csv,Medium,Year inferred from grade progression and 2024-25 roster alignment.
2019363,likely 2023-24,CAASPP,Math,2632.0,Malcolm X Elementary School,4,CAASPP_Tier_Data_Updated.csv,Medium,Year inferred from grade progression and 2024-25 roster alignment.
2015964,likely 2023-24,CAASPP,Math,2582.0,Malcolm X Elementary School,5,CAASPP_Tier_Data_Updated.csv,Medium,Year inferred from grade progression and 2024-25 roster alignment.
2011274,likely 2023-24,CAASPP,Math,2649.0,Berkeley High School,9,CAASPP_Tier_Data_Updated.csv,Medium,Year inferred from grade progression and 2024-25 roster alignment.
2006492,likely 2023-24,CAASPP,Math,2838.0,Berkeley High School,12,CAASPP_Tier_Data_Updated.csv,Medium,Year inferred from grade progression and 2024-25 roster alignment.
2005558,likely 2023-24,CAASPP,Math,2578.0,Berkeley High School,12,CAASPP_Tier_Data_Updated.csv,Medium,Year inferred from grade progression and 2024-25 roster alignment.
2018902,likely 2023-24,CAASPP,Math,2630.0,Oxford Elementary School,5,CAASPP_Tier_Data_Updated.csv,Medium,Year inferred from grade progression and 2024-25 roster alignment.
2011732,likely 2023-24,CAASPP,Math,2622.0,Martin Luther King Middle School,8,CAASPP_Tier_Data_Updated.csv,Medium,Year inferred from grade progression and 2024-25 roster alignment.
2025008,likely 2023-24,CAASPP,Math,2791.0,Berkeley High School,12,CAASPP_Tier_Data_Updated.csv,Medium,Year inferred from grade progression and 2024-25 roster alignment.
2014739,likely 2023-24,CAASPP,Math,2513.0,Martin Luther King Middle School,6,CAASPP_Tier_Data_Updated.csv,Medium,Year inferred from grade progression and 2024-25 roster alignment.
2018766,likely 2023-24,CAASPP,Math,2524.0,Longfellow Arts and Technology Middle,6,CAASPP_Tier_Data_Updated.csv,Medium,Year inferred from grade progression and 2024-25 roster alignment.
2021373,likely 2023-24,CAASPP,Math,2575.0,Berkeley Arts Magnet Elementary School,5,CAASPP_Tier_Data_Updated.csv,Medium,Year inferred from grade progression and 2024-25 roster alignment.
2016106,likely 2023-24,CAASPP,Math,2523.0,Willard Middle School,6,CAASPP_Tier_Data_Updated.csv,Medium,Year inferred from grade progression and 2024-25 roster alignment.
2013098,likely 2023-24,CAASPP,Math,2721.0,Martin Luther King Middle School,7,CAASPP_Tier_Data_Updated.csv,Medium,Year inferred from grade progression and 2024-25 roster alignment.
2019988,likely 2023-24,CAASPP,Math,2756.0,Martin Luther King Middle School,8,CAASPP_Tier_Data_Updated.csv,Medium,Year inferred from grade progression and 2024-25 roster alignment.
2019987,likely 2023-24,CAASPP,Math,2584.0,Thousand Oaks Elementary School,4,CAASPP_Tier_Data_Updated.csv,Medium,Year inferred from grade progression and 2024-25 roster alignment.
2017701,likely 2023-24,CAASPP,Math,2408.0,Berkeley Arts Magnet Elementary School,5,CAASPP_Tier_Data_Updated.csv,Medium,Year inferred from grade progression and 2024-25 roster alignment.
2016126,likely 2023-24,CAASPP,Math,2533.0,Willard Middle School,6,CAASPP_Tier_Data_Updated.csv,Medium,Year inferred from grade progression and 2024-25 roster alignment.
2012753,likely 2023-24,CAASPP,Math,2721.0,Willard Middle School,8,CAASPP_Tier_Data_Updated.csv,Medium,Year inferred from grade progression and 2024-25 roster alignment.
2018981,likely 2023-24,CAASPP,Math,2496.0,Berkeley Arts Magnet Elementary School,4,CAASPP_Tier_Data_Updated.csv,Medium,Year inferred from grade progression and 2024-25 roster alignment.
2015617,likely 2023-24,CAASPP,Math,2548.0,Thousand Oaks Elementary School,4,CAASPP_Tier_Data_Updated.csv,Medium,Year inferred from grade progression and 2024-25 roster alignment.
2012542,likely 2023-24,CAASPP,Math,2531.0,Martin Luther King Middle School,8,CAASPP_Tier_Data_Updated.csv,Medium,Year inferred from grade progression and 2024-25 roster alignment.
2018012,likely 2023-24,CAASPP,Math,2639.0,Ruth Acty Elementary School,4,CAASPP_Tier_Data_Updated.csv,Medium,Year inferred from grade progression and 2024-25 roster alignment.
2018207,likely 2023-24,CAASPP,Math,2580.0,Ruth Acty Elementary School,5,CAASPP_Tier_Data_Updated.csv,Medium,Year inferred from grade progression and 2024-25 roster alignment.
2005297,likely 2023-24,CAASPP,Math,2674.0,Berkeley High School,12,CAASPP_Tier_Data_Updated.csv,Medium,Year inferred from grade progression and 2024-25 roster alignment.
2017926,likely 2023-24,CAASPP,Math,2635.0,Berkeley Arts Magnet Elementary School,4,CAASPP_Tier_Data_Updated.csv,Medium,Year inferred from grade progression and 2024-25 roster alignment.
2016318,likely 2023-24,CAASPP,Math,2720.0,Longfellow Arts and Technology Middle,6,CAASPP_Tier_Data_Updated.csv,Medium,Year inferred from grade progression and 2024-25 roster alignment.
2016317,likely 2023-24,CAASPP,Math,2604.0,Longfellow Arts and Technology Middle,6,CAASPP_Tier_Data_Updated.csv,Medium,Year inferred from grade progression and 2024-25 roster alignment.
2017231,likely 2023-24,CAASPP,Math,2600.0,Berkeley High School,12,CAASPP_Tier_Data_Updated.csv,Medium,Year inferred from grade progression and 2024-25 roster alignment.
2017721,likely 2023-24,CAASPP,Math,2616.0,Malcolm X Elementary School,5,CAASPP_Tier_Data_Updated.csv,Medium,Year inferred from grade progression and 2024-25 roster alignment.
2017500,likely 2023-24,CAASPP,Math,2665.0,Willard Middle School,8,CAASPP_Tier_Data_Updated.csv,Medium,Year inferred from grade progression and 2024-25 roster alignment.
2017770,likely 2023-24,CAASPP,Math,2627.0,Malcolm X Elementary School,5,CAASPP_Tier_Data_Updated.csv,Medium,Year inferred from grade progression and 2024-25 roster alignment.
2022123,likely 2023-24,CAASPP,Math,2661.0,Longfellow Arts and Technology Middle,7,CAASPP_Tier_Data_Updated.csv,Medium,Year inferred from grade progression and 2024-25 roster alignment.
2022124,likely 2023-24,CAASPP,Math,2592.0,Cragmont Elementary School,4,CAASPP_Tier_Data_Updated.csv,Medium,Year inferred from grade progression and 2024-25 roster alignment.
2017494,likely 2023-24,CAASPP,Math,2678.0,Willard Middle School,7,CAASPP_Tier_Data_Updated.csv,Medium,Year inferred from grade progression and 2024-25 roster alignment.
2010885,likely 2023-24,CAASPP,Math,2675.0,Berkeley High School,9,CAASPP_Tier_Data_Updated.csv,Medium,Year inferred from grade progression and 2024-25 roster alignment.
2017931,likely 2023-24,CAASPP,Math,2450.0,Thousand Oaks Elementary School,5,CAASPP_Tier_Data_Updated.csv,Medium,Year inferred from grade progression and 2024-25 roster alignment.
2012962,likely 2023-24,CAASPP,Math,2538.0,Martin Luther King Middle School,8,CAASPP_Tier_Data_Updated.csv,Medium,Year inferred from grade progression and 2024-25 roster alignment.
2019584,likely 2023-24,CAASPP,Math,2593.0,Emerson Elementary School,4,CAASPP_Tier_Data_Updated.csv,Medium,Year inferred from grade progression and 2024-25 roster alignment.
2012036,likely 2023-24,CAASPP,Math,2667.0,Berkeley High School,9,CAASPP_Tier_Data_Updated.csv,Medium,Year inferred from grade progression and 2024-25 roster alignment.
2016071,likely 2023-24,CAASPP,Math,2605.0,Berkeley Arts Magnet Elementary School,5,CAASPP_Tier_Data_Updated.csv,Medium,Year inferred from grade progression and 2024-25 roster alignment.
2014942,likely 2023-24,CAASPP,Math,2530.0,Willard Middle School,6,CAASPP_Tier_Data_Updated.csv,Medium,Year inferred from grade progression and 2024-25 roster alignment.
2017685,likely 2023-24,CAASPP,Math,2485.0,Cragmont Elementary School,5,CAASPP_Tier_Data_Updated.csv,Medium,Year inferred from grade progression and 2024-25 roster alignment.
2021035,likely 2023-24,CAASPP,Math,2596.0,Emerson Elementary School,4,CAASPP_Tier_Data_Updated.csv,Medium,Year inferred from grade progression and 2024-25 roster alignment.
2023875,likely 2023-24,CAASPP,Math,2560.0,Malcolm X Elementary School,4,CAASPP_Tier_Data_Updated.csv,Medium,Year inferred from grade progression and 2024-25 roster alignment.
2017262,likely 2023-24,CAASPP,Math,2541.0,Longfellow Arts and Technology Middle,6,CAASPP_Tier_Data_Updated.csv,Medium,Year inferred from grade progression and 2024-25 roster alignment.
2021212,likely 2023-24,CAASPP,Math,2626.0,Berkeley High School,12,CAASPP_Tier_Data_Updated.csv,Medium,Year inferred from grade progression and 2024-25 roster alignment.
2016357,likely 2023-24,CAASPP,Math,2656.0,Ruth Acty Elementary School,5,CAASPP_Tier_Data_Updated.csv,Medium,Year inferred from grade progression and 2024-25 roster alignment.
2014197,likely 2023-24,CAASPP,Math,2587.0,Willard Middle School,7,CAASPP_Tier_Data_Updated.csv,Medium,Year inferred from grade progression and 2024-25 roster alignment.
2011133,likely 2023-24,CAASPP,Math,2604.0,Berkeley High School,9,CAASPP_Tier_Data_Updated.csv,Medium,Year inferred from grade progression and 2024-25 roster alignment.
2015467,likely 2023-24,CAASPP,Math,2618.0,Martin Luther King Middle School,7,CAASPP_Tier_Data_Updated.csv,Medium,Year inferred from grade progression and 2024-25 roster alignment.
2016138,likely 2023-24,CAASPP,Math,2516.0,Thousand Oaks Elementary School,5,CAASPP_Tier_Data_Updated.csv,Medium,Year inferred from grade progression and 2024-25 roster alignment.
2014788,likely 2023-24,CAASPP,Math,2553.0,Martin Luther King Middle School,7,CAASPP_Tier_Data_Updated.csv,Medium,Year inferred from grade progression and 2024-25 roster alignment.
2016945,likely 2023-24,CAASPP,Math,2595.0,Berkeley High School,9,CAASPP_Tier_Data_Updated.csv,Medium,Year inferred from grade progression and 2024-25 roster alignment.
2016379,likely 2023-24,CAASPP,Math,2528.0,Willard Middle School,6,CAASPP_Tier_Data_Updated.csv,Medium,Year inferred from grade progression and 2024-25 roster alignment.
2012570,likely 2023-24,CAASPP,Math,2762.0,Willard Middle School,8,CAASPP_Tier_Data_Updated.csv,Medium,Year inferred from grade progression and 2024-25 roster alignment.
2016593,likely 2023-24,CAASPP,Math,2551.0,Willard Middle School,6,CAASPP_Tier_Data_Updated.csv,Medium,Year inferred from grade progression and 2024-25 roster alignment.
2019764,likely 2023-24,CAASPP,Math,2456.0,Washington Elementary School,4,CAASPP_Tier_Data_Updated.csv,Medium,Year inferred from grade progression and 2024-25 roster alignment.
2016337,likely 2023-24,CAASPP,Math,2665.0,Longfellow Arts and Technology Middle,6,CAASPP_Tier_Data_Updated.csv,Medium,Year inferred from grade progression and 2024-25 roster alignment.
2005211,likely 2023-24,CAASPP,Math,2280.0,Berkeley High School,12,CAASPP_Tier_Data_Updated.csv,Medium,Year inferred from grade progression and 2024-25 roster alignment.
2017239,likely 2023-24,CAASPP,Math,2459.0,Berkeley High School,12,CAASPP_Tier_Data_Updated.csv,Medium,Year inferred from grade progression and 2024-25 roster alignment.
2007848,likely 2023-24,CAASPP,Math,2432.0,Berkeley High School,12,CAASPP_Tier_Data_Updated.csv,Medium,Year inferred from grade progression and 2024-25 roster alignment.
2005631,likely 2023-24,CAASPP,Math,2280.0,Berkeley High School,12,CAASPP_Tier_Data_Updated.csv,Medium,Year inferred from grade progression and 2024-25 roster alignment.
2022299,likely 2023-24,CAASPP,Math,2265.0,Berkeley High School,9,CAASPP_Tier_Data_Updated.csv,Medium,Year inferred from grade progression and 2024-25 roster alignment.
2024190,likely 2023-24,CAASPP,Math,2627.0,Berkeley High School,12,CAASPP_Tier_Data_Updated.csv,Medium,Year inferred from grade progression and 2024-25 roster alignment.
2024067,likely 2023-24,CAASPP,Math,2633.0,Berkeley High School,11,CAASPP_Tier_Data_Updated.csv,Medium,Year inferred from grade progression and 2024-25 roster alignment.
