student_id,star_reading_2022_23,star_math_2022_23,star_reading_2023_24,star_math_2023_24,star_reading_2024_25,star_math_2024_25,attendance_2022_23,attendance_2023_24,attendance_2024_25,caaspp_ela_2022_23,caaspp_math_2022_23,caaspp_ela_2023_24,caaspp_math_2023_24,strict_comparison_ready
2003280,False,False,False,False,False,False,False,False,False,False,False,True,True,False
2003385,False,False,False,False,False,False,False,False,False,False,False,False,False,False
2004270,False,False,False,False,False,False,False,False,False,False,False,True,False,False
2004476,False,False,False,False,False,False,False,False,False,False,False,False,False,False
2005139,False,False,False,False,False,False,False,False,False,False,False,True,True,False
2005173,False,False,False,False,False,False,False,False,False,False,False,True,True,False
2005209,False,False,False,False,False,False,False,False,False,False,False,False,False,False
2005211,False,False,False,False,False,False,False,False,False,False,False,False,True,False
2005214,False,False,False,False,False,False,False,False,False,False,False,True,True,False
2005243,False,False,False,False,False,False,False,False,False,False,False,True,True,False
2005266,False,False,False,False,False,False,False,False,False,False,False,True,False,False
2005287,False,False,False,False,False,False,False,False,False,False,False,True,True,False
2005291,False,False,False,False,False,False,False,False,False,False,False,True,False,False
2005297,False,False,False,False,False,False,False,False,False,False,False,True,True,False
2005346,False,False,False,False,False,False,False,False,False,False,False,True,True,False
2005351,False,False,False,False,False,False,False,False,False,False,False,True,True,False
2005385,False,False,False,False,False,False,False,False,False,False,False,True,True,False
2005388,False,False,False,False,False,False,False,False,False,False,False,True,False,False
2005405,False,False,False,False,False,False,False,False,False,False,False,False,False,False
2005430,False,False,False,False,False,False,False,False,False,False,False,True,True,False
2005442,False,False,False,False,False,False,False,False,False,False,False,True,True,False
2005447,False,False,False,False,False,False,False,False,False,False,False,True,True,False
2005453,False,False,False,False,False,False,False,False,False,False,False,True,True,False
2005470,False,False,False,False,False,False,False,False,False,False,False,True,False,False
2005500,False,False,False,False,False,False,False,False,False,False,False,True,False,False
2005535,False,False,False,False,False,False,False,False,False,False,False,True,True,False
2005556,False,False,False,False,False,False,False,False,False,False,False,True,True,False
2005557,False,False,False,False,False,False,False,False,False,False,False,True,False,False
2005558,False,False,False,False,False,False,False,False,False,False,False,True,True,False
2005595,False,False,False,False,False,False,False,False,False,False,False,True,True,False
2005631,False,False,False,False,False,False,False,False,False,False,False,False,True,False
2005733,False,False,False,False,False,False,False,False,False,False,False,True,True,False
2005735,False,False,False,False,False,False,False,False,False,False,False,True,True,False
2005749,False,False,False,False,False,False,False,False,False,False,False,False,False,False
2005796,False,False,False,False,False,False,False,False,False,False,False,True,True,False
2005843,False,False,False,False,False,False,False,False,False,False,False,True,True,False
2005845,False,False,False,False,False,False,False,False,False,False,False,False,False,False
2005850,False,False,False,False,False,False,False,False,False,False,False,True,True,False
2006073,False,False,False,False,False,False,False,False,False,False,False,False,False,False
2006109,False,False,False,False,False,False,False,False,False,False,False,True,True,False
2006198,False,False,False,False,False,False,False,False,False,False,False,True,True,False
2006317,False,False,False,False,False,False,False,False,False,False,False,True,True,False
2006328,False,False,False,False,False,False,False,False,False,False,False,True,False,False
2006402,False,False,False,False,False,False,False,False,False,False,False,True,False,False
2006419,False,False,False,False,False,False,False,False,False,False,False,True,True,False
2006456,False,False,False,False,False,False,False,False,False,False,False,False,False,False
2006461,False,False,False,False,False,False,False,False,False,False,False,True,False,False
2006492,False,False,False,False,False,False,False,False,False,False,False,True,True,False
2006512,False,False,False,False,False,False,False,False,False,False,False,True,True,False
2006528,False,False,False,False,False,False,False,False,False,False,False,True,True,False
2006545,False,False,False,False,False,False,False,False,False,False,False,True,False,False
2006668,False,False,False,False,False,False,False,False,False,False,False,True,True,False
2006701,False,False,False,False,False,False,False,False,False,False,False,True,True,False
2006922,False,False,False,False,False,False,False,False,False,False,False,True,False,False
2006998,False,False,False,False,False,False,False,False,False,False,False,False,False,False
2006999,False,False,False,False,False,False,False,False,False,False,False,False,False,False
2007058,True,True,True,True,False,False,True,True,False,True,True,False,False,False
2007210,True,True,False,False,False,False,True,True,False,True,True,True,True,False
2007550,False,False,False,False,False,False,False,False,False,False,False,False,False,False
2007801,True,True,False,False,False,False,True,True,False,True,True,False,False,False
2007848,False,False,False,False,False,False,False,False,False,False,False,False,True,False
2007871,False,False,False,False,False,False,False,False,False,False,False,False,False,False
2008102,False,False,False,False,False,False,False,False,False,False,False,False,False,False
2008142,False,False,False,False,False,False,False,False,False,False,False,True,False,False
2008538,False,False,False,False,False,False,False,False,False,False,False,True,True,False
2008587,False,False,False,False,False,False,False,False,False,False,False,True,True,False
2009091,False,False,False,False,False,False,False,False,False,False,False,True,True,False
2009098,True,True,True,True,False,False,True,True,False,True,True,True,True,False
2009121,True,True,True,True,False,False,True,True,False,True,True,False,False,False
2009146,True,True,True,True,False,False,True,True,False,True,True,True,True,False
2009171,False,False,False,False,False,False,False,False,False,False,False,False,False,False
2009236,True,True,True,True,False,False,True,True,False,True,False,False,False,False
2009258,True,True,False,False,False,False,True,True,False,False,False,False,False,False
2009322,False,False,False,False,False,False,False,False,False,False,False,False,False,False
2009377,True,True,True,True,False,False,True,True,False,True,True,False,False,False
2009428,True,True,True,True,False,False,True,True,False,True,True,False,False,False
2009474,True,True,True,True,False,False,True,True,False,True,True,False,False,False
2009520,True,True,True,True,False,False,True,True,False,True,True,False,False,False
2009772,True,True,True,True,False,False,True,True,False,True,True,False,False,False
2009809,True,True,False,False,False,False,True,True,False,True,True,True,True,False
2009811,False,False,False,False,False,False,False,False,False,False,False,True,True,False
2009813,True,True,True,True,False,False,True,True,False,True,True,True,False,False
2009815,True,True,True,True,False,False,True,True,False,True,True,True,True,False
2009826,True,True,True,True,False,False,True,True,False,True,True,False,False,False
2009827,True,True,True,True,False,False,True,True,False,True,True,True,True,False
2009839,True,True,True,True,False,False,True,True,False,True,True,True,True,False
2009842,True,True,False,False,False,False,True,True,False,True,True,True,False,False
2009866,False,False,False,False,False,False,False,False,False,False,False,True,True,False
2009881,False,False,False,False,False,False,True,True,False,False,False,True,True,False
2009990,True,True,False,False,False,False,True,True,False,True,True,False,False,False
2010008,True,True,True,True,False,False,True,True,False,True,True,True,True,False
2010013,True,True,True,True,False,False,True,True,False,True,True,True,True,False
2010028,False,False,False,False,True,True,False,False,True,False,False,False,False,False
2010033,False,False,False,False,True,True,False,False,True,False,False,False,False,False
2010038,True,True,False,False,False,False,True,True,False,True,True,True,True,False
2010045,True,True,True,True,False,False,True,True,False,True,True,True,True,False
2010081,True,True,True,True,False,False,True,True,False,True,True,True,True,False
2010103,False,False,False,False,False,False,False,False,False,False,False,True,False,False
2010113,False,False,False,False,False,False,False,False,False,False,False,True,True,False
2010221,True,True,True,True,False,False,True,True,False,True,True,False,False,False
2010242,True,True,False,False,False,False,True,True,False,True,True,False,False,False
2010271,False,False,False,False,False,False,False,False,False,False,False,False,False,False
2010273,False,False,False,False,False,False,False,False,False,False,False,True,True,False
2010415,False,False,False,False,False,False,False,False,False,False,False,True,True,False
2010498,True,True,True,True,False,False,True,True,False,True,True,False,False,False
2010512,False,False,False,False,False,False,False,False,False,False,False,True,True,False
2010559,False,False,False,False,False,False,False,False,False,False,False,False,False,False
2010579,True,True,False,False,False,False,True,True,False,True,True,True,False,False
2010591,True,True,True,True,False,False,True,True,False,True,True,False,False,False
2010687,True,True,True,True,False,False,True,True,False,True,True,False,False,False
2010688,True,True,True,True,False,False,True,True,False,True,True,False,False,False
2010689,False,False,False,False,False,False,False,False,False,False,False,False,False,False
2010691,False,False,False,False,False,False,False,False,False,False,False,False,False,False
2010721,True,True,True,True,False,False,True,True,False,True,True,True,True,False
2010729,False,False,False,False,True,True,False,False,True,False,False,False,False,False
2010731,True,True,True,True,True,True,True,True,True,True,True,True,True,True
2010802,False,False,False,False,False,False,False,False,False,False,False,True,True,False
2010830,False,False,False,False,False,False,False,False,False,False,False,False,False,False
2010872,False,False,False,False,True,True,False,False,True,False,False,True,True,False
2010885,False,False,False,False,False,False,False,False,False,False,False,True,True,False
2010886,True,True,False,False,False,False,True,True,False,True,True,True,True,False
2010901,True,True,False,False,False,False,True,True,False,True,True,True,True,False
2010913,True,True,True,True,False,False,True,True,False,True,True,True,True,False
2010918,True,True,True,True,True,True,True,True,True,True,True,True,True,True
2010945,True,True,True,True,False,False,True,True,False,True,True,True,True,False
2010947,False,False,False,False,True,True,False,False,True,False,False,False,False,False
2010956,True,True,True,True,False,False,True,True,False,True,True,True,True,False
2010963,True,True,True,True,False,False,True,True,False,True,True,True,True,False
2010981,True,True,True,True,False,False,True,True,False,True,True,True,False,False
2010991,True,True,True,True,False,False,True,True,False,True,True,True,True,False
2011010,True,True,False,False,False,False,True,True,False,True,True,False,False,False
2011021,False,False,False,False,True,True,False,False,True,False,False,False,False,False
2011025,False,False,False,False,True,True,False,False,True,False,False,False,False,False
2011043,True,True,False,False,False,False,True,True,False,False,False,False,False,False
2011048,False,False,False,False,False,False,False,False,False,False,False,True,True,False
2011071,True,True,True,True,False,False,True,True,False,True,True,True,True,False
2011088,False,False,False,False,False,False,False,False,False,False,False,True,True,False
2011093,True,True,True,True,False,False,True,True,False,True,True,True,True,False
2011107,False,False,False,False,False,False,False,False,False,False,False,True,True,False
2011122,True,True,True,True,False,False,True,True,False,True,True,True,True,False
2011124,True,True,False,False,False,False,True,True,False,True,True,True,True,False
2011129,True,True,True,True,False,False,True,True,False,True,True,False,False,False
2011133,False,False,False,False,False,False,False,False,False,False,False,True,True,False
2011139,False,False,False,False,False,False,False,False,False,False,False,True,True,False
2011154,True,True,False,False,False,False,True,True,False,True,True,True,True,False
2011162,True,True,False,False,False,False,True,True,False,True,True,False,False,False
2011169,False,False,False,False,True,True,False,False,True,False,False,False,False,False
2011187,True,True,True,False,False,False,True,True,False,True,True,True,True,False
2011223,False,False,False,False,False,False,False,False,False,False,False,True,True,False
2011242,True,True,True,True,False,False,True,True,False,True,True,True,True,False
2011274,False,False,False,False,False,False,False,False,False,False,False,True,True,False
2011321,True,True,False,False,False,False,True,True,False,True,True,True,True,False
2011339,True,True,False,False,False,False,True,True,False,True,True,True,True,False
2011364,False,False,False,False,False,False,False,False,False,False,False,True,True,False
2011365,False,False,False,False,False,False,False,False,False,False,False,True,True,False
2011370,True,True,True,True,True,True,True,True,True,True,True,True,True,True
2011402,True,True,True,True,False,False,True,True,False,True,True,False,False,False
2011403,False,False,False,False,False,False,False,False,False,False,False,True,True,False
2011405,False,False,False,False,False,False,False,False,False,False,False,True,True,False
2011410,True,True,True,True,True,True,True,True,True,True,True,True,True,True
2011411,True,True,True,True,True,True,True,True,True,True,True,True,True,True
2011412,True,True,True,True,True,True,True,True,True,True,True,True,True,True
2011430,False,False,False,False,True,True,False,False,True,False,False,False,False,False
2011435,True,True,True,True,False,False,True,True,False,True,True,False,False,False
2011436,False,False,False,False,False,False,False,False,False,False,False,True,True,False
2011459,False,False,False,False,True,True,False,False,True,False,False,True,True,False
2011461,False,False,False,False,False,False,False,False,False,False,False,True,True,False
2011478,False,False,False,False,True,True,False,False,True,False,False,True,True,False
2011482,True,True,True,True,True,True,True,True,True,True,True,True,True,True
2011493,False,False,False,False,True,True,False,False,True,False,False,False,False,False
2011542,True,True,True,True,False,False,True,True,False,True,True,True,True,False
2011547,False,False,False,False,False,False,False,False,False,False,False,True,True,False
2011578,True,True,True,True,False,False,True,True,False,True,True,True,True,False
2011601,False,False,False,False,False,False,False,False,False,False,False,True,True,False
2011669,False,False,False,False,True,True,False,False,True,False,False,False,False,False
2011685,False,False,False,False,True,True,False,False,True,False,False,False,False,False
2011686,False,False,False,False,True,True,False,False,True,False,False,False,False,False
2011692,True,True,True,True,True,True,True,True,True,True,True,True,True,True
2011693,True,True,True,True,True,True,True,True,True,True,True,True,True,True
2011697,True,True,True,True,False,False,True,True,False,True,True,False,False,False
2011702,False,False,False,False,False,False,False,False,False,False,False,True,True,False
2011706,True,True,True,True,True,True,True,True,True,True,True,True,True,True
2011708,True,True,True,True,True,True,True,True,True,True,True,False,False,False
2011711,False,False,False,False,True,True,False,False,True,False,False,True,False,False
2011718,False,False,False,False,True,True,False,False,True,False,False,True,True,False
2011726,False,False,False,False,True,True,False,False,True,False,False,False,False,False
2011730,False,False,False,False,True,True,False,False,True,False,False,False,False,False
2011732,False,False,False,False,True,True,False,False,True,False,False,True,True,False
2011736,True,True,True,True,True,True,True,True,True,True,True,True,True,True
2011737,False,False,False,False,True,True,False,False,True,False,False,False,False,False
2011750,True,True,True,False,False,False,True,True,False,True,True,True,True,False
2011751,True,True,True,True,False,False,True,True,False,True,True,True,True,False
2011761,True,True,True,True,True,True,True,True,True,True,True,True,True,True
2011767,True,True,True,True,False,False,True,True,False,True,True,True,True,False
2011768,True,True,True,True,False,False,True,True,False,True,True,True,True,False
2011777,True,True,True,True,True,True,True,True,True,True,True,False,False,False
2011779,True,True,True,True,False,False,True,True,False,True,True,True,True,False
2011780,True,True,False,False,False,False,True,True,False,True,True,True,True,False
2011806,True,True,True,True,False,False,True,True,False,True,True,False,False,False
2011846,True,True,False,False,False,False,True,True,False,True,True,True,True,False
2011858,True,True,True,True,False,False,True,True,False,True,True,True,True,False
2011859,True,True,True,True,False,False,True,True,False,True,True,True,True,False
2011874,True,True,True,True,False,False,True,True,False,True,True,True,True,False
2011876,True,True,True,True,False,False,True,True,False,True,True,True,True,False
2011889,True,True,True,True,True,True,True,True,True,True,True,True,True,True
2011896,True,True,True,True,True,True,True,True,True,True,True,True,True,True
2011934,False,False,False,False,False,False,False,False,False,False,False,True,True,False
2011935,True,True,True,True,False,False,True,True,False,True,True,True,True,False
2011937,False,False,False,False,False,False,False,False,False,False,False,True,False,False
2011949,True,True,True,True,False,False,True,True,False,True,True,False,False,False
2011977,True,True,True,True,True,True,True,True,True,True,True,True,True,True
2012036,True,True,False,False,False,False,True,True,False,True,True,True,True,False
2012137,True,True,True,True,True,True,True,True,True,True,True,True,True,True
2012148,False,False,False,False,False,False,False,False,False,False,False,False,False,False
2012204,True,True,True,True,False,False,True,True,False,True,True,True,True,False
2012242,True,True,True,True,False,False,True,True,False,True,True,True,True,False
2012274,True,True,True,True,False,False,True,True,False,True,True,False,False,False
2012293,True,True,True,True,False,False,True,True,False,True,True,True,True,False
2012316,False,False,False,False,True,True,False,False,True,False,False,False,False,False
2012338,False,False,False,False,True,True,False,False,True,False,False,False,False,False
2012349,False,False,False,False,True,True,False,False,True,False,False,True,True,False
2012350,False,False,False,False,True,True,False,False,True,False,False,False,False,False
2012356,True,True,True,True,True,True,True,True,True,True,True,True,True,True
2012389,False,False,False,False,False,False,False,False,False,False,False,True,True,False
2012471,False,False,False,False,True,True,False,False,True,False,False,False,False,False
2012475,False,False,False,False,True,True,False,False,True,False,False,False,False,False
2012476,False,False,False,False,True,True,False,False,True,False,False,False,False,False
2012487,False,False,False,False,True,True,False,False,True,False,False,True,True,False
2012514,False,False,False,False,True,True,False,False,True,False,False,True,True,False
2012520,True,True,True,True,True,True,True,True,True,True,True,True,True,True
2012539,False,False,False,False,True,True,False,False,True,False,False,False,False,False
2012541,False,False,False,False,True,True,False,False,True,False,False,False,False,False
2012542,False,False,False,False,True,True,False,False,True,False,False,True,True,False
2012549,False,False,False,False,True,True,False,False,True,False,False,False,False,False
2012556,False,False,False,False,True,True,False,False,True,False,False,False,False,False
2012564,False,False,False,False,True,True,False,False,True,False,False,False,False,False
2012566,True,True,True,True,True,True,True,True,True,True,True,True,True,True
2012570,False,False,False,False,True,True,False,False,True,False,False,True,True,False
2012575,False,False,False,False,True,True,False,False,True,False,False,False,False,False
2012590,True,True,True,True,True,True,True,True,True,True,True,False,False,False
2012591,False,False,False,False,True,True,False,False,True,False,False,False,False,False
2012594,False,False,False,False,True,True,False,False,True,False,False,False,False,False
2012596,False,False,False,False,True,True,False,False,True,False,False,False,False,False
2012600,True,True,True,False,True,True,True,True,True,True,True,False,False,False
2012611,False,False,False,False,True,True,False,False,True,False,False,False,False,False
2012618,False,False,False,False,True,True,False,False,True,False,False,False,False,False
2012619,True,True,True,True,True,True,True,True,True,True,True,True,True,True
2012647,False,False,False,False,True,True,False,False,True,False,False,True,True,False
2012648,False,False,False,False,True,True,False,False,True,False,False,False,False,False
2012650,True,True,True,True,True,True,True,True,True,True,True,True,True,True
2012653,False,False,False,False,True,True,False,False,True,False,False,True,True,False
2012655,True,True,True,True,True,True,True,True,True,True,True,True,True,True
2012657,True,True,True,True,True,True,True,True,True,True,True,True,True,True
2012661,False,False,False,False,True,True,False,False,True,False,False,False,False,False
2012669,False,False,False,False,True,True,False,False,True,False,False,False,False,False
2012674,False,False,False,False,True,True,False,False,True,False,False,True,True,False
2012684,False,False,False,False,True,True,False,False,True,False,False,False,False,False
2012685,False,False,False,False,True,True,False,False,True,False,False,False,False,False
2012692,False,False,False,False,True,True,False,False,True,False,False,False,False,False
2012698,False,False,False,False,True,True,False,False,True,False,False,False,False,False
2012701,False,False,False,False,True,True,False,False,True,False,False,False,False,False
2012712,False,False,False,False,True,True,False,False,True,False,False,False,False,False
2012714,False,False,False,False,True,True,False,False,True,False,False,False,False,False
2012715,False,False,False,False,True,True,False,False,True,False,False,False,False,False
2012721,False,False,False,False,True,True,False,False,True,False,False,False,False,False
2012736,True,True,True,True,True,True,True,True,True,True,True,True,True,True
2012739,False,False,False,False,True,True,False,False,True,False,False,False,False,False
2012741,False,False,False,False,True,True,False,False,True,False,False,False,False,False
2012744,False,False,False,False,True,True,False,False,True,False,False,False,False,False
2012746,True,True,True,True,True,True,True,True,True,True,True,False,False,False
2012747,False,False,False,False,True,True,False,False,True,False,False,False,False,False
2012750,False,False,False,False,True,True,False,False,True,False,False,False,False,False
2012753,False,False,False,False,True,True,False,False,True,False,False,True,True,False
2012774,False,False,False,False,True,True,False,False,True,False,False,False,False,False
2012784,False,False,False,False,True,True,False,False,True,False,False,False,False,False
2012792,False,False,False,False,True,True,False,False,True,False,False,False,False,False
2012793,True,True,True,True,True,True,True,True,True,False,False,False,False,False
2012794,False,False,False,False,True,True,False,False,True,False,False,False,False,False
2012795,True,True,False,True,True,True,True,True,True,False,False,False,False,False
2012800,True,True,True,True,True,True,True,True,True,True,True,True,True,True
2012812,False,False,False,False,True,True,False,False,True,False,False,False,False,False
2012826,False,False,False,False,True,True,False,False,True,False,False,True,True,False
2012832,False,False,False,False,True,True,False,False,True,False,False,False,False,False
2012838,False,False,False,False,True,True,False,False,True,False,False,False,False,False
2012846,False,False,False,False,True,True,False,False,True,False,False,False,False,False
2012854,True,True,True,True,True,True,True,True,True,True,True,True,True,True
2012864,True,True,True,True,True,True,True,True,True,True,True,False,False,False
2012866,False,False,False,False,True,True,False,False,True,False,False,False,False,False
2012881,False,False,False,False,True,True,False,False,True,False,False,True,True,False
2012883,False,False,False,False,True,True,False,False,True,False,False,False,False,False
2012886,False,False,False,False,True,True,False,False,True,False,False,False,False,False
2012891,False,False,False,False,True,True,False,False,True,False,False,True,True,False
2012905,False,False,False,False,True,True,False,False,True,False,False,False,False,False
2012906,False,False,False,False,True,True,False,False,True,False,False,False,False,False
2012908,False,False,False,False,True,True,False,False,True,False,False,False,False,False
2012911,False,False,False,False,True,True,False,False,True,False,False,False,False,False
2012920,False,False,False,False,True,True,False,False,True,False,False,False,False,False
2012923,False,False,False,False,True,True,False,False,True,False,False,True,True,False
2012933,False,False,False,False,True,True,False,False,True,False,False,False,False,False
2012941,True,True,True,True,True,True,True,True,True,True,True,False,False,False
2012946,False,False,False,False,True,True,False,False,True,False,False,True,True,False
2012947,False,False,False,False,True,True,False,False,True,False,False,False,False,False
2012948,False,False,False,False,True,True,False,False,True,False,False,False,False,False
2012958,False,False,False,False,True,True,False,False,True,False,False,False,False,False
2012962,False,False,False,False,True,True,False,False,True,False,False,True,True,False
2012964,False,False,False,False,True,True,False,False,True,False,False,False,False,False
2012969,False,False,False,False,True,True,False,False,True,False,False,False,False,False
2012974,False,False,False,False,True,True,False,False,True,False,False,False,False,False
2012980,True,True,True,True,True,True,True,True,True,True,True,True,True,True
2012985,False,False,False,False,True,True,False,False,True,False,False,False,False,False
2012989,False,False,False,False,True,True,False,False,True,False,False,False,False,False
2012995,True,True,True,True,True,True,True,True,True,True,True,True,True,True
2013041,True,True,False,False,False,False,True,True,False,True,True,True,True,False
2013057,False,False,False,False,True,True,False,False,True,False,False,False,False,False
2013059,False,False,False,False,True,True,False,False,True,False,False,False,False,False
2013060,False,False,False,False,True,True,False,False,True,False,False,True,True,False
2013068,False,False,False,False,True,True,False,False,True,False,False,True,True,False
2013074,True,True,True,True,True,True,True,True,True,True,True,True,True,True
2013089,False,False,False,False,True,True,False,False,True,False,False,True,True,False
2013096,False,False,False,False,True,True,False,False,True,False,False,False,False,False
2013098,True,True,True,True,True,True,True,True,True,True,True,True,True,True
2013100,False,False,False,False,True,True,False,False,True,False,False,False,False,False
2013113,True,True,True,True,True,True,True,True,True,True,True,True,True,True
2013115,False,False,False,False,True,True,False,False,True,False,False,False,False,False
2013117,False,False,False,False,True,True,False,False,True,False,False,False,False,False
2013125,False,False,False,False,True,True,False,False,True,False,False,False,False,False
2013126,True,True,True,True,True,True,True,True,True,True,True,True,False,False
2013128,False,False,False,False,True,True,False,False,True,False,False,False,False,False
2013132,False,False,False,False,True,True,False,False,True,False,False,True,True,False
2013135,True,True,True,True,True,True,True,True,True,True,True,True,True,True
2013190,False,False,False,False,True,True,False,False,True,False,False,False,False,False
2013191,False,False,False,False,True,True,False,False,True,False,False,False,False,False
2013207,True,True,True,True,True,True,True,True,True,True,True,True,True,True
2013212,True,True,True,True,True,True,True,True,True,True,True,True,True,True
2013213,False,False,False,False,True,True,True,True,True,False,False,True,True,False
2013218,False,False,False,False,True,True,False,False,True,False,False,False,False,False
2013220,False,False,False,False,True,True,False,False,True,False,False,True,True,False
2013222,False,False,False,False,True,True,False,False,True,False,False,True,True,False
2013224,True,True,True,True,False,False,True,True,False,True,True,False,False,False
2013230,False,False,False,False,True,True,False,False,True,False,False,False,False,False
2013231,True,True,True,True,True,True,True,True,True,True,True,False,False,False
2013234,False,False,False,False,True,True,False,False,True,False,False,False,False,False
2013235,False,False,False,False,True,True,False,False,True,False,False,False,False,False
2013236,False,False,False,False,True,True,False,False,True,False,False,True,True,False
2013238,False,False,False,False,True,True,False,False,True,False,False,False,False,False
2013239,True,True,True,True,True,True,True,True,True,True,True,True,True,True
2013241,False,False,False,False,True,True,False,False,True,False,False,False,False,False
2013268,False,False,False,False,True,True,False,False,True,False,False,True,True,False
2013270,False,False,False,False,True,True,False,False,True,False,False,False,False,False
2013276,True,True,True,True,True,True,True,True,True,False,False,True,True,False
2013277,False,False,False,False,True,True,False,False,True,False,False,False,False,False
2013280,False,False,False,False,True,True,False,False,True,False,False,True,True,False
2013282,False,False,False,False,True,True,False,False,True,False,False,False,False,False
2013286,False,False,False,False,True,True,False,False,True,False,False,True,True,False
2013287,False,False,False,False,True,True,False,False,True,False,False,False,False,False
2013293,False,False,False,False,False,False,False,False,False,False,False,True,True,False
2013294,False,False,False,False,True,True,False,False,True,False,False,True,True,False
2013295,True,True,True,True,True,True,True,True,True,True,True,True,True,True
2013302,False,False,False,False,True,True,False,False,True,False,False,False,False,False
2013306,False,False,False,False,True,True,False,False,True,False,False,False,False,False
2013326,False,False,False,False,True,True,False,False,True,False,False,False,False,False
2013329,True,True,True,True,True,True,True,True,True,True,True,True,True,True
2013389,True,True,True,True,True,True,True,True,True,True,True,True,True,True
2013390,True,True,True,True,True,True,True,True,True,True,True,True,True,True
2013394,True,True,True,True,True,True,True,True,True,True,True,True,True,True
2013415,True,True,True,True,False,False,True,True,False,True,True,True,True,False
2013421,False,False,False,False,True,True,False,False,True,False,False,False,False,False
2013424,False,False,False,False,True,True,False,False,True,False,False,False,False,False
2013426,False,False,False,False,True,True,False,False,True,False,False,False,False,False
2013474,True,True,True,True,True,True,True,True,True,True,True,True,True,True
2013479,True,True,True,True,True,True,True,True,True,True,True,True,True,True
2013508,False,False,False,False,True,True,False,False,True,False,False,False,False,False
2013543,False,False,False,False,True,True,False,False,True,False,False,False,False,False
2013544,False,False,False,False,True,True,False,False,True,False,False,False,False,False
2013545,True,True,True,True,True,True,True,True,True,True,True,True,True,True
2013546,True,True,True,True,True,True,True,True,True,True,True,True,True,True
2013573,True,True,True,True,True,True,True,True,True,True,True,True,True,True
2013610,True,True,True,True,True,True,True,True,True,True,True,True,True,True
2013648,True,True,True,True,True,True,True,True,True,True,True,True,True,True
2013659,False,False,False,False,True,True,False,False,True,False,False,False,False,False
2013664,False,False,False,False,True,True,False,False,True,False,False,False,False,False
2013666,True,True,True,True,True,True,True,True,True,True,True,True,True,True
2013668,True,True,True,True,True,True,True,True,True,True,True,True,True,True
2013709,False,False,False,False,False,False,False,False,False,False,False,False,False,False
2013713,True,True,True,True,True,True,True,True,True,True,True,True,True,True
2013739,True,True,True,True,True,True,True,True,True,True,True,True,True,True
2013760,False,False,False,False,True,True,True,True,True,False,False,True,True,False
2013765,False,False,False,False,True,True,False,False,True,False,False,False,False,False
2013788,False,False,False,False,True,True,False,False,True,False,False,False,False,False
2013790,False,False,False,False,True,True,False,False,True,False,False,False,False,False
2013795,False,False,False,False,True,True,False,False,True,False,False,True,True,False
2013804,False,False,False,False,True,True,False,False,True,False,False,True,True,False
2013815,False,False,False,False,True,True,False,False,True,False,False,False,False,False
2013842,False,False,False,False,True,True,False,False,True,False,False,True,True,False
2013843,False,False,False,False,True,True,False,False,True,False,False,False,False,False
2013847,False,False,False,False,True,True,False,False,True,False,False,False,False,False
2013848,False,False,False,False,True,True,False,False,True,False,False,False,False,False
2013850,True,True,True,True,True,True,True,True,True,True,True,True,True,True
2013856,True,True,True,True,True,True,True,True,True,True,True,False,False,False
2013872,False,False,False,False,True,True,False,False,True,False,False,False,False,False
2013987,False,False,False,False,True,True,False,False,True,False,False,False,False,False
2014014,False,False,False,False,True,True,False,False,True,False,False,False,False,False
2014015,False,False,False,False,True,True,False,False,True,False,False,True,True,False
2014016,False,False,False,False,True,True,False,False,True,False,False,False,False,False
2014031,True,True,True,True,True,True,True,True,True,True,True,True,True,True
2014047,False,False,False,False,True,True,False,False,True,False,False,True,True,False
2014053,False,False,False,False,False,False,False,False,False,False,False,True,False,False
2014066,False,False,False,False,True,True,False,False,True,False,False,False,False,False
2014072,False,False,False,False,True,True,False,False,True,False,False,False,False,False
2014077,False,False,False,False,True,True,False,False,True,False,False,False,False,False
2014096,False,False,False,False,True,True,False,False,True,False,False,False,False,False
2014100,False,False,False,False,True,True,False,False,True,False,False,False,False,False
2014102,False,False,False,False,True,True,False,False,True,False,False,False,False,False
2014106,False,False,False,False,True,True,False,False,True,False,False,False,False,False
2014114,False,False,False,False,True,True,False,False,True,False,False,False,False,False
2014128,False,False,False,False,True,True,False,False,True,False,False,False,False,False
2014136,False,False,False,False,True,True,False,False,True,False,False,False,False,False
2014138,False,False,False,False,True,True,False,False,True,False,False,False,False,False
2014142,True,True,True,True,False,False,True,True,False,True,True,False,False,False
2014148,True,True,True,True,False,False,True,True,False,True,True,True,False,False
2014175,True,True,True,True,False,False,True,True,False,True,True,False,False,False
2014182,False,False,False,False,True,True,False,False,True,False,False,False,False,False
2014197,True,True,True,True,True,True,True,True,True,True,True,True,True,True
2014202,False,False,False,False,True,True,False,False,True,False,False,False,False,False
2014203,False,False,False,False,True,True,False,False,True,False,False,False,False,False
2014205,False,False,False,False,True,True,False,False,True,False,False,False,False,False
2014206,False,False,False,False,True,True,False,False,True,False,False,False,False,False
2014207,False,False,False,False,True,True,False,False,True,False,False,False,False,False
2014208,False,False,False,False,True,True,False,False,True,False,False,False,False,False
2014211,False,False,False,False,True,True,False,False,True,False,False,False,False,False
2014217,False,False,False,False,True,True,False,False,True,False,False,False,False,False
2014219,False,False,False,False,True,True,False,False,True,False,False,False,False,False
2014220,False,False,False,False,True,True,False,False,True,False,False,False,False,False
2014230,False,False,False,False,True,True,False,False,True,False,False,False,False,False
2014235,False,False,False,False,True,True,False,False,True,False,False,False,False,False
2014238,False,False,False,False,True,True,False,False,True,False,False,False,False,False
2014240,False,False,False,False,True,True,False,False,True,False,False,False,False,False
2014245,False,False,False,False,True,True,False,False,True,False,False,True,True,False
2014247,False,False,False,False,True,True,False,False,True,False,False,False,False,False
2014249,False,False,False,False,True,True,False,False,True,False,False,False,False,False
2014250,False,False,False,False,True,True,False,False,True,False,False,False,False,False
2014251,False,False,False,False,True,True,False,False,True,False,False,False,False,False
2014252,False,False,False,False,True,True,False,False,True,False,False,False,False,False
2014254,False,False,False,False,True,True,False,False,True,False,False,False,False,False
2014255,False,False,False,False,True,True,False,False,True,False,False,False,False,False
2014256,False,False,False,False,True,True,False,False,True,False,False,False,False,False
2014259,False,False,False,False,True,True,False,False,True,False,False,False,False,False
2014268,False,False,False,False,True,True,False,False,True,False,False,False,False,False
2014275,False,False,False,False,True,True,False,False,True,False,False,False,False,False
2014279,True,True,True,True,True,True,True,True,True,True,True,True,True,True
2014285,False,False,False,False,True,True,False,False,True,False,False,False,False,False
2014287,False,False,False,False,True,True,False,False,True,False,False,False,False,False
2014292,False,False,False,False,True,True,False,False,True,False,False,False,False,False
2014293,False,False,False,False,True,True,False,False,True,False,False,False,False,False
2014294,False,False,False,False,True,True,False,False,True,False,False,False,False,False
2014299,True,True,True,True,True,True,True,True,True,True,True,False,False,False
2014305,False,False,False,False,True,True,False,False,True,False,False,False,False,False
2014307,True,True,True,True,True,True,True,True,True,True,True,True,True,True
2014319,False,False,False,False,False,False,False,False,False,False,False,True,False,False
2014337,False,False,False,False,True,True,False,False,True,False,False,False,False,False
2014349,False,False,False,False,True,True,False,False,True,False,False,True,True,False
2014352,True,True,True,True,True,True,True,True,True,True,True,True,True,True
2014371,False,False,False,False,True,True,False,False,True,False,False,False,False,False
2014376,False,False,False,False,True,True,False,False,True,False,False,False,False,False
2014378,False,False,False,False,True,True,False,False,True,False,False,False,False,False
2014379,False,False,False,False,True,True,False,False,True,False,False,False,False,False
2014382,False,False,False,False,True,True,False,False,True,False,False,True,True,False
2014389,False,False,False,False,True,True,False,False,True,False,False,False,False,False
2014391,False,False,False,False,True,True,False,False,True,False,False,False,False,False
2014397,False,False,False,False,True,True,False,False,True,False,False,False,False,False
2014416,True,True,True,True,True,True,True,True,True,False,False,True,True,False
2014421,False,False,False,False,True,True,False,False,True,False,False,False,False,False
2014442,True,True,True,True,True,True,True,True,True,True,True,False,False,False
2014458,False,False,False,False,True,True,False,False,True,False,False,True,True,False
2014476,False,False,False,False,True,True,False,False,True,False,False,True,False,False
2014478,False,False,False,False,False,False,False,False,False,False,False,True,True,False
2014495,False,False,False,False,True,True,False,False,True,False,False,False,False,False
2014530,False,False,False,False,True,True,False,False,True,False,False,True,True,False
2014539,False,False,False,False,True,True,False,False,True,False,False,False,False,False
2014540,False,False,False,False,True,True,False,False,True,False,False,False,False,False
2014544,False,False,False,False,True,True,False,False,True,False,False,False,False,False
2014546,True,True,True,True,True,True,True,True,True,True,True,True,True,True
2014551,False,False,False,False,False,False,True,True,False,False,False,False,False,False
2014554,False,False,False,False,True,True,False,False,True,False,False,False,False,False
2014558,False,False,False,False,True,True,False,False,True,False,False,False,False,False
2014569,False,False,False,False,True,True,False,False,True,False,False,True,False,False
2014592,False,False,False,False,True,True,False,False,True,False,False,False,False,False
2014601,False,False,False,False,False,False,False,False,False,False,False,False,False,False
2014608,False,False,False,False,True,True,False,False,True,False,False,False,False,False
2014610,False,False,False,False,True,True,False,False,True,False,False,False,False,False
2014612,False,False,False,False,True,True,False,False,True,False,False,False,False,False
2014614,False,False,False,False,True,True,False,False,True,False,False,False,False,False
2014617,False,False,False,False,True,True,False,False,True,False,False,False,False,False
2014619,False,False,False,False,True,True,False,False,True,False,False,False,False,False
2014628,False,False,False,False,True,True,False,False,True,False,False,True,True,False
2014629,False,False,False,False,True,True,False,False,True,False,False,False,False,False
2014630,False,False,False,False,True,True,False,False,True,False,False,False,False,False
2014632,True,True,True,True,True,True,True,True,True,True,True,True,True,True
2014647,False,False,False,False,True,True,False,False,True,False,False,False,False,False
2014654,False,False,False,False,True,True,False,False,True,False,False,False,False,False
2014656,False,False,False,False,True,True,False,False,True,False,False,True,True,False
2014659,False,False,False,False,True,True,False,False,True,False,False,False,False,False
2014662,False,False,False,False,True,True,False,False,True,False,False,False,False,False
2014667,False,False,False,False,True,True,False,False,True,False,False,False,False,False
2014669,False,False,False,False,True,True,False,False,True,False,False,False,False,False
2014674,True,True,True,True,True,True,True,True,True,True,True,True,True,True
2014676,False,False,False,False,True,True,False,False,True,False,False,False,False,False
2014680,False,False,False,False,True,True,False,False,True,False,False,False,False,False
2014688,False,False,False,False,True,True,False,False,True,False,False,False,False,False
2014696,False,False,False,False,True,True,False,False,True,False,False,False,False,False
2014698,False,False,False,False,True,True,False,False,True,False,False,True,True,False
2014699,False,False,False,False,True,True,False,False,True,False,False,True,True,False
2014700,True,True,True,True,True,True,True,True,True,True,True,True,True,True
2014704,True,True,True,True,True,True,True,True,True,True,True,True,True,True
2014705,False,False,False,False,True,True,False,False,True,False,False,False,False,False
2014712,False,False,False,False,True,True,False,False,True,False,False,False,False,False
2014714,True,True,True,True,True,True,True,True,True,True,True,True,True,True
2014717,False,False,False,False,False,False,False,False,False,False,False,True,True,False
2014722,False,False,False,False,True,True,False,False,True,False,False,False,False,False
2014724,False,False,False,False,True,True,False,False,True,False,False,False,False,False
2014727,False,False,False,False,True,True,False,False,True,False,False,False,False,False
2014729,False,False,False,False,True,True,False,False,True,False,False,False,False,False
2014732,False,False,False,False,True,True,False,False,True,False,False,False,False,False
2014738,False,False,False,False,True,True,False,False,True,False,False,False,False,False
2014739,True,True,True,True,True,True,True,True,True,True,True,True,True,True
2014749,False,False,False,False,True,True,False,False,True,False,False,False,False,False
2014750,False,False,False,False,True,True,False,False,True,False,False,False,False,False
2014755,False,False,False,False,True,True,False,False,True,False,False,True,True,False
2014756,True,True,True,True,True,True,True,True,True,False,True,False,False,False
2014757,False,False,False,False,True,True,False,False,True,False,False,False,False,False
2014764,False,False,False,False,True,True,False,False,True,False,False,False,False,False
2014776,True,True,True,True,True,True,True,True,True,True,True,True,True,True
2014777,False,False,False,False,True,True,False,False,True,False,False,False,False,False
2014780,False,False,False,False,True,True,False,False,True,False,False,True,True,False
2014782,False,False,False,False,True,True,False,False,True,False,False,True,True,False
2014788,True,True,True,True,True,True,True,True,True,True,True,True,True,True
2014831,False,False,False,False,True,True,False,False,True,False,False,False,False,False
2014833,False,False,False,False,True,True,False,False,True,False,False,False,False,False
2014859,False,False,False,False,True,True,False,False,True,False,False,False,False,False
2014876,False,False,False,False,True,True,False,False,True,False,False,True,True,False
2014877,True,True,True,True,True,True,True,True,True,True,True,True,True,True
2014884,False,False,False,False,True,True,False,False,True,False,False,True,True,False
2014900,False,False,False,False,True,True,False,False,True,False,False,False,False,False
2014904,False,False,False,False,True,True,False,False,True,False,False,True,True,False
2014905,False,False,False,False,False,False,False,False,False,False,False,True,True,False
2014911,False,False,False,False,True,True,False,False,True,False,False,False,False,False
2014916,False,False,False,False,True,True,False,False,True,False,False,True,True,False
2014919,False,False,False,False,True,True,False,False,True,False,False,True,True,False
2014923,False,False,False,False,True,True,False,False,True,False,False,False,False,False
2014925,True,True,True,True,True,True,True,True,True,True,True,True,True,True
2014928,True,True,True,True,True,True,True,True,True,True,True,True,True,True
2014933,False,False,False,False,True,True,False,False,True,False,False,True,True,False
2014942,True,True,True,True,True,True,True,True,True,True,True,True,True,True
2014952,False,False,False,False,False,False,False,False,False,False,False,True,False,False
2014958,True,True,True,True,True,True,True,True,True,True,True,True,True,True
2014971,True,True,True,True,True,True,True,True,True,True,True,True,True,True
2014988,False,False,False,False,True,True,False,False,True,False,False,True,True,False
2014995,False,False,False,False,True,True,False,False,True,False,False,False,False,False
2015006,False,False,False,False,True,True,False,False,True,False,False,False,False,False
2015012,False,False,False,False,True,True,False,False,True,False,False,False,False,False
2015014,False,False,False,False,True,True,False,False,True,False,False,True,True,False
2015020,True,True,True,True,False,False,True,True,False,True,True,True,True,False
2015029,False,False,False,False,False,False,False,False,False,False,False,True,True,False
2015040,True,True,True,True,True,True,True,True,True,True,True,True,True,True
2015041,True,True,True,True,True,True,True,True,True,True,True,True,True,True
2015042,True,True,True,True,True,True,True,True,True,True,True,False,False,False
2015044,True,True,True,True,True,True,True,True,True,True,True,True,True,True
2015046,False,False,False,False,True,True,False,False,True,False,False,False,False,False
2015048,False,False,False,False,True,True,False,False,True,False,False,False,False,False
2015050,False,False,False,False,True,True,False,False,True,False,False,False,False,False
2015051,False,False,False,False,True,True,False,False,True,False,False,False,False,False
2015057,False,False,False,False,True,True,False,False,True,False,False,False,False,False
2015058,True,True,True,True,False,False,True,True,False,True,True,True,True,False
2015071,False,False,False,False,False,False,False,False,False,False,False,True,True,False
2015096,False,False,False,False,True,True,False,False,True,False,False,False,False,False
2015111,False,False,False,False,True,True,False,False,True,False,False,False,False,False
2015122,False,False,False,False,True,True,False,False,True,False,False,False,False,False
2015134,False,False,False,False,True,True,False,False,True,False,False,True,True,False
2015161,False,False,False,False,False,False,False,False,False,False,False,True,True,False
2015188,True,True,True,True,True,True,True,True,True,True,True,True,True,True
2015198,False,False,False,False,True,True,False,False,True,False,False,False,False,False
2015203,False,False,False,False,False,False,False,False,False,False,False,True,True,False
2015239,False,False,False,False,True,True,False,False,True,False,False,False,False,False
2015252,False,False,False,False,True,True,False,False,True,False,False,False,False,False
2015268,False,False,False,False,False,False,False,False,False,False,False,False,False,False
2015281,False,False,False,False,True,True,False,False,True,False,False,False,False,False
2015291,True,True,True,True,True,True,True,True,True,True,True,True,True,True
2015308,False,False,False,False,True,True,False,False,True,False,False,True,True,False
2015323,False,False,False,False,True,True,False,False,True,False,False,False,False,False
2015328,False,False,False,False,True,True,False,False,True,False,False,True,True,False
2015340,True,True,True,True,True,True,True,True,True,True,True,True,True,True
2015341,False,False,False,False,True,True,False,False,True,False,False,True,True,False
2015374,True,True,True,True,True,True,True,True,True,True,True,True,False,False
2015378,True,True,True,True,True,True,True,True,True,True,True,True,True,True
2015382,True,True,True,True,True,True,True,True,True,True,True,False,False,False
2015405,False,False,False,False,False,False,False,False,False,False,False,True,True,False
2015408,False,False,False,False,True,True,False,False,True,False,False,False,False,False
2015409,False,False,False,False,True,True,False,False,True,False,False,False,False,False
2015410,False,False,False,False,True,True,False,False,True,False,False,True,True,False
2015421,True,True,True,True,True,True,True,True,True,True,True,True,True,True
2015428,True,True,True,True,True,True,True,True,True,True,True,False,False,False
2015442,True,True,True,True,True,True,True,True,True,True,True,True,True,True
2015450,True,True,True,True,True,True,True,True,True,True,True,True,True,True
2015452,True,True,True,False,False,False,True,True,False,True,True,True,True,False
2015467,True,True,True,True,True,True,True,True,True,True,True,True,True,True
2015473,False,False,False,False,True,True,True,True,True,False,False,False,False,False
2015498,False,False,False,False,True,True,False,False,True,False,False,True,True,False
2015528,True,True,True,True,True,True,True,True,True,True,True,True,True,True
2015539,False,False,False,False,False,False,False,False,False,False,False,True,True,False
2015540,True,True,True,True,True,True,True,True,True,False,False,False,False,False
2015560,True,True,True,True,False,False,True,True,False,True,True,False,False,False
2015561,True,True,True,True,True,True,True,True,True,True,True,True,True,True
2015562,False,False,False,False,True,True,False,False,True,False,False,True,True,False
2015569,True,True,True,True,False,False,True,True,False,True,True,False,False,False
2015570,False,False,False,False,True,True,False,False,True,False,False,True,True,False
2015577,False,False,False,False,True,True,False,False,True,False,False,False,False,False
2015588,False,False,False,False,True,True,False,False,True,False,False,False,False,False
2015589,True,True,True,True,False,False,True,True,False,True,True,False,False,False
2015595,False,False,False,False,True,True,False,False,True,False,False,True,True,False
2015601,False,False,False,False,False,False,False,False,False,False,False,True,True,False
2015611,False,False,False,False,True,True,False,False,True,False,False,True,True,False
2015612,False,False,False,False,True,True,False,False,True,False,False,False,False,False
2015614,False,False,False,False,True,True,False,False,True,False,False,False,False,False
2015617,False,False,False,False,True,True,False,False,True,False,False,True,True,False
2015643,True,True,True,True,False,False,True,True,False,True,True,True,True,False
2015645,False,False,False,False,False,False,False,False,False,False,False,True,True,False
2015690,False,False,False,False,True,True,False,False,True,False,False,True,True,False
2015720,False,False,False,False,True,True,False,False,True,False,False,True,True,False
2015732,False,False,False,False,True,True,False,False,True,False,False,False,False,False
2015765,False,False,False,False,True,True,False,False,True,False,False,False,False,False
2015766,False,False,False,False,True,True,False,False,True,False,False,False,False,False
2015767,False,False,False,False,True,True,False,False,True,False,False,False,False,False
2015770,False,False,False,False,True,True,False,False,True,False,False,False,False,False
2015774,False,False,False,False,True,True,False,False,True,False,False,False,False,False
2015776,False,False,False,False,True,True,False,False,True,False,False,False,False,False
2015780,False,False,False,False,True,True,False,False,True,False,False,False,False,False
2015784,False,False,False,False,True,True,False,False,True,False,False,True,True,False
2015786,False,False,False,False,True,True,False,False,True,False,False,True,True,False
2015787,False,False,False,False,True,True,False,False,True,False,False,False,False,False
2015791,False,False,False,False,True,True,False,False,True,False,False,False,False,False
2015797,False,False,False,False,True,True,False,False,True,False,False,False,False,False
2015803,False,False,False,False,True,True,False,False,True,False,False,True,True,False
2015812,True,True,True,True,True,True,True,True,True,True,True,True,True,True
2015819,False,False,False,False,True,True,False,False,True,False,False,False,False,False
2015820,True,True,True,True,True,True,True,True,True,True,True,True,True,True
2015828,False,False,False,False,True,True,False,False,True,False,False,False,False,False
2015829,False,False,False,False,True,True,False,False,True,False,False,False,False,False
2015833,False,False,False,False,True,True,False,False,True,False,False,False,False,False
2015837,True,True,True,True,True,True,True,True,True,True,True,True,True,True
2015839,True,True,True,True,True,True,True,True,True,False,False,True,True,False
2015843,False,False,False,False,True,True,False,False,True,False,False,False,False,False
2015846,False,False,False,False,True,True,False,False,True,False,False,True,True,False
2015848,False,False,False,False,True,True,False,False,True,False,False,True,True,False
2015853,False,False,False,False,True,True,False,False,True,False,False,False,False,False
2015864,True,True,True,True,True,True,True,True,True,True,True,False,False,False
2015867,False,False,False,False,True,True,False,False,True,False,False,False,False,False
2015870,False,False,False,False,True,True,False,False,True,False,False,False,False,False
2015871,False,False,False,False,True,True,False,False,True,False,False,False,False,False
2015873,False,False,False,False,True,True,False,False,True,False,False,False,False,False
2015875,True,True,True,True,True,True,True,True,True,True,True,True,True,True
2015882,False,False,False,False,True,True,False,False,True,False,False,True,True,False
2015892,False,False,False,False,True,True,False,False,True,False,False,False,False,False
2015893,False,False,False,False,True,True,False,False,True,False,False,False,False,False
2015895,False,False,False,False,True,True,False,False,True,False,False,False,False,False
2015896,True,True,True,True,True,True,True,True,True,True,True,False,False,False
2015897,False,False,False,False,True,True,False,False,True,False,False,False,False,False
2015900,False,False,False,False,True,True,False,False,True,False,False,True,True,False
2015909,False,False,False,False,True,True,False,False,True,False,False,False,False,False
2015916,False,False,False,False,True,True,False,False,True,False,False,True,True,False
2015922,False,False,False,False,True,True,False,False,True,False,False,False,False,False
2015923,False,False,False,False,True,True,False,False,True,False,False,True,True,False
2015924,False,False,False,False,True,True,False,False,True,False,False,True,True,False
2015926,False,False,False,False,True,True,False,False,True,False,False,False,False,False
2015936,False,False,False,False,True,True,False,False,True,False,False,False,False,False
2015937,False,False,False,False,True,True,False,False,True,False,False,True,True,False
2015953,False,False,False,False,True,True,False,False,True,False,False,False,False,False
2015958,False,False,False,False,True,True,False,False,True,False,False,False,False,False
2015959,True,True,True,True,True,True,True,True,True,True,True,False,False,False
2015962,False,False,False,False,True,True,False,False,True,False,False,False,False,False
2015964,False,False,False,False,True,True,False,False,True,False,False,True,True,False
2015977,False,False,False,False,True,True,False,False,True,False,False,False,False,False
2015984,False,False,False,False,True,True,False,False,True,False,False,False,False,False
2015985,False,False,False,False,True,True,False,False,True,False,False,False,False,False
2015993,False,False,False,False,True,True,False,False,True,False,False,False,False,False
2015994,False,False,False,False,True,True,False,False,True,False,False,False,False,False
2015997,False,False,False,False,True,True,False,False,True,False,False,False,False,False
2015999,False,False,False,False,True,True,False,False,True,False,False,False,False,False
2016000,False,False,False,False,True,True,False,False,True,False,False,True,True,False
2016002,True,True,True,True,True,True,True,True,True,True,True,False,False,False
2016016,False,False,False,False,True,True,False,False,True,False,False,False,False,False
2016019,True,True,True,True,True,True,True,True,True,True,True,False,False,False
2016024,False,False,False,False,False,False,False,False,False,False,False,False,False,False
2016035,False,False,False,False,True,True,False,False,True,False,False,False,False,False
2016036,False,False,False,False,True,True,False,False,True,False,False,False,False,False
2016040,True,True,True,True,True,True,True,True,True,True,True,False,False,False
2016047,False,False,False,False,True,True,False,False,True,False,False,False,False,False
2016050,False,False,False,False,True,True,False,False,True,False,False,False,False,False
2016056,False,False,False,False,True,True,False,False,True,False,False,False,False,False
2016057,False,False,False,False,True,True,False,False,True,False,False,False,False,False
2016062,False,False,False,False,True,True,False,False,True,False,False,False,False,False
2016068,False,False,False,False,True,True,False,False,True,False,False,False,False,False
2016069,False,False,False,False,True,True,False,False,True,False,False,False,False,False
2016070,False,False,False,False,True,True,False,False,True,False,False,False,False,False
2016071,False,False,False,False,True,True,False,False,True,False,False,True,True,False
2016073,False,False,False,False,True,True,False,False,True,False,False,True,True,False
2016082,False,False,False,False,True,True,False,False,True,False,False,False,False,False
2016090,False,False,False,False,True,True,False,False,True,False,False,False,False,False
2016093,True,True,True,True,True,True,True,True,True,True,True,True,True,True
2016096,False,False,False,False,True,True,False,False,True,False,False,False,False,False
2016106,True,True,True,True,True,True,True,True,True,True,True,True,True,True
2016112,False,False,False,False,True,True,False,False,True,False,False,False,False,False
2016113,False,False,False,False,True,True,False,False,True,False,False,True,True,False
2016116,False,False,False,False,True,True,False,False,True,False,False,False,False,False
2016124,False,False,False,False,True,True,False,False,True,False,False,False,False,False
2016125,False,False,False,False,True,True,False,False,True,False,False,False,False,False
2016126,False,False,False,False,True,True,False,False,True,False,False,True,True,False
2016131,False,False,False,False,True,True,False,False,True,False,False,False,False,False
2016132,False,False,False,False,True,True,False,False,True,False,False,False,False,False
2016136,False,False,False,False,True,True,False,False,True,False,False,True,True,False
2016138,False,False,False,False,True,True,False,False,True,False,False,True,True,False
2016142,False,False,False,False,True,True,False,False,True,False,False,False,False,False
2016146,True,True,True,True,True,True,True,True,True,True,True,True,True,True
2016148,False,False,False,False,True,True,False,False,True,False,False,False,False,False
2016149,False,False,False,False,True,True,False,False,True,False,False,False,False,False
2016150,False,False,False,False,True,True,False,False,True,False,False,False,False,False
2016151,False,False,False,False,True,True,False,False,True,False,False,False,False,False
2016157,False,False,False,False,True,True,False,False,True,False,False,False,False,False
2016161,False,False,False,False,True,True,False,False,True,False,False,False,False,False
2016162,False,False,False,False,True,True,False,False,True,False,False,False,False,False
2016165,False,False,False,False,True,True,False,False,True,False,False,False,False,False
2016171,False,False,False,False,True,True,False,False,True,False,False,False,False,False
2016172,True,True,True,True,True,True,True,True,True,True,True,False,False,False
2016192,False,False,False,False,False,False,False,False,False,False,False,False,False,False
2016198,False,False,False,False,True,True,False,False,True,False,False,False,False,False
2016201,True,True,True,True,True,True,True,True,True,True,True,True,True,True
2016211,False,False,False,False,True,True,False,False,True,False,False,True,True,False
2016222,False,False,False,False,True,True,False,False,True,False,False,True,True,False
2016226,True,True,True,True,False,False,True,True,False,True,True,True,True,False
2016240,False,False,False,False,True,True,False,False,True,False,False,True,True,False
2016245,False,False,False,False,True,True,False,False,True,False,False,False,False,False
2016246,False,False,False,False,True,True,False,False,True,False,False,False,False,False
2016251,False,False,False,False,True,True,False,False,True,False,False,False,False,False
2016257,False,False,False,False,True,True,False,False,True,False,False,False,False,False
2016261,False,False,False,False,True,True,False,False,True,False,False,False,False,False
2016280,True,True,True,True,True,True,True,True,True,True,True,True,True,True
2016281,False,False,False,False,True,True,False,False,True,False,False,False,False,False
2016282,False,False,False,False,True,True,False,False,True,False,False,True,True,False
2016293,False,False,False,False,True,True,False,False,True,False,False,False,False,False
2016305,False,False,False,False,True,True,False,False,True,False,False,False,False,False
2016306,False,False,False,False,True,True,False,False,True,False,False,False,False,False
2016309,False,False,False,False,True,True,False,False,True,False,False,False,False,False
2016311,False,False,False,False,True,True,False,False,True,False,False,False,False,False
2016314,False,False,False,False,True,True,False,False,True,False,False,False,False,False
2016316,False,False,False,False,True,True,False,False,True,False,False,False,False,False
2016317,False,False,False,False,True,True,False,False,True,False,False,True,True,False
2016318,False,False,False,False,True,True,False,False,True,False,False,True,True,False
2016323,False,False,False,False,True,True,False,False,True,False,False,False,False,False
2016326,False,False,False,False,True,True,False,False,True,False,False,False,False,False
2016328,False,False,False,False,True,True,False,False,True,False,False,False,False,False
2016330,True,True,True,True,True,True,True,True,True,True,True,True,True,True
2016331,False,False,False,False,True,True,False,False,True,False,False,False,False,False
2016334,True,True,True,True,True,True,True,True,True,True,True,True,True,True
2016336,False,False,False,False,True,True,False,False,True,False,False,False,False,False
2016337,False,False,False,False,True,True,False,False,True,False,False,True,True,False
2016346,False,False,False,False,True,True,False,False,True,False,False,False,False,False
2016348,False,False,False,False,True,True,False,False,True,False,False,False,False,False
2016355,False,False,False,False,True,True,False,False,True,False,False,True,True,False
2016357,False,False,False,False,False,False,False,False,False,False,False,True,True,False
2016360,False,False,False,False,True,True,False,False,True,False,False,False,False,False
2016362,False,False,False,False,True,True,False,False,True,False,False,False,False,False
2016364,False,False,False,False,True,True,False,False,True,False,False,False,False,False
2016365,True,True,True,True,True,True,True,True,True,True,True,False,False,False
2016369,False,False,False,False,True,True,False,False,True,False,False,False,False,False
2016370,True,True,True,True,True,True,True,True,True,True,True,False,False,False
2016372,True,True,True,True,True,True,True,True,True,True,True,True,True,True
2016379,False,False,False,False,True,True,False,False,True,False,False,True,True,False
2016392,True,True,True,True,True,True,True,True,True,True,True,True,True,True
2016395,True,True,True,True,True,True,True,True,True,True,True,True,True,True
2016402,True,True,True,True,True,True,True,True,True,True,True,False,False,False
2016410,False,False,False,False,True,True,False,False,True,False,False,False,False,False
2016460,False,False,False,False,True,True,False,False,True,False,False,False,False,False
2016463,True,True,True,True,False,False,True,True,False,True,True,False,False,False
2016502,True,True,True,True,True,True,True,True,True,True,True,False,False,False
2016512,False,False,False,False,True,True,False,False,True,False,False,False,False,False
2016513,True,True,True,True,False,False,True,True,False,True,True,False,False,False
2016535,True,True,True,True,True,True,True,True,True,True,True,True,True,True
2016537,False,False,False,False,True,True,False,False,True,False,False,True,True,False
2016547,True,True,True,True,True,True,True,True,True,True,True,True,True,True
2016556,False,False,False,False,True,True,False,False,True,False,False,True,True,False
2016568,True,True,True,True,True,True,True,True,True,True,True,True,True,True
2016575,True,True,True,True,True,True,True,True,True,True,True,True,True,True
2016582,False,False,False,False,True,True,False,False,True,False,False,False,False,False
2016584,False,False,False,False,True,True,False,False,True,False,False,False,False,False
2016590,True,True,True,True,True,True,True,True,True,True,True,True,True,True
2016593,False,False,False,False,True,True,False,False,True,False,False,True,True,False
2016596,False,False,False,False,True,True,False,False,True,False,False,False,False,False
2016600,True,True,True,True,True,True,True,True,True,True,True,True,True,True
2016605,False,False,False,False,True,True,False,False,True,False,False,True,True,False
2016615,True,True,True,True,True,True,True,True,True,True,True,True,True,True
2016662,False,False,True,True,True,True,True,True,True,False,False,True,True,False
2016665,False,False,False,False,True,True,False,False,True,False,False,False,False,False
2016778,False,False,False,False,True,True,False,False,True,False,False,True,True,False
2016787,True,True,True,True,True,True,True,True,True,True,True,True,True,True
2016794,False,False,True,False,True,True,True,True,True,False,False,True,True,False
2016796,True,True,True,True,True,True,True,True,True,False,False,True,True,False
2016805,False,False,True,False,True,True,True,True,True,False,False,True,True,False
2016813,False,False,False,False,True,True,False,False,True,False,False,False,False,False
2016816,False,False,False,False,True,True,False,False,True,False,False,True,True,False
2016817,False,False,False,False,False,False,False,False,False,False,False,True,True,False
2016824,False,False,False,False,True,True,False,False,True,False,False,False,False,False
2016826,False,False,False,False,False,False,False,False,False,False,False,False,False,False
2016830,False,False,False,False,False,False,False,False,False,False,False,True,True,False
2016832,True,True,True,True,True,True,True,True,True,True,True,True,True,True
2016833,True,True,True,True,True,True,True,True,True,True,True,True,True,True
2016835,False,False,False,False,True,True,False,False,True,False,False,False,False,False
2016841,False,False,False,False,True,True,False,False,True,False,False,False,False,False
2016848,True,True,True,True,True,True,True,True,True,True,True,True,True,True
2016860,False,False,False,False,False,False,False,False,False,False,False,True,True,False
2016870,True,True,True,True,True,True,True,True,True,True,True,True,True,True
2016875,True,True,True,True,True,True,True,True,True,False,False,False,False,False
2016876,False,False,False,False,True,True,False,False,True,False,False,False,False,False
2016878,False,False,False,False,True,True,False,False,True,False,False,False,False,False
2016880,False,False,False,False,True,True,False,False,True,False,False,False,False,False
2016881,False,False,False,False,True,True,False,False,True,False,False,False,False,False
2016892,False,False,False,False,True,True,False,False,True,False,False,False,False,False
2016894,False,False,False,False,True,True,False,False,True,False,False,False,False,False
2016898,False,False,False,False,True,True,False,False,True,False,False,False,False,False
2016900,False,False,False,False,True,True,False,False,True,False,False,False,False,False
2016901,False,False,False,False,True,True,False,False,True,False,False,False,False,False
2016902,False,False,False,False,True,True,False,False,True,False,False,False,False,False
2016903,False,False,False,False,True,True,False,False,True,False,False,True,True,False
2016907,False,False,False,False,True,True,False,False,True,False,False,False,False,False
2016908,False,False,False,False,True,True,True,True,True,False,False,False,False,False
2016932,True,True,True,True,True,True,True,True,True,True,True,True,True,True
2016945,False,False,False,False,False,False,False,False,False,False,False,True,True,False
2017001,False,False,False,False,False,False,False,False,False,False,False,True,True,False
2017027,False,False,False,False,False,False,False,False,False,False,False,True,False,False
2017028,True,True,True,True,True,True,True,True,True,True,True,True,True,True
2017036,False,False,False,False,True,True,False,False,True,False,False,True,True,False
2017038,True,True,True,True,True,True,True,True,True,True,True,True,True,True
2017072,True,True,True,True,True,True,True,True,True,False,False,True,True,False
2017144,False,False,False,False,True,True,False,False,True,False,False,True,True,False
2017175,True,True,True,True,False,False,True,True,False,True,True,False,False,False
2017185,True,True,True,True,False,False,True,True,False,True,True,False,False,False
2017231,False,False,False,False,False,False,False,False,False,False,False,True,True,False
2017239,False,False,False,False,False,False,False,False,False,False,False,False,True,False
2017248,True,True,False,False,False,False,True,True,False,True,True,True,True,False
2017256,False,False,False,False,True,True,False,False,True,False,False,True,True,False
2017258,False,False,False,False,True,True,False,False,True,False,False,False,False,False
2017262,False,False,False,False,True,True,False,False,True,False,False,True,True,False
2017274,False,False,False,False,True,True,False,False,True,False,False,False,False,False
2017279,False,False,False,False,True,True,False,False,True,False,False,False,False,False
2017280,False,False,False,False,True,True,False,False,True,False,False,True,True,False
2017283,False,False,False,False,True,True,False,False,True,False,False,False,False,False
2017284,False,False,False,False,True,True,False,False,True,False,False,True,True,False
2017294,False,False,False,False,True,True,False,False,True,False,False,False,False,False
2017310,False,False,False,False,True,True,False,False,True,False,False,False,False,False
2017312,False,False,False,False,True,True,False,False,True,False,False,True,True,False
2017313,False,False,False,False,True,True,False,False,True,False,False,False,False,False
2017314,False,False,False,False,True,True,False,False,True,False,False,False,False,False
2017375,True,True,True,False,True,True,True,True,True,True,True,False,False,False
2017377,False,False,False,False,True,True,False,False,True,False,False,False,False,False
2017378,False,False,False,False,True,True,False,False,True,False,False,False,False,False
2017410,False,False,False,False,True,True,False,False,True,False,False,True,True,False
2017440,False,False,False,False,True,True,False,False,True,False,False,True,True,False
2017470,False,False,True,True,True,True,True,True,True,False,False,True,True,False
2017480,False,True,True,True,True,True,True,True,True,False,False,True,True,False
2017487,False,False,False,False,True,True,False,False,True,False,False,True,True,False
2017494,False,False,False,False,True,True,False,False,True,False,False,True,True,False
2017496,True,True,True,False,False,False,True,True,False,True,True,False,False,False
2017497,True,True,True,True,True,True,True,True,True,True,True,True,True,True
2017500,False,False,False,False,True,True,False,False,True,False,False,True,True,False
2017508,False,False,False,False,True,True,False,False,True,False,False,False,False,False
2017528,True,True,True,True,True,True,True,True,True,True,True,False,False,False
2017532,False,False,False,False,False,False,False,False,False,False,False,False,False,False
2017535,False,False,False,False,False,False,False,False,False,False,False,True,True,False
2017548,True,True,True,True,True,True,True,True,True,True,True,True,True,True
2017559,False,False,False,False,True,True,False,False,True,False,False,False,False,False
2017561,True,True,True,True,True,True,True,True,True,True,True,True,True,True
2017562,False,False,False,False,True,True,False,False,True,False,False,False,False,False
2017563,False,False,False,False,True,True,False,False,True,False,False,False,False,False
2017570,False,False,False,False,True,True,False,False,True,False,False,True,True,False
2017573,False,False,False,False,True,True,False,False,True,False,False,False,False,False
2017577,False,False,False,False,True,True,False,False,True,False,False,False,False,False
2017583,False,False,False,False,True,True,False,False,True,False,False,False,False,False
2017589,False,False,False,False,True,True,False,False,True,False,False,True,True,False
2017594,False,False,False,False,True,True,False,False,True,False,False,True,True,False
2017608,False,False,False,False,True,True,False,False,True,False,False,False,False,False
2017609,False,False,False,False,True,True,False,False,True,False,False,True,True,False
2017610,False,False,False,False,True,True,False,False,True,False,False,True,True,False
2017613,False,False,False,False,True,True,False,False,True,False,False,False,False,False
2017621,True,True,True,True,True,True,True,True,True,True,True,False,False,False
2017632,False,False,False,False,True,True,False,False,True,False,False,False,False,False
2017635,False,False,False,False,True,True,False,False,True,False,False,False,False,False
2017640,False,False,False,False,True,True,False,False,True,False,False,False,False,False
2017642,True,True,True,True,True,True,True,True,True,True,True,False,False,False
2017643,False,False,False,False,True,True,False,False,True,False,False,True,True,False
2017646,False,False,False,False,True,True,False,False,True,False,False,False,False,False
2017661,False,False,False,False,True,True,False,False,True,False,False,False,False,False
2017665,False,False,False,False,True,True,False,False,True,False,False,False,False,False
2017675,False,False,False,False,True,True,False,False,True,False,False,True,True,False
2017685,False,False,False,False,True,True,False,False,True,False,False,True,True,False
2017689,False,False,False,False,True,True,False,False,True,False,False,False,False,False
2017693,False,False,False,False,True,True,False,False,True,False,False,False,False,False
2017695,False,False,False,False,True,True,False,False,True,False,False,False,False,False
2017697,False,False,False,False,True,True,False,False,True,False,False,False,False,False
2017701,False,False,False,False,True,True,False,False,True,False,False,True,True,False
2017714,False,False,False,False,True,True,False,False,True,False,False,False,False,False
2017717,False,False,False,False,True,True,False,False,True,False,False,False,False,False
2017718,False,False,False,False,True,True,False,False,True,False,False,False,False,False
2017721,False,False,False,False,True,True,False,False,True,False,False,True,True,False
2017723,False,False,False,False,False,False,False,False,False,False,False,True,True,False
2017728,True,True,True,True,True,True,True,True,True,True,True,True,True,True
2017732,False,False,False,False,True,True,False,False,True,False,False,False,False,False
2017734,True,True,True,True,True,True,True,True,True,True,True,True,True,True
2017739,False,False,False,False,True,True,False,False,True,False,False,False,False,False
2017742,False,False,False,False,True,True,False,False,True,False,False,False,False,False
2017744,False,False,False,False,True,True,False,False,True,False,False,False,False,False
2017745,False,False,False,False,True,True,False,False,True,False,False,False,False,False
2017746,False,False,False,False,True,True,False,False,True,False,False,False,False,False
2017748,False,False,False,False,False,False,False,False,False,False,False,False,False,False
2017750,False,False,False,False,True,True,False,False,True,False,False,False,False,False
2017754,False,False,False,False,True,True,False,False,True,False,False,False,False,False
2017755,False,False,False,False,True,True,False,False,True,False,False,False,False,False
2017756,False,False,False,False,True,True,False,False,True,False,False,False,False,False
2017757,False,False,False,False,True,True,False,False,True,False,False,False,False,False
2017758,False,False,False,False,True,True,False,False,True,False,False,False,False,False
2017760,False,False,False,False,True,True,False,False,True,False,False,False,False,False
2017762,True,True,True,True,True,True,True,True,True,True,True,False,False,False
2017764,False,False,False,False,True,True,False,False,True,False,False,False,False,False
2017765,False,False,False,False,True,True,False,False,True,False,False,False,False,False
2017767,False,False,False,False,True,True,False,False,True,False,False,False,False,False
2017768,False,False,False,False,True,True,False,False,True,False,False,False,False,False
2017770,False,False,False,False,True,True,False,False,True,False,False,True,True,False
2017771,False,False,False,False,True,True,False,False,True,False,False,False,False,False
2017775,False,False,False,False,True,True,False,False,True,False,False,False,False,False
2017784,False,False,False,False,True,True,False,False,True,False,False,False,False,False
2017789,True,True,True,True,True,True,True,True,True,True,True,True,True,True
2017791,False,False,False,False,True,True,False,False,True,False,False,False,False,False
2017795,True,True,True,True,True,True,True,True,True,True,True,True,True,True
2017800,False,False,False,False,True,True,False,False,True,False,False,True,True,False
2017803,False,False,False,False,True,True,False,False,True,False,False,True,True,False
2017809,False,False,False,False,True,True,False,False,True,False,False,False,False,False
2017812,False,False,False,False,True,True,False,False,True,False,False,False,False,False
2017815,False,False,False,False,True,True,False,False,True,False,False,False,False,False
2017817,True,True,True,True,True,True,True,True,True,True,True,False,False,False
2017847,False,False,True,True,True,True,True,True,True,False,False,True,True,False
2017849,False,False,True,True,True,True,True,True,True,False,False,True,True,False
2017850,True,True,True,True,True,True,True,True,True,True,True,True,True,True
2017859,False,False,False,False,True,True,False,False,True,False,False,True,True,False
2017860,False,False,False,False,True,True,False,False,True,False,False,False,False,False
2017864,True,True,True,True,True,True,True,True,True,True,True,True,True,True
2017883,False,False,True,True,True,True,True,True,True,False,False,True,True,False
2017889,False,False,False,False,True,True,False,False,True,False,False,False,False,False
2017892,True,True,True,True,True,True,True,True,True,True,True,False,False,False
2017894,False,False,False,False,True,True,False,False,True,False,False,False,False,False
2017903,False,False,True,True,True,True,True,True,True,False,False,True,True,False
2017912,False,False,False,False,True,True,False,False,True,False,False,False,False,False
2017913,False,False,False,False,True,True,False,False,True,False,False,False,False,False
2017926,False,False,False,False,True,True,False,False,True,False,False,True,True,False
2017931,False,False,False,False,True,True,False,False,True,False,False,True,True,False
2017939,False,False,False,False,True,True,False,False,True,False,False,False,False,False
2017941,False,False,False,False,True,True,False,False,True,False,False,False,False,False
2017944,False,False,False,False,True,True,False,False,True,False,False,False,False,False
2017946,False,False,False,False,True,True,False,False,True,False,False,True,True,False
2017948,True,True,True,True,True,True,True,True,True,True,True,True,True,True
2017949,False,False,False,False,True,True,False,False,True,False,False,False,False,False
2017957,False,False,False,False,True,True,False,False,True,False,False,False,False,False
2017965,True,True,True,True,True,True,True,True,True,True,True,True,True,True
2017966,True,True,True,True,True,True,True,True,True,True,True,False,False,False
2017967,False,False,False,False,True,True,False,False,True,False,False,False,False,False
2017968,False,False,False,False,True,True,False,False,True,False,False,True,True,False
2017975,False,False,False,False,True,True,False,False,True,False,False,True,True,False
2017980,False,False,False,False,True,True,False,False,True,False,False,False,False,False
2017987,False,False,False,False,True,True,False,False,True,False,False,False,False,False
2017998,True,True,True,True,True,True,True,True,True,True,True,False,False,False
2018003,False,False,False,False,True,True,False,False,True,False,False,True,True,False
2018009,True,True,True,True,True,True,True,True,True,True,True,False,False,False
2018012,False,False,False,False,True,True,False,False,True,False,False,True,True,False
2018013,False,False,False,False,True,True,False,False,True,False,False,False,False,False
2018020,False,False,False,False,True,True,False,False,True,False,False,True,True,False
2018035,True,True,True,True,True,True,True,True,True,True,True,True,True,True
2018039,False,False,False,False,True,True,False,False,True,False,False,True,True,False
2018050,False,False,False,False,True,True,False,False,True,False,False,False,False,False
2018079,False,False,False,False,True,True,False,False,True,False,False,False,False,False
2018082,False,False,False,False,True,True,False,False,True,False,False,False,False,False
2018083,False,False,False,False,True,True,False,False,True,False,False,True,True,False
2018090,False,False,False,False,True,True,False,False,True,False,False,False,False,False
2018093,True,True,True,True,True,True,True,True,True,True,True,True,True,True
2018094,False,False,False,False,True,True,False,False,True,False,False,False,False,False
2018098,False,False,False,False,True,False,False,False,True,False,False,False,False,False
2018102,True,True,True,True,True,True,True,True,True,True,True,True,True,True
2018105,False,False,False,False,True,True,False,False,True,False,False,False,False,False
2018118,False,False,False,False,True,True,False,False,True,False,False,False,False,False
2018136,False,False,False,False,True,True,False,False,True,False,False,True,False,False
2018167,False,False,False,False,True,True,False,False,True,False,False,False,False,False
2018170,False,False,False,False,True,True,False,False,True,False,False,False,False,False
2018173,False,False,False,False,True,True,False,False,True,False,False,False,False,False
2018174,False,False,False,False,True,True,False,False,True,False,False,True,True,False
2018175,True,True,True,True,True,True,True,True,True,True,True,True,True,True
2018178,False,False,False,False,True,True,False,False,True,False,False,True,True,False
2018186,False,False,False,False,True,True,False,False,True,False,False,True,True,False
2018196,True,True,True,True,True,True,True,True,True,True,True,True,True,True
2018207,False,False,False,False,True,True,False,False,True,False,False,True,True,False
2018208,True,True,True,True,True,True,True,True,True,True,True,True,True,True
2018211,False,False,False,False,True,True,False,False,True,False,False,False,False,False
2018218,True,True,True,True,True,True,True,True,True,True,True,True,True,True
2018224,False,False,False,False,True,True,False,False,True,False,False,True,True,False
2018226,False,False,False,False,True,True,False,False,True,False,False,False,False,False
2018227,False,False,False,False,True,True,False,False,True,False,False,False,False,False
2018232,True,True,True,True,True,True,True,True,True,True,True,True,True,True
2018235,False,False,True,True,True,True,True,True,True,False,False,True,True,False
2018254,False,False,False,False,True,False,False,False,True,False,False,False,False,False
2018256,False,False,False,False,True,True,True,True,True,False,False,False,False,False
2018257,False,False,False,False,True,True,False,False,True,False,False,False,False,False
2018258,False,False,False,False,True,True,False,False,True,False,False,False,False,False
2018266,False,False,False,False,True,False,False,False,True,False,False,False,False,False
2018267,False,False,False,False,True,True,False,False,True,False,False,False,False,False
2018270,False,False,False,False,True,True,False,False,True,False,False,False,False,False
2018279,False,False,False,False,True,True,False,False,True,False,False,True,True,False
2018280,False,False,True,True,True,True,True,True,True,False,False,True,True,False
2018281,True,True,True,True,True,True,True,True,True,True,True,True,True,True
2018282,False,False,False,False,True,True,False,False,True,False,False,True,True,False
2018283,False,False,False,False,False,False,False,False,False,False,False,True,True,False
2018284,False,False,False,False,False,False,False,False,False,False,False,False,False,False
2018289,False,False,False,False,True,True,False,False,True,False,False,True,True,False
2018296,False,False,False,False,True,True,False,False,True,False,False,False,False,False
2018303,False,False,False,False,True,True,False,False,True,False,False,False,False,False
2018305,False,False,False,False,True,True,False,False,True,False,False,False,False,False
2018311,False,False,False,False,True,True,False,False,True,False,False,False,False,False
2018316,False,False,False,False,True,True,False,False,True,False,False,False,False,False
2018328,False,False,False,False,False,True,False,False,True,False,False,False,False,False
2018334,True,True,True,True,True,True,True,True,True,True,True,True,True,True
2018335,False,False,False,False,True,True,False,False,True,False,False,True,True,False
2018342,False,False,False,False,True,True,False,False,True,False,False,False,False,False
2018343,False,False,False,False,True,True,False,False,True,False,False,False,False,False
2018346,False,False,False,False,True,True,False,False,True,False,False,False,False,False
2018347,False,False,False,False,True,True,False,False,True,False,False,False,False,False
2018349,False,False,False,False,True,True,False,False,True,False,False,True,True,False
2018352,False,False,False,False,True,True,False,False,True,False,False,False,False,False
2018354,True,True,True,True,True,True,True,True,True,True,True,True,True,True
2018357,False,False,False,False,True,True,False,False,True,False,False,False,False,False
2018358,True,True,True,False,True,True,True,True,True,True,True,False,False,False
2018368,True,True,True,True,True,True,True,True,True,True,True,True,True,True
2018369,True,True,True,True,True,True,True,True,True,True,True,True,True,True
2018370,True,True,True,True,True,True,True,True,True,True,True,True,True,True
2018373,False,False,False,False,True,True,False,False,True,False,False,False,False,False
2018375,False,False,False,False,True,True,False,False,True,False,False,True,True,False
2018388,False,False,False,False,True,True,False,False,True,False,False,True,True,False
2018389,False,False,False,False,True,True,False,False,True,False,False,True,True,False
2018392,True,True,True,True,True,True,True,True,True,True,True,True,True,True
2018395,False,False,False,False,False,False,False,False,False,False,False,True,True,False
2018396,False,False,False,False,True,True,False,False,True,False,False,False,False,False
2018397,False,False,False,False,True,True,False,False,True,False,False,True,True,False
2018403,False,False,False,False,True,True,False,False,True,False,False,False,False,False
2018405,False,False,False,False,True,True,False,False,True,False,False,False,False,False
2018411,False,False,False,False,True,True,False,False,True,False,False,False,False,False
2018413,False,False,False,False,True,True,False,False,True,False,False,False,False,False
2018417,False,False,False,False,True,True,False,False,True,False,False,True,True,False
2018445,False,False,True,True,True,True,True,True,True,False,False,False,False,False
2018453,False,False,False,False,True,True,False,False,True,False,False,False,False,False
2018458,False,False,False,False,True,True,False,False,True,False,False,True,True,False
2018460,True,True,False,False,False,False,True,True,False,True,True,True,True,False
2018465,True,True,True,True,True,True,True,True,True,True,True,True,True,True
2018471,False,False,False,False,True,True,False,False,True,False,False,False,False,False
2018515,True,True,True,True,False,False,True,True,False,True,True,True,True,False
2018517,True,True,True,True,True,True,True,True,True,False,False,True,True,False
2018525,False,False,False,False,True,True,False,False,True,False,False,True,True,False
2018534,True,True,True,True,False,False,True,True,False,True,True,False,False,False
2018559,True,True,True,True,True,True,True,True,True,True,True,True,True,True
2018560,True,True,True,True,False,False,True,True,False,True,True,True,True,False
2018580,False,False,False,False,True,True,False,False,True,False,False,False,False,False
2018582,True,True,True,True,True,True,True,True,True,True,True,True,True,True
2018583,False,False,False,False,True,True,False,False,True,False,False,False,False,False
2018605,False,False,False,False,False,False,False,False,False,False,False,True,True,False
2018618,True,True,True,True,True,True,True,True,True,True,True,True,True,True
2018621,True,True,True,True,True,True,True,True,True,True,True,True,True,True
2018627,False,False,False,False,True,True,False,False,True,False,False,False,False,False
2018628,False,False,False,False,True,True,False,False,True,False,False,False,False,False
2018632,False,False,False,False,False,False,False,False,False,False,False,True,False,False
2018648,True,True,True,True,True,True,True,True,True,True,True,True,True,True
2018651,False,False,False,False,True,True,False,False,True,False,False,False,False,False
2018655,False,False,False,False,True,True,False,False,True,False,False,True,True,False
2018659,False,False,False,False,True,True,False,False,True,False,False,False,False,False
2018669,False,False,False,False,False,False,False,False,False,False,False,True,True,False
2018672,True,True,True,True,False,False,True,True,False,True,True,True,True,False
2018677,False,False,False,False,True,False,False,False,True,False,False,False,False,False
2018680,False,False,False,False,True,True,False,False,True,False,False,True,True,False
2018698,False,False,False,False,False,False,True,True,False,False,False,False,False,False
2018700,False,False,False,False,True,True,False,False,True,False,False,True,True,False
2018711,True,True,True,True,True,True,True,True,True,False,False,True,True,False
2018712,False,False,False,False,True,True,False,False,True,False,False,True,True,False
2018713,False,False,False,False,True,True,False,False,True,False,False,True,True,False
2018720,False,False,False,False,True,True,False,False,True,False,False,False,False,False
2018722,False,False,False,False,True,True,False,False,True,False,False,False,False,False
2018731,True,True,False,False,False,False,True,True,False,True,True,True,True,False
2018732,False,False,False,False,True,True,False,False,True,False,False,False,False,False
2018740,False,False,False,False,True,True,False,False,True,False,False,False,False,False
2018743,True,True,True,True,True,True,True,True,True,True,True,True,True,True
2018754,False,False,False,False,True,False,False,False,True,False,False,False,False,False
2018761,False,False,False,False,True,True,False,False,True,False,False,True,True,False
2018762,False,False,False,False,True,True,False,False,True,False,False,False,False,False
2018763,False,False,False,False,True,False,False,False,True,False,False,False,False,False
2018766,False,False,False,False,True,True,False,False,True,False,False,True,True,False
2018769,False,False,False,False,True,True,False,False,True,False,False,False,False,False
2018773,True,True,True,True,True,True,True,True,True,True,True,True,True,True
2018780,True,True,True,True,True,True,True,True,True,True,True,True,True,True
2018781,False,False,False,False,True,True,False,False,True,False,False,False,False,False
2018815,False,False,False,False,True,True,False,False,True,False,False,False,False,False
2018857,True,True,False,False,False,False,True,True,False,False,False,False,False,False
2018858,True,True,False,False,False,False,True,True,False,True,True,False,False,False
2018901,False,False,False,False,True,True,False,False,True,False,False,False,False,False
2018902,True,True,True,True,True,True,True,True,True,True,True,True,True,True
2018908,False,False,False,False,True,True,False,False,True,False,False,False,False,False
2018909,False,False,False,False,True,True,False,False,True,False,False,False,False,False
2018911,False,False,False,False,True,True,False,False,True,False,False,False,False,False
2018917,False,False,False,False,True,True,False,False,True,False,False,True,True,False
2018918,False,False,False,False,True,True,False,False,True,False,False,False,False,False
2018922,False,False,False,False,True,True,False,False,True,False,False,True,True,False
2018926,False,False,False,False,True,True,False,False,True,False,False,True,True,False
2018933,True,True,True,True,True,True,True,True,True,True,True,True,False,False
2018949,False,False,False,False,True,True,False,False,True,False,False,False,False,False
2018950,False,False,False,False,True,True,False,False,True,False,False,False,False,False
2018958,False,False,False,False,True,True,False,False,True,False,False,False,False,False
2018961,False,False,False,False,True,True,False,False,True,False,False,False,False,False
2018981,False,False,False,False,True,True,False,False,True,False,False,True,True,False
2018986,False,False,False,False,True,True,False,False,True,False,False,False,False,False
2018991,False,False,False,False,True,True,False,False,True,False,False,False,False,False
2018993,False,False,False,False,True,True,False,False,True,False,False,True,True,False
2018997,False,False,False,False,True,False,False,False,True,False,False,False,False,False
2018998,False,False,False,False,True,True,False,False,True,False,False,False,False,False
2019000,False,False,False,False,True,True,False,False,True,False,False,False,False,False
2019004,False,False,False,False,True,True,False,False,True,False,False,False,False,False
2019007,False,False,False,False,True,True,False,False,True,False,False,False,False,False
2019009,False,False,False,False,True,True,False,False,True,False,False,False,False,False
2019011,False,False,False,False,True,True,False,False,True,False,False,False,False,False
2019015,False,False,False,False,True,True,False,False,True,False,False,False,False,False
2019023,False,False,False,False,True,True,False,False,True,False,False,False,False,False
2019025,False,False,False,False,True,True,False,False,True,False,False,False,False,False
2019028,False,False,False,False,True,True,False,False,True,False,False,False,False,False
2019030,False,False,False,False,True,True,False,False,True,False,False,False,False,False
2019036,False,False,False,False,True,True,False,False,True,False,False,False,False,False
2019037,False,False,False,False,True,True,False,False,True,False,False,False,False,False
2019040,False,False,False,False,True,True,False,False,True,False,False,False,False,False
2019041,False,False,False,False,True,False,False,False,True,False,False,False,False,False
2019045,False,False,False,False,True,False,False,False,True,False,False,False,False,False
2019049,False,False,False,False,True,True,False,False,True,False,False,False,False,False
2019056,False,False,False,False,True,True,False,False,True,False,False,False,False,False
2019057,False,False,False,False,True,True,False,False,True,False,False,False,False,False
2019060,False,False,False,False,True,False,False,False,True,False,False,False,False,False
2019066,False,False,True,False,True,True,True,True,True,False,False,True,True,False
2019068,True,True,True,True,True,True,True,True,True,False,False,True,True,False
2019069,False,False,False,False,True,True,False,False,True,False,False,False,False,False
2019070,False,False,False,False,True,True,False,False,True,False,False,False,False,False
2019076,False,False,False,False,True,True,False,False,True,False,False,False,False,False
2019079,False,False,False,False,True,True,False,False,True,False,False,True,True,False
2019080,False,False,False,False,True,True,False,False,True,False,False,False,False,False
2019083,False,False,False,False,True,True,False,False,True,False,False,False,False,False
2019084,False,False,False,False,True,True,False,False,True,False,False,False,False,False
2019087,False,False,False,False,True,True,False,False,True,False,False,False,False,False
2019094,False,False,False,False,True,True,False,False,True,False,False,False,False,False
2019103,False,False,False,False,True,True,False,False,True,False,False,False,False,False
2019105,False,False,False,False,True,True,False,False,True,False,False,False,False,False
2019106,False,False,False,False,True,True,False,False,True,False,False,False,False,False
2019108,False,False,True,False,True,True,True,True,True,False,False,False,False,False
2019112,True,True,True,True,True,True,True,True,True,False,False,True,True,False
2019115,False,False,False,False,True,True,False,False,True,False,False,False,False,False
2019116,False,False,False,False,True,True,False,False,True,False,False,False,False,False
2019117,False,False,False,False,True,True,False,False,True,False,False,False,False,False
2019136,False,False,False,False,True,True,False,False,True,False,False,False,False,False
2019140,False,False,False,False,True,True,False,False,True,False,False,False,False,False
2019142,False,False,False,False,True,True,False,False,True,False,False,False,False,False
2019156,False,False,False,False,True,True,False,False,True,False,False,False,False,False
2019157,False,False,False,False,True,True,False,False,True,False,False,False,False,False
2019158,False,False,False,False,True,True,False,False,True,False,False,True,True,False
2019162,False,False,True,True,True,True,True,True,True,False,False,True,True,False
2019166,False,False,False,False,True,True,False,False,True,False,False,False,False,False
2019167,False,False,False,False,True,True,False,False,True,False,False,True,True,False
2019187,False,False,False,False,True,True,False,False,True,False,False,False,False,False
2019192,False,False,False,False,True,True,False,False,True,False,False,False,False,False
2019194,False,False,False,False,True,True,False,False,True,False,False,False,False,False
2019208,False,False,False,False,True,True,False,False,True,False,False,False,False,False
2019211,False,False,False,False,True,True,False,False,True,False,False,False,False,False
2019215,False,False,False,False,True,True,False,False,True,False,False,True,True,False
2019219,False,False,False,False,True,True,False,False,True,False,False,False,False,False
2019222,False,False,False,False,True,True,False,False,True,False,False,False,False,False
2019225,False,False,False,False,True,True,False,False,True,False,False,True,True,False
2019228,False,False,False,False,True,True,False,False,True,False,False,True,True,False
2019233,False,False,False,False,True,True,False,False,True,False,False,False,False,False
2019235,False,False,False,False,True,True,False,False,True,False,False,False,False,False
2019247,False,False,False,False,True,True,False,False,True,False,False,True,True,False
2019250,False,False,False,False,True,True,False,False,True,False,False,True,True,False
2019256,False,False,False,False,True,True,False,False,True,False,False,False,False,False
2019259,False,False,False,False,True,True,False,False,True,False,False,False,False,False
2019261,False,False,False,False,True,True,False,False,True,False,False,False,False,False
2019263,False,False,False,False,True,True,False,False,True,False,False,True,True,False
2019266,False,False,False,False,True,True,False,False,True,False,False,False,False,False
2019277,False,False,False,False,True,True,False,False,True,False,False,False,False,False
2019278,False,False,False,False,True,True,False,False,True,False,False,False,False,False
2019287,False,False,False,False,True,True,False,False,True,False,False,True,True,False
2019306,False,False,False,False,True,True,False,False,True,False,False,False,False,False
2019316,False,False,False,False,True,True,False,False,True,False,False,True,True,False
2019317,False,False,False,False,True,True,False,False,True,False,False,True,True,False
2019320,False,False,True,True,True,True,True,True,True,False,False,True,True,False
2019331,False,False,False,False,True,True,False,False,True,False,False,False,False,False
2019336,False,False,False,False,True,True,False,False,True,False,False,False,False,False
2019340,False,False,False,False,True,True,False,False,True,False,False,False,False,False
2019351,False,False,False,False,True,True,False,False,True,False,False,True,True,False
2019356,False,False,False,False,True,True,False,False,True,False,False,True,True,False
2019362,False,False,False,False,True,True,False,False,True,False,False,False,False,False
2019363,False,False,False,False,True,True,False,False,True,False,False,True,True,False
2019370,False,False,False,False,True,True,False,False,True,False,False,False,False,False
2019372,False,False,False,False,True,True,False,False,True,False,False,False,False,False
2019373,False,False,False,False,True,True,False,False,True,False,False,False,False,False
2019380,False,False,False,False,True,True,False,False,True,False,False,True,True,False
2019381,False,False,False,False,True,False,False,False,True,False,False,False,False,False
2019384,False,False,False,False,True,False,False,False,True,False,False,False,False,False
2019391,False,False,True,True,True,True,True,True,True,False,False,True,True,False
2019401,False,False,False,False,True,True,False,False,True,False,False,False,False,False
2019409,False,False,False,False,True,True,False,False,True,False,False,False,False,False
2019435,False,False,False,False,True,True,False,False,True,False,False,False,False,False
2019440,False,False,False,False,True,True,False,False,True,False,False,True,True,False
2019450,False,False,True,True,True,True,True,True,True,False,False,True,True,False
2019464,False,False,False,False,True,True,False,False,True,False,False,True,True,False
2019467,False,False,True,False,True,True,True,True,True,False,False,True,True,False
2019488,False,False,False,False,True,True,False,False,True,False,False,False,False,False
2019491,False,False,False,False,True,True,False,False,True,False,False,False,False,False
2019500,False,False,False,False,True,True,False,False,True,False,False,False,False,False
2019509,False,False,False,False,True,True,False,False,True,False,False,False,False,False
2019515,False,False,False,False,True,True,False,False,True,False,False,True,True,False
2019518,False,False,False,False,True,True,False,False,True,False,False,True,True,False
2019533,False,False,False,False,True,True,False,False,True,False,False,False,False,False
2019535,False,False,False,False,True,True,False,False,True,False,False,True,True,False
2019545,False,False,False,False,True,True,False,False,True,False,False,True,True,False
2019558,False,False,False,False,True,True,False,False,True,False,False,False,False,False
2019563,False,False,False,False,True,True,False,False,True,False,False,False,False,False
2019566,False,False,False,False,True,True,False,False,True,False,False,True,True,False
2019570,False,False,False,False,True,True,False,False,True,False,False,True,True,False
2019582,True,True,True,True,True,True,True,True,True,True,True,True,True,True
2019583,False,False,False,False,False,False,False,False,False,False,False,False,False,False
2019584,False,False,False,False,True,True,False,False,True,False,False,True,True,False
2019585,False,False,False,False,True,True,False,False,True,False,False,True,True,False
2019586,False,False,False,False,False,False,False,False,False,False,False,True,True,False
2019593,False,False,False,False,True,True,False,False,True,False,False,False,False,False
2019594,False,False,False,False,True,True,False,False,True,False,False,False,False,False
2019596,False,False,False,False,False,False,True,True,False,False,False,False,False,False
2019601,False,False,False,False,True,True,False,False,True,False,False,True,True,False
2019618,False,False,False,False,True,True,False,False,True,False,False,False,False,False
2019626,False,False,False,False,True,True,False,False,True,False,False,False,False,False
2019630,False,False,False,False,False,False,False,False,False,False,False,True,False,False
2019639,False,False,False,False,True,True,False,False,True,False,False,False,False,False
2019641,False,False,False,False,True,True,False,False,True,False,False,False,False,False
2019645,False,False,True,True,True,True,True,True,True,False,False,True,True,False
2019662,False,False,False,False,True,True,False,False,True,False,False,True,True,False
2019669,False,False,False,False,True,True,False,False,True,False,False,False,False,False
2019691,False,False,False,False,True,True,False,False,True,False,False,False,False,False
2019708,False,False,True,False,True,True,True,True,True,False,False,False,False,False
2019710,True,True,True,True,True,True,True,True,True,True,True,True,True,True
2019722,False,False,False,False,True,True,False,False,True,False,False,False,False,False
2019730,False,False,False,False,True,True,False,False,True,False,False,False,False,False
2019733,False,False,False,False,True,True,False,False,True,False,False,False,False,False
2019742,False,False,False,False,True,True,False,False,True,False,False,False,False,False
2019746,False,False,False,False,True,True,False,False,True,False,False,False,False,False
2019753,False,False,False,False,True,False,False,False,True,False,False,False,False,False
2019754,False,False,False,False,True,True,False,False,True,False,False,True,True,False
2019757,False,False,False,False,True,True,False,False,True,False,False,False,False,False
2019758,False,False,False,False,True,True,False,False,True,False,False,False,False,False
2019759,False,False,False,False,True,True,False,False,True,False,False,False,False,False
2019761,False,False,True,True,True,True,True,True,True,False,False,True,True,False
2019763,False,False,False,False,True,True,False,False,True,False,False,False,False,False
2019764,False,False,True,True,True,True,True,True,True,False,False,True,True,False
2019789,False,False,False,False,True,True,False,False,True,False,False,True,True,False
2019792,False,False,False,False,True,True,False,False,True,False,False,False,False,False
2019794,False,False,False,False,True,True,False,False,True,False,False,False,False,False
2019798,False,False,True,True,True,True,True,True,True,False,False,False,False,False
2019799,True,True,True,True,True,True,True,True,True,True,True,False,False,False
2019802,False,False,True,True,True,True,True,True,True,False,False,True,True,False
2019803,False,False,False,False,True,True,False,False,True,False,False,False,False,False
2019815,False,False,False,False,True,True,False,False,True,False,False,False,False,False
2019816,False,False,False,False,True,True,False,False,True,False,False,False,False,False
2019817,False,False,False,False,True,True,False,False,True,False,False,True,True,False
2019818,False,False,True,True,True,True,True,True,True,False,False,True,True,False
2019819,False,False,False,False,True,True,False,False,True,False,False,False,False,False
2019820,False,False,False,False,True,True,False,False,True,False,False,True,True,False
2019825,False,False,False,False,True,True,False,False,True,False,False,True,True,False
2019827,False,False,False,False,True,True,False,False,True,False,False,False,False,False
2019832,False,False,True,True,True,True,True,True,True,False,False,True,True,False
2019835,False,False,False,False,True,True,False,False,True,False,False,False,False,False
2019837,False,False,False,False,True,True,False,False,True,False,False,False,False,False
2019840,False,False,False,False,False,False,False,False,False,False,False,True,False,False
2019844,False,False,False,False,True,True,False,False,True,False,False,False,False,False
2019851,False,False,False,False,True,True,False,False,True,False,False,False,False,False
2019869,False,False,False,False,True,True,False,False,True,False,False,True,True,False
2019875,False,False,True,True,True,True,True,True,True,False,False,True,True,False
2019876,False,False,False,False,True,True,False,False,True,False,False,False,False,False
2019900,False,False,False,False,True,True,False,False,True,False,False,False,False,False
2019902,False,False,False,False,True,True,False,False,True,False,False,False,False,False
2019907,False,False,False,False,True,True,False,False,True,False,False,True,True,False
2019923,False,False,False,False,True,True,False,False,True,False,False,False,False,False
2019928,False,False,False,False,False,False,False,False,False,False,False,True,True,False
2019930,False,False,False,False,True,True,False,False,True,False,False,False,False,False
2019936,False,False,False,False,True,True,False,False,True,False,False,False,False,False
2019938,False,False,False,False,True,True,False,False,True,False,False,False,False,False
2019941,False,False,False,False,True,True,False,False,True,False,False,False,False,False
2019943,False,False,False,False,True,True,False,False,True,False,False,False,False,False
2019959,False,False,False,False,True,True,False,False,True,False,False,False,False,False
2019960,False,False,False,False,True,True,False,False,True,False,False,False,False,False
2019969,False,False,False,False,True,False,False,False,True,False,False,False,False,False
2019978,False,False,False,False,True,False,False,False,True,False,False,False,False,False
2019979,False,False,False,False,True,True,False,False,True,False,False,False,False,False
2019981,False,False,False,False,True,True,False,False,True,False,False,False,False,False
2019983,False,False,False,False,True,True,False,False,True,False,False,False,False,False
2019986,False,False,False,False,True,False,False,False,True,False,False,False,False,False
2019987,False,False,False,False,True,True,False,False,True,False,False,True,True,False
2019988,False,False,False,False,True,True,False,False,True,False,False,True,True,False
2019997,False,False,False,False,True,True,False,False,True,False,False,False,False,False
2020000,False,False,False,False,True,True,False,False,True,False,False,False,False,False
2020011,False,False,False,False,True,True,False,False,True,False,False,False,False,False
2020020,False,False,False,False,False,True,False,False,True,False,False,False,False,False
2020021,False,False,False,False,False,True,False,False,True,False,False,False,False,False
2020037,False,False,False,False,True,True,False,False,True,False,False,False,False,False
2020056,False,False,False,False,True,True,False,False,True,False,False,False,False,False
2020058,False,False,False,False,False,True,False,False,True,False,False,False,False,False
2020063,False,False,False,False,True,True,False,False,True,False,False,False,False,False
2020066,False,False,False,False,True,True,False,False,True,False,False,False,False,False
2020071,False,False,False,False,False,True,False,False,True,False,False,False,False,False
2020077,False,False,False,False,True,True,False,False,True,False,False,False,False,False
2020079,False,False,False,False,True,True,False,False,True,False,False,False,False,False
2020080,False,False,False,False,False,False,False,False,False,False,False,False,False,False
2020082,True,True,True,True,False,False,True,True,False,True,True,False,False,False
2020083,False,False,False,False,True,True,False,False,True,False,False,False,False,False
2020088,False,False,False,False,True,True,False,False,True,False,False,False,False,False
2020093,False,False,False,False,True,True,False,False,True,False,False,False,False,False
2020105,False,False,False,False,True,True,False,False,True,False,False,False,False,False
2020120,False,False,False,False,True,True,False,False,True,False,False,False,False,False
2020133,False,False,False,False,True,True,False,False,True,False,False,False,False,False
2020147,False,False,False,False,True,True,False,False,True,False,False,False,False,False
2020155,False,False,False,False,True,True,False,False,True,False,False,False,False,False
2020156,False,False,False,False,True,True,False,False,True,False,False,False,False,False
2020166,False,False,False,False,True,False,False,False,True,False,False,False,False,False
2020177,False,False,False,False,True,True,False,False,True,False,False,False,False,False
2020181,False,False,False,False,True,True,False,False,True,False,False,False,False,False
2020192,False,False,False,False,True,True,False,False,True,False,False,False,False,False
2020193,False,False,False,False,True,True,False,False,True,False,False,False,False,False
2020201,False,False,False,False,True,True,False,False,True,False,False,False,False,False
2020220,False,False,False,False,True,False,False,False,True,False,False,False,False,False
2020227,False,False,False,False,True,True,False,False,True,False,False,False,False,False
2020229,False,False,False,False,True,True,False,False,True,False,False,False,False,False
2020236,False,False,False,False,True,True,False,False,True,False,False,False,False,False
2020238,False,False,False,False,True,True,False,False,True,False,False,False,False,False
2020239,False,False,False,False,True,True,False,False,True,False,False,False,False,False
2020243,False,False,False,False,True,True,False,False,True,False,False,False,False,False
2020250,False,False,False,False,True,True,False,False,True,False,False,False,False,False
2020257,False,False,False,False,True,True,False,False,True,False,False,False,False,False
2020258,False,False,False,False,True,True,False,False,True,False,False,False,False,False
2020261,False,False,False,False,True,True,False,False,True,False,False,False,False,False
2020263,False,False,False,False,True,True,False,False,True,False,False,False,False,False
2020285,False,False,False,False,False,True,False,False,True,False,False,False,False,False
2020291,False,False,False,False,False,True,False,False,True,False,False,False,False,False
2020307,False,False,False,False,True,True,False,False,True,False,False,False,False,False
2020309,False,False,False,False,True,True,False,False,True,False,False,False,False,False
2020310,False,False,False,False,True,False,False,False,True,False,False,False,False,False
2020315,False,False,False,False,True,True,False,False,True,False,False,False,False,False
2020319,False,False,False,False,True,False,False,False,True,False,False,False,False,False
2020321,False,False,False,False,True,True,False,False,True,False,False,False,False,False
2020322,False,False,False,False,True,False,False,False,True,False,False,False,False,False
2020323,False,False,False,False,True,False,False,False,True,False,False,False,False,False
2020324,False,False,False,False,True,False,False,False,True,False,False,False,False,False
2020334,False,False,False,False,True,True,False,False,True,False,False,False,False,False
2020343,False,False,False,False,True,True,False,False,True,False,False,False,False,False
2020347,False,False,False,False,True,True,False,False,True,False,False,False,False,False
2020357,False,False,False,False,True,True,False,False,True,False,False,False,False,False
2020374,False,False,False,False,True,True,False,False,True,False,False,False,False,False
2020380,False,False,False,False,True,True,False,False,True,False,False,False,False,False
2020389,False,False,False,False,True,True,False,False,True,False,False,False,False,False
2020403,False,False,False,False,True,True,False,False,True,False,False,False,False,False
2020411,True,True,True,True,True,True,True,True,True,True,True,True,True,True
2020419,False,False,False,False,True,True,False,False,True,False,False,False,False,False
2020420,False,False,False,False,True,True,False,False,True,False,False,True,True,False
2020426,False,False,False,False,True,True,False,False,True,False,False,False,False,False
2020429,False,False,False,False,True,True,False,False,True,False,False,False,False,False
2020433,False,False,False,False,True,True,False,False,True,False,False,False,False,False
2020434,False,False,False,False,True,True,False,False,True,False,False,False,False,False
2020435,False,False,False,False,True,True,False,False,True,False,False,False,False,False
2020443,False,False,False,False,True,True,False,False,True,False,False,False,False,False
2020446,False,False,False,False,True,True,False,False,True,False,False,False,False,False
2020451,False,False,False,False,True,True,False,False,True,False,False,False,False,False
2020461,False,False,False,False,True,True,False,False,True,False,False,False,False,False
2020462,False,False,False,False,True,True,False,False,True,False,False,False,False,False
2020482,False,False,False,False,True,True,False,False,True,False,False,False,False,False
2020483,False,False,False,False,True,True,False,False,True,False,False,False,False,False
2020489,False,False,False,False,True,True,False,False,True,False,False,False,False,False
2020495,False,False,False,False,True,True,False,False,True,False,False,False,False,False
2020496,False,False,False,False,True,True,False,False,True,False,False,False,False,False
2020503,False,False,False,False,True,True,False,False,True,False,False,False,False,False
2020504,False,False,False,False,True,True,False,False,True,False,False,False,False,False
2020505,False,False,False,False,True,True,False,False,True,False,False,False,False,False
2020509,False,False,True,True,True,True,True,True,True,False,False,False,False,False
2020510,True,True,True,True,True,True,True,True,True,True,True,False,False,False
2020511,False,False,False,False,True,True,False,False,True,False,False,False,False,False
2020525,False,False,False,False,True,True,False,False,True,False,False,True,False,False
2020528,True,True,True,True,True,True,True,True,True,True,True,True,True,True
2020531,False,False,False,False,False,True,False,False,True,False,False,False,False,False
2020554,True,True,True,True,True,True,True,True,True,True,True,True,True,True
2020556,True,True,True,True,False,False,True,True,False,True,True,True,True,False
2020559,False,False,False,False,True,True,False,False,True,False,False,False,False,False
2020561,False,False,False,False,True,True,False,False,True,False,False,False,False,False
2020572,False,False,False,False,True,True,False,False,True,False,False,False,False,False
2020576,False,False,False,False,False,True,False,False,True,False,False,False,False,False
2020578,False,False,False,False,True,True,False,False,True,False,False,False,False,False
2020579,False,False,False,False,False,True,False,False,True,False,False,False,False,False
2020589,False,False,False,False,True,True,False,False,True,False,False,False,False,False
2020591,False,False,False,False,True,True,False,False,True,False,False,False,False,False
2020595,False,False,False,False,True,True,False,False,True,False,False,False,False,False
2020607,False,False,False,False,True,True,False,False,True,False,False,False,False,False
2020609,False,False,False,False,True,True,False,False,True,False,False,False,False,False
2020610,False,False,False,False,False,True,False,False,True,False,False,False,False,False
2020612,False,False,False,False,True,True,False,False,True,False,False,False,False,False
2020615,False,False,True,False,True,True,True,True,True,False,False,False,False,False
2020616,True,True,True,True,False,False,True,True,False,True,True,False,False,False
2020622,False,False,True,True,True,True,True,True,True,False,False,True,True,False
2020628,False,False,False,False,True,True,False,False,True,False,False,False,False,False
2020636,False,False,False,False,False,True,False,False,True,False,False,False,False,False
2020642,False,False,False,False,True,True,False,False,True,False,False,False,False,False
2020646,False,False,False,False,True,True,False,False,True,False,False,True,True,False
2020655,False,False,False,False,False,True,False,False,True,False,False,False,False,False
2020665,False,False,False,False,True,True,False,False,True,False,False,False,False,False
2020666,True,True,True,True,False,False,True,True,False,True,True,True,True,False
2020672,False,False,False,False,True,False,False,False,True,False,False,False,False,False
2020680,True,True,True,True,True,True,True,True,True,True,True,False,False,False
2020683,False,False,False,False,True,True,False,False,True,False,False,False,False,False
2020688,False,False,False,False,True,True,False,False,True,False,False,True,True,False
2020694,False,False,False,False,False,False,False,False,False,False,False,True,True,False
2020697,False,False,False,False,False,False,False,False,False,False,False,True,True,False
2020702,False,False,False,False,True,True,False,False,True,False,False,False,False,False
2020703,False,False,False,False,True,True,False,False,True,False,False,False,False,False
2020704,False,False,False,False,True,True,False,False,True,False,False,False,False,False
2020708,True,True,True,True,False,False,True,True,False,True,True,True,True,False
2020718,False,False,False,False,True,True,False,False,True,False,False,False,False,False
2020728,False,False,False,False,True,True,False,False,True,False,False,True,True,False
2020729,False,False,False,False,True,True,False,False,True,False,False,False,False,False
2020732,False,False,True,True,True,True,True,True,True,False,False,False,False,False
2020734,False,False,False,False,True,True,False,False,True,False,False,True,True,False
2020762,False,False,False,False,False,False,False,False,False,False,False,True,True,False
2020768,False,False,False,False,True,True,False,False,True,False,False,False,False,False
2020769,False,False,False,False,True,True,False,False,True,False,False,False,False,False
2020770,False,False,False,False,True,True,False,False,True,False,False,False,False,False
2020773,False,False,False,False,True,True,False,False,True,False,False,False,False,False
2020779,False,False,False,False,True,True,False,False,True,False,False,False,False,False
2020789,True,True,True,True,True,True,True,True,True,True,True,True,True,True
2020790,False,False,False,False,True,True,False,False,True,False,False,False,False,False
2020792,False,False,False,False,True,True,False,False,True,False,False,False,False,False
2021011,False,False,False,False,True,True,False,False,True,False,False,False,False,False
2021012,False,False,False,False,True,True,False,False,True,False,False,False,False,False
2021015,False,False,False,False,True,True,False,False,True,False,False,False,False,False
2021016,False,False,False,False,True,True,False,False,True,False,False,False,False,False
2021017,False,False,False,False,True,True,False,False,True,False,False,False,False,False
2021018,False,False,False,False,True,True,False,False,True,False,False,False,False,False
2021019,False,False,False,False,True,True,False,False,True,False,False,False,False,False
2021020,False,False,False,False,True,True,False,False,True,False,False,False,False,False
2021024,False,False,False,False,True,True,False,False,True,False,False,False,False,False
2021027,False,False,False,False,False,True,False,False,True,False,False,False,False,False
2021028,False,False,False,False,True,True,False,False,True,False,False,False,False,False
2021030,False,False,False,False,False,True,False,False,True,False,False,False,False,False
2021031,False,False,False,False,False,True,False,False,True,False,False,False,False,False
2021032,False,False,False,False,False,False,False,False,False,False,False,True,True,False
2021035,False,False,False,False,True,True,False,False,True,False,False,True,True,False
2021037,False,False,False,False,True,True,False,False,True,False,False,False,False,False
2021045,False,False,False,False,False,True,False,False,True,False,False,False,False,False
2021047,False,False,False,False,True,True,False,False,True,False,False,True,True,False
2021071,True,True,True,True,False,False,True,True,False,True,True,False,False,False
2021072,True,True,True,True,True,True,True,True,True,True,True,False,False,False
2021074,True,True,True,True,False,False,True,True,False,True,True,False,False,False
2021075,False,False,False,False,True,True,False,False,True,False,False,True,True,False
2021078,True,True,True,True,True,True,True,True,True,True,True,True,True,True
2021079,False,False,False,False,True,True,False,False,True,False,False,False,False,False
2021081,False,False,False,False,True,True,False,False,True,False,False,False,False,False
2021091,True,True,True,True,False,False,True,True,False,True,True,True,True,False
2021092,False,False,False,False,True,True,False,False,True,False,False,False,False,False
2021102,True,False,False,False,False,False,True,True,False,False,False,False,False,False
2021119,False,False,False,False,True,True,False,False,True,False,False,False,False,False
2021120,False,False,False,False,True,False,False,False,True,False,False,False,False,False
2021129,True,True,True,True,False,False,True,True,False,True,True,True,False,False
2021131,False,False,False,False,True,True,False,False,True,False,False,False,False,False
2021137,False,False,True,True,False,False,True,True,False,False,False,True,True,False
2021145,False,False,False,False,True,True,False,False,True,False,False,True,True,False
2021153,False,False,False,False,False,True,False,False,True,False,False,False,False,False
2021155,False,False,False,False,True,True,False,False,True,False,False,False,False,False
2021158,False,False,False,False,False,True,False,False,True,False,False,False,False,False
2021169,False,False,False,False,True,True,False,False,True,False,False,False,False,False
2021170,False,False,False,False,False,True,True,True,True,False,False,False,False,False
2021171,False,False,False,False,True,True,False,False,True,False,False,False,False,False
2021174,False,False,False,False,True,True,False,False,True,False,False,False,False,False
2021176,False,False,False,False,True,True,False,False,True,False,False,False,False,False
2021178,False,False,False,False,False,True,False,False,True,False,False,False,False,False
2021193,False,False,False,False,True,True,False,False,True,False,False,False,False,False
2021196,False,False,False,False,True,True,False,False,True,False,False,False,False,False
2021197,True,True,True,True,True,True,True,True,True,True,True,True,True,True
2021205,False,False,False,False,True,True,False,False,True,False,False,False,False,False
2021207,True,True,True,True,False,False,True,True,False,True,True,True,True,False
2021212,False,False,False,False,False,False,False,False,False,False,False,True,True,False
2021215,False,False,False,False,False,False,False,False,False,False,False,True,True,False
2021219,False,False,False,False,True,True,False,False,True,False,False,False,False,False
2021220,False,False,False,False,True,True,False,False,True,False,False,False,False,False
2021222,False,False,False,False,True,True,False,False,True,False,False,False,False,False
2021227,False,False,False,False,True,True,False,False,True,False,False,False,False,False
2021228,False,False,False,False,True,True,False,False,True,False,False,False,False,False
2021229,False,False,False,False,True,True,False,False,True,False,False,False,False,False
2021230,True,True,False,False,False,False,True,True,False,True,True,False,False,False
2021236,False,False,False,False,True,True,False,False,True,False,False,False,False,False
2021242,False,False,False,False,True,False,False,False,True,False,False,False,False,False
2021243,False,False,False,False,True,True,False,False,True,False,False,False,False,False
2021245,False,False,False,False,True,True,False,False,True,False,False,False,False,False
2021249,False,False,False,False,True,True,False,False,True,False,False,False,False,False
2021251,False,False,False,False,True,True,False,False,True,False,False,False,False,False
2021262,False,False,False,False,True,True,False,False,True,False,False,False,False,False
2021264,False,False,False,False,True,True,True,True,True,False,False,False,False,False
2021273,True,True,True,True,False,False,True,True,False,True,True,False,False,False
2021279,False,False,False,False,True,True,False,False,True,False,False,False,False,False
2021280,False,False,False,False,True,True,False,False,True,False,False,False,False,False
2021281,True,True,True,True,False,False,True,True,False,True,True,True,True,False
2021294,False,False,False,False,True,True,False,False,True,False,False,False,False,False
2021303,True,True,True,True,False,False,True,True,False,True,True,False,False,False
2021313,False,False,False,False,True,True,False,False,True,False,False,False,False,False
2021318,True,True,True,True,True,True,True,True,True,True,True,True,True,True
2021319,False,False,False,False,False,True,False,False,True,False,False,False,False,False
2021321,False,False,False,False,True,True,False,False,True,False,False,False,False,False
2021325,False,False,False,False,True,True,False,False,True,False,False,False,False,False
2021327,True,True,True,True,False,False,True,True,False,True,True,True,True,False
2021329,False,False,False,False,True,True,False,False,True,False,False,True,True,False
2021337,False,False,False,False,True,True,False,False,True,False,False,False,False,False
2021338,True,True,False,False,False,False,True,True,False,False,False,True,True,False
2021341,False,False,False,False,True,True,False,False,True,False,False,False,False,False
2021342,False,False,False,False,False,False,False,False,False,False,False,True,True,False
2021344,False,False,False,False,False,False,False,False,False,False,False,True,False,False
2021356,True,True,True,True,False,False,True,True,False,True,True,False,False,False
2021363,True,True,True,False,False,False,True,True,False,False,False,False,False,False
2021365,True,True,True,True,True,True,True,True,True,True,True,True,True,True
2021366,False,False,False,False,True,True,False,False,True,False,False,False,False,False
2021367,False,False,False,False,True,True,False,False,True,False,False,False,False,False
2021373,False,False,False,False,True,True,False,False,True,False,False,True,True,False
2021374,True,True,True,True,True,True,True,True,True,True,True,False,False,False
2021381,False,False,False,False,False,False,False,False,False,False,False,False,False,False
2021398,False,False,False,False,True,True,False,False,True,False,False,False,False,False
2021400,False,False,False,False,True,True,False,False,True,False,False,False,False,False
2021401,True,True,True,True,True,True,True,True,True,True,True,False,False,False
2021418,False,False,False,False,False,True,False,False,True,False,False,False,False,False
2021424,False,False,False,False,True,True,False,False,True,False,False,False,False,False
2021435,False,False,False,False,False,False,False,False,False,False,False,False,False,False
2021506,False,False,False,False,True,True,False,False,True,False,False,False,False,False
2021517,False,False,False,False,True,True,False,False,True,False,False,False,False,False
2021521,False,False,False,False,True,True,False,False,True,False,False,False,False,False
2021544,False,False,False,False,False,True,False,False,True,False,False,False,False,False
2021560,False,False,False,False,False,False,False,False,False,False,False,True,True,False
2021561,False,False,False,False,False,True,False,False,True,False,False,False,False,False
2021582,False,False,False,False,False,False,False,False,False,False,False,False,False,False
2021605,False,False,False,False,False,False,False,False,False,False,False,False,False,False
2021615,False,False,False,False,True,True,False,False,True,False,False,False,False,False
2021616,False,False,False,False,True,True,False,False,True,False,False,False,False,False
2021632,False,False,False,False,False,True,False,False,True,False,False,False,False,False
2021639,False,False,False,False,False,False,False,False,False,False,False,False,False,False
2021642,False,False,False,False,False,False,False,False,False,False,False,False,False,False
2021649,False,False,False,False,False,False,False,False,False,False,False,False,False,False
2021654,False,False,False,False,True,True,False,False,True,False,False,False,False,False
2021655,False,False,False,False,True,True,False,False,True,False,False,False,False,False
2021656,False,False,False,False,False,False,False,False,True,False,False,False,False,False
2021660,False,False,False,False,False,True,False,False,True,False,False,False,False,False
2021662,False,False,False,False,False,True,False,False,True,False,False,False,False,False
2021668,False,False,False,False,True,True,False,False,True,False,False,False,False,False
2021700,False,False,False,False,True,True,False,False,True,False,False,False,False,False
2021701,False,False,False,False,True,True,False,False,True,False,False,False,False,False
2021702,False,False,False,False,True,True,False,False,True,False,False,False,False,False
2021710,False,False,False,False,False,True,False,False,True,False,False,False,False,False
2021734,False,False,False,False,False,False,False,False,False,False,False,False,False,False
2021745,False,False,False,False,False,True,False,False,True,False,False,False,False,False
2021746,False,False,False,False,False,True,False,False,True,False,False,False,False,False
2021750,False,False,False,False,True,True,False,False,True,False,False,False,False,False
2021753,False,False,False,False,False,True,False,False,True,False,False,False,False,False
2021754,False,False,False,False,False,True,False,False,True,False,False,False,False,False
2021770,False,False,False,False,False,True,False,False,True,False,False,False,False,False
2021777,False,False,False,False,False,True,False,False,True,False,False,False,False,False
2021781,False,False,False,False,True,True,False,False,True,False,False,False,False,False
2021798,False,False,False,False,False,True,False,False,True,False,False,False,False,False
2021804,False,False,False,False,True,True,False,False,True,False,False,False,False,False
2021805,False,False,False,False,True,True,False,False,True,False,False,False,False,False
2021811,False,False,False,False,True,True,False,False,True,False,False,False,False,False
2021816,False,False,False,False,False,True,False,False,True,False,False,False,False,False
2021825,False,False,False,False,False,True,False,False,True,False,False,False,False,False
2021827,False,False,False,False,False,False,False,False,False,False,False,False,False,False
2021829,False,False,False,False,False,True,False,False,True,False,False,False,False,False
2021830,False,False,False,False,False,True,False,False,True,False,False,False,False,False
2021841,False,False,False,False,False,False,False,False,False,False,False,False,False,False
2021862,False,False,False,False,False,True,False,False,True,False,False,False,False,False
2021868,False,False,False,False,False,True,False,False,True,False,False,False,False,False
2021894,False,False,False,False,True,True,False,False,True,False,False,True,True,False
2021915,False,False,False,False,False,True,False,False,True,False,False,False,False,False
2021918,False,False,False,False,False,True,False,False,True,False,False,False,False,False
2021923,False,False,False,False,False,False,False,False,False,False,False,False,False,False
2021925,False,False,False,False,False,False,False,False,False,False,False,False,False,False
2021933,False,False,False,False,True,True,False,False,True,False,False,False,False,False
2021935,False,False,False,False,False,False,False,False,False,False,False,True,True,False
2021936,False,False,False,False,False,False,False,False,False,False,False,False,False,False
2021939,False,False,False,False,False,False,False,False,False,False,False,False,False,False
2021940,False,False,False,False,False,True,False,False,True,False,False,False,False,False
2021947,True,True,True,True,True,True,True,True,True,True,True,True,True,True
2021956,False,False,False,False,False,True,False,False,True,False,False,False,False,False
2021967,True,True,True,True,False,False,True,True,False,True,True,False,False,False
2021968,False,False,False,False,False,True,False,False,True,False,False,False,False,False
2021986,False,False,False,False,False,True,False,False,True,False,False,False,False,False
2022002,False,False,False,False,True,True,False,False,True,False,False,False,False,False
2022024,False,False,False,False,True,True,False,False,True,False,False,False,False,False
2022025,False,False,False,False,False,True,False,False,True,False,False,False,False,False
2022033,False,False,False,False,True,True,False,False,True,False,False,False,False,False
2022040,False,False,False,False,False,True,False,False,True,False,False,False,False,False
2022042,False,False,False,False,False,True,False,False,True,False,False,False,False,False
2022049,False,False,False,False,True,True,False,False,True,False,False,False,False,False
2022073,False,False,False,False,False,True,False,False,True,False,False,False,False,False
2022074,False,False,False,False,False,True,False,False,True,False,False,False,False,False
2022088,False,False,False,False,False,True,False,False,True,False,False,False,False,False
2022095,False,False,False,False,False,True,False,False,True,False,False,False,False,False
2022115,False,False,False,False,True,True,False,False,True,False,False,False,False,False
2022116,True,True,True,True,True,True,True,True,True,True,True,False,False,False
2022123,False,False,False,False,True,True,False,False,True,False,False,True,True,False
2022124,False,False,False,False,True,True,False,False,True,False,False,True,True,False
2022126,False,False,False,False,False,False,False,False,False,False,False,False,False,False
2022128,False,False,False,False,False,True,False,False,True,False,False,False,False,False
2022129,False,False,False,False,True,True,False,False,True,False,False,False,False,False
2022130,False,False,False,False,True,True,False,False,True,False,False,False,False,False
2022131,True,True,True,True,True,True,True,True,True,True,True,True,True,True
2022135,False,False,False,False,False,True,False,False,True,False,False,False,False,False
2022139,False,False,False,False,False,True,False,False,True,False,False,False,False,False
2022141,False,False,False,False,False,True,False,False,True,False,False,False,False,False
2022145,False,False,False,False,False,True,False,False,True,False,False,False,False,False
2022147,False,False,False,False,True,True,False,False,True,False,False,False,False,False
2022149,False,False,False,False,False,True,False,False,True,False,False,False,False,False
2022150,False,False,False,False,False,True,False,False,True,False,False,False,False,False
2022152,False,False,False,False,False,True,False,False,True,False,False,False,False,False
2022154,False,False,False,False,False,True,False,False,True,False,False,False,False,False
2022155,False,False,False,False,True,True,False,False,True,False,False,False,False,False
2022165,False,False,False,False,False,True,False,False,True,False,False,False,False,False
2022166,False,False,False,False,False,True,False,False,True,False,False,False,False,False
2022187,False,False,True,True,True,True,True,True,True,False,False,True,True,False
2022203,False,False,False,False,True,True,False,False,True,False,False,True,True,False
2022204,False,False,False,False,True,True,False,False,True,False,False,False,False,False
2022206,False,False,False,False,True,True,False,False,True,False,False,True,True,False
2022208,False,False,False,False,False,True,False,False,True,False,False,False,False,False
2022219,False,False,False,False,False,False,False,False,False,False,False,True,False,False
2022238,False,False,False,False,False,True,False,False,True,False,False,False,False,False
2022256,False,False,False,False,True,True,False,False,True,False,False,False,False,False
2022259,False,False,False,False,False,True,False,False,True,False,False,False,False,False
2022299,True,True,True,True,False,False,True,True,False,True,True,False,True,False
2022306,False,False,False,False,True,True,False,False,True,False,False,False,False,False
2022326,False,False,False,False,False,True,False,False,True,False,False,False,False,False
2022331,False,False,False,False,False,False,False,False,False,False,False,False,False,False
2022341,False,False,False,False,False,True,False,False,True,False,False,False,False,False
2022345,False,False,False,False,False,True,False,False,True,False,False,False,False,False
2022351,False,False,False,False,True,True,False,False,True,False,False,False,False,False
2022352,False,False,False,False,True,True,False,False,True,False,False,False,False,False
2022353,False,False,False,False,False,True,False,False,True,False,False,False,False,False
2022354,False,False,False,False,False,True,False,False,True,False,False,False,False,False
2022356,False,False,False,False,True,True,False,False,True,False,False,True,True,False
2022359,False,False,False,False,False,False,False,False,False,False,False,False,False,False
2022369,True,True,True,True,False,False,True,True,False,True,True,False,False,False
2022377,False,False,False,False,False,False,False,False,True,False,False,False,False,False
2022392,False,False,False,False,False,False,False,False,False,False,False,False,False,False
2022407,False,False,False,False,False,True,False,False,True,False,False,False,False,False
2022431,False,False,False,False,False,False,False,False,False,False,False,False,False,False
2022432,False,False,False,False,False,True,False,False,True,False,False,False,False,False
2022439,False,False,False,False,False,True,False,False,True,False,False,False,False,False
2022441,False,False,False,False,False,True,False,False,True,False,False,False,False,False
2022450,False,False,False,False,True,True,False,False,True,False,False,False,False,False
2022452,True,True,True,True,True,True,True,True,True,True,True,True,True,True
2022456,False,False,True,True,True,True,True,True,True,False,False,True,True,False
2022459,False,False,False,False,False,True,False,False,True,False,False,False,False,False
2022460,False,False,False,False,False,True,False,False,True,False,False,False,False,False
2022465,False,False,False,False,False,True,False,False,True,False,False,False,False,False
2022466,True,True,False,False,False,False,True,True,False,True,True,True,True,False
2022470,False,False,False,False,True,True,False,False,True,False,False,False,False,False
2022474,False,False,True,True,True,True,True,True,True,False,False,True,True,False
2022488,False,False,False,False,True,True,False,False,True,False,False,True,True,False
2022495,False,False,False,False,False,True,False,False,True,False,False,False,False,False
2022496,False,False,False,False,True,True,False,False,True,False,False,False,False,False
2022500,False,False,False,False,False,True,False,False,True,False,False,False,False,False
2022501,False,False,False,False,True,True,False,False,True,False,False,False,False,False
2022525,False,False,False,False,True,True,False,False,True,False,False,False,False,False
2022526,False,False,False,False,True,True,False,False,True,False,False,True,True,False
2022527,False,False,False,False,True,True,False,False,True,False,False,False,False,False
2022534,False,False,False,False,True,True,False,False,True,False,False,False,False,False
2022538,False,False,False,False,False,True,False,False,True,False,False,False,False,False
2022540,False,False,False,False,False,True,False,False,True,False,False,False,False,False
2022551,False,False,False,False,False,True,False,False,True,False,False,False,False,False
2022557,False,False,False,False,False,True,False,False,True,False,False,False,False,False
2022579,False,False,False,False,False,False,False,False,True,False,False,False,False,False
2022586,False,False,False,False,True,True,False,False,True,False,False,False,False,False
2022587,False,False,False,False,False,True,False,False,True,False,False,False,False,False
2022589,True,True,True,True,True,True,True,True,True,True,True,True,True,True
2022594,False,False,False,False,False,False,False,False,False,False,False,True,True,False
2022600,False,False,False,False,False,False,False,False,False,False,False,False,False,False
2022605,False,False,False,False,False,False,False,False,False,False,False,True,True,False
2022610,False,False,False,False,True,True,False,False,True,False,False,False,False,False
2022614,False,False,False,False,False,False,False,False,False,False,False,False,False,False
2022615,False,False,False,False,True,True,False,False,True,False,False,False,False,False
2022618,True,True,True,True,False,False,True,True,False,True,True,True,True,False
2022619,True,True,True,True,False,False,True,True,False,True,True,False,False,False
2022621,False,False,False,False,True,True,False,False,True,False,False,False,False,False
2022625,False,False,False,False,True,True,False,False,True,False,False,False,False,False
2022627,True,True,True,True,True,True,True,True,True,True,True,False,False,False
2022635,False,False,False,False,True,True,False,False,True,False,False,False,False,False
2022639,False,False,False,False,False,True,False,False,True,False,False,False,False,False
2022640,True,True,True,True,True,True,True,True,True,True,True,True,True,True
2022643,False,False,False,False,True,True,False,False,True,False,False,False,False,False
2022644,False,False,False,False,True,True,False,False,True,False,False,True,True,False
2022646,False,False,False,False,False,True,False,False,True,False,False,False,False,False
2022647,False,False,False,False,False,True,False,False,True,False,False,False,False,False
2022648,False,False,False,False,True,True,False,False,True,False,False,False,False,False
2022651,False,False,False,False,False,True,False,False,True,False,False,False,False,False
2022653,False,False,False,False,False,True,False,False,True,False,False,False,False,False
2022666,False,False,False,False,False,True,False,False,True,False,False,False,False,False
2022670,False,False,False,False,True,True,False,False,True,False,False,False,False,False
2022694,False,False,False,False,False,True,False,False,True,False,False,False,False,False
2022696,False,False,False,False,False,False,False,False,False,False,False,False,False,False
2022701,False,False,False,False,True,True,False,False,True,False,False,False,False,False
2022702,True,True,True,True,False,False,True,True,False,True,True,True,True,False
2022704,False,False,False,False,True,False,False,False,True,False,False,False,False,False
2022705,False,False,False,False,True,True,False,False,True,False,False,False,False,False
2022712,False,False,False,False,True,True,False,False,True,False,False,False,False,False
2022735,False,False,False,False,True,True,False,False,True,False,False,False,False,False
2022740,False,False,False,False,True,True,False,False,True,False,False,False,False,False
2022749,False,False,False,False,True,True,False,False,True,False,False,True,True,False
2022751,True,True,False,False,False,False,True,True,False,False,False,False,False,False
2022756,False,False,False,False,False,False,False,False,False,False,False,False,False,False
2022758,False,False,False,False,False,True,False,False,True,False,False,False,False,False
2022764,False,False,False,False,False,False,False,False,False,False,False,True,False,False
2022765,False,False,False,False,False,True,False,False,True,False,False,False,False,False
2022779,False,False,False,False,True,False,False,False,True,False,False,False,False,False
2022781,True,True,True,True,False,False,True,True,False,True,True,False,False,False
2022787,False,False,False,False,True,True,False,False,True,False,False,False,False,False
2022793,False,False,False,False,True,True,False,False,True,False,False,False,False,False
2022794,False,False,False,False,True,True,False,False,True,False,False,False,False,False
2022795,False,False,False,False,False,False,False,False,True,False,False,False,False,False
2022818,False,False,False,False,True,True,False,False,True,False,False,False,False,False
2022828,False,False,False,False,True,True,False,False,True,False,False,False,False,False
2022832,True,True,True,True,False,False,True,True,False,True,True,False,False,False
2022835,True,True,True,True,False,False,True,True,False,True,True,True,True,False
2022836,True,True,True,True,False,False,True,True,False,True,True,True,True,False
2022837,False,False,False,False,True,False,False,False,True,False,False,False,False,False
2022849,True,True,True,True,True,True,True,True,True,True,True,True,True,True
2022859,False,False,False,False,False,False,False,False,False,False,False,True,False,False
2022868,False,False,False,False,True,True,False,False,True,False,False,False,False,False
2022878,False,False,False,False,False,False,False,False,False,False,False,False,False,False
2022885,False,False,False,False,False,False,False,False,False,False,False,True,True,False
2022894,False,False,False,False,False,False,False,False,False,False,False,False,False,False
2022897,False,False,False,False,False,False,False,False,False,False,False,False,False,False
2022907,False,True,False,False,True,False,True,True,True,False,False,False,False,False
2022911,False,False,False,False,False,True,False,False,True,False,False,False,False,False
2022922,False,False,False,False,False,False,False,False,False,False,False,True,True,False
2022923,False,False,False,False,False,False,False,False,False,False,False,False,False,False
2022926,False,False,False,False,False,False,False,False,True,False,False,False,False,False
2022927,False,False,False,False,False,True,False,False,True,False,False,False,False,False
2022932,False,False,False,False,False,False,False,False,False,False,False,False,False,False
2022934,False,False,False,False,True,True,False,False,True,False,False,True,True,False
2022935,True,True,True,True,False,False,True,True,False,True,True,False,False,False
2022949,True,True,True,True,True,True,True,True,True,True,True,True,True,True
2022952,False,False,False,False,False,False,False,False,False,False,False,False,False,False
2022956,False,False,False,False,False,False,False,False,True,False,False,False,False,False
2022962,False,False,False,False,False,True,False,False,True,False,False,False,False,False
2022963,False,False,False,False,False,True,False,False,True,False,False,False,False,False
2022973,False,False,False,False,False,False,False,False,True,False,False,False,False,False
2022976,False,False,False,False,False,True,False,False,True,False,False,False,False,False
2022995,False,False,False,False,True,True,False,False,True,False,False,True,True,False
2023011,False,False,False,False,False,False,False,False,False,False,False,False,False,False
2023030,False,False,False,False,False,True,False,False,True,False,False,False,False,False
2023041,False,False,False,False,False,True,False,False,True,False,False,False,False,False
2023045,False,False,False,False,False,False,False,False,False,False,False,False,False,False
2023068,True,True,True,True,True,True,True,True,True,True,True,True,True,True
2023069,False,False,False,False,False,False,False,False,False,False,False,False,False,False
2023073,False,False,False,False,False,False,False,False,True,False,False,False,False,False
2023085,False,False,False,False,True,True,False,False,True,False,False,True,True,False
2023093,False,False,False,False,False,False,False,False,False,False,False,False,False,False
2023116,False,False,False,False,False,False,False,False,True,False,False,False,False,False
2023119,False,False,False,False,False,False,False,False,False,False,False,False,False,False
2023129,False,False,False,False,False,False,False,False,False,False,False,False,False,False
2023133,False,False,False,False,False,False,False,False,False,False,False,False,False,False
2023162,False,False,False,False,False,True,False,False,True,False,False,False,False,False
2023171,False,False,False,False,False,False,False,False,False,False,False,False,False,False
2023178,False,False,True,True,True,True,True,True,True,False,False,True,True,False
2023185,True,True,True,True,False,False,True,True,False,True,True,False,False,False
2023192,True,True,True,True,False,False,True,True,False,True,True,False,False,False
2023193,False,False,False,False,False,True,False,False,True,False,False,False,False,False
2023212,False,False,False,False,True,True,False,False,True,False,False,False,False,False
2023217,False,False,False,False,False,False,False,False,False,False,False,False,False,False
2023245,False,False,False,False,False,False,False,False,False,False,False,False,False,False
2023247,False,False,False,False,False,False,False,False,True,False,False,False,False,False
2023264,False,False,False,False,False,False,False,False,False,False,False,False,False,False
2023265,False,False,False,False,False,False,False,False,False,False,False,False,False,False
2023309,False,False,False,False,False,False,False,False,True,False,False,False,False,False
2023310,False,False,False,False,True,True,False,False,True,False,False,False,False,False
2023311,False,False,False,False,False,True,False,False,True,False,False,False,False,False
2023320,False,False,False,False,False,False,False,False,False,False,False,False,False,False
2023329,False,False,False,False,False,True,False,False,True,False,False,False,False,False
2023359,False,False,False,False,False,True,False,False,True,False,False,False,False,False
2023398,False,False,False,False,False,True,False,False,True,False,False,False,False,False
2023401,False,False,False,False,False,True,False,False,True,False,False,False,False,False
2023406,False,False,False,False,False,True,False,False,True,False,False,False,False,False
2023411,False,False,False,False,False,True,False,False,True,False,False,False,False,False
2023415,False,False,False,False,True,True,False,False,True,False,False,False,False,False
2023426,False,False,False,False,False,False,False,False,False,False,False,False,False,False
2023427,False,False,False,False,False,False,False,False,False,False,False,False,False,False
2023443,False,False,False,False,False,False,False,False,False,False,False,False,False,False
2023453,False,False,False,False,False,False,False,False,False,False,False,False,False,False
2023458,False,False,False,False,False,True,False,False,True,False,False,False,False,False
2023464,False,False,False,False,False,True,False,False,True,False,False,False,False,False
2023465,False,False,False,False,False,False,False,False,False,False,False,False,False,False
2023466,False,False,False,False,False,True,False,False,True,False,False,False,False,False
2023470,False,False,False,False,False,False,False,False,False,False,False,False,False,False
2023479,False,False,False,False,True,True,False,False,True,False,False,True,True,False
2023487,False,False,False,False,True,True,False,False,True,False,False,True,True,False
2023489,False,False,False,False,True,True,False,False,True,False,False,False,False,False
2023498,False,False,False,False,True,True,False,False,True,False,False,True,True,False
2023500,False,False,False,False,True,True,False,False,True,False,False,False,False,False
2023504,True,True,True,True,False,False,True,True,False,True,True,True,True,False
2023505,False,False,False,False,True,True,False,False,True,False,False,False,False,False
2023506,False,False,False,False,True,True,False,False,True,False,False,False,False,False
2023523,False,False,False,False,False,True,False,False,True,False,False,False,False,False
2023525,False,False,False,False,False,False,False,False,False,False,False,True,True,False
2023526,False,False,False,False,False,True,False,False,True,False,False,False,False,False
2023527,False,False,False,False,False,True,False,False,True,False,False,False,False,False
2023549,False,False,False,False,False,False,False,False,False,False,False,False,False,False
2023562,False,False,False,False,True,True,False,False,True,False,False,True,True,False
2023582,False,False,False,False,True,True,False,False,True,False,False,False,False,False
2023583,False,False,False,False,True,True,False,False,True,False,False,False,False,False
2023585,False,False,False,False,True,True,False,False,True,False,False,True,True,False
2023591,False,False,False,False,True,True,False,False,True,False,False,False,False,False
2023674,False,False,False,False,False,False,False,False,False,False,False,False,False,False
2023704,False,False,False,False,False,False,False,False,True,False,False,False,False,False
2023705,False,False,False,False,False,True,False,False,True,False,False,False,False,False
2023720,False,False,False,False,False,True,False,False,True,False,False,False,False,False
2023729,False,False,False,False,True,True,False,False,True,False,False,False,False,False
2023734,False,False,False,False,True,True,False,False,True,False,False,False,False,False
2023745,False,False,False,False,True,True,False,False,True,False,False,False,False,False
2023746,False,False,False,False,False,False,False,False,False,False,False,True,True,False
2023759,False,False,False,False,False,False,False,False,False,False,False,True,True,False
2023763,False,False,False,False,False,False,False,False,False,False,False,True,True,False
2023764,False,False,False,False,True,True,False,False,True,False,False,False,False,False
2023775,False,False,False,False,False,True,False,False,True,False,False,False,False,False
2023780,False,False,False,False,False,True,False,False,True,False,False,False,False,False
2023790,False,False,False,False,False,True,False,False,True,False,False,False,False,False
2023791,False,False,False,False,False,False,False,False,False,False,False,True,True,False
2023793,False,False,False,False,True,True,False,False,True,False,False,False,False,False
2023800,False,False,False,False,False,False,True,True,False,False,False,False,False,False
2023804,False,False,False,False,True,True,False,False,True,False,False,False,False,False
2023818,False,False,False,False,False,True,False,False,True,False,False,False,False,False
2023820,False,False,False,False,False,True,False,False,True,False,False,False,False,False
2023821,False,False,False,False,False,True,False,False,True,False,False,False,False,False
2023830,False,False,False,False,False,False,False,False,False,False,False,False,False,False
2023839,False,False,False,False,True,True,False,False,True,False,False,False,False,False
2023840,False,False,False,False,True,True,False,False,True,False,False,False,False,False
2023842,False,False,False,False,False,True,False,False,True,False,False,False,False,False
2023860,False,False,False,False,False,False,False,False,False,False,False,True,True,False
2023863,False,False,False,False,True,True,False,False,True,False,False,True,True,False
2023873,False,False,False,False,True,True,False,False,True,False,False,True,True,False
2023874,False,False,False,False,False,False,False,False,False,False,False,False,False,False
2023875,False,False,False,False,True,True,False,False,True,False,False,True,True,False
2023879,False,False,False,False,False,True,False,False,True,False,False,False,False,False
2023881,False,False,False,False,True,True,False,False,True,False,False,False,False,False
2023882,False,False,False,False,False,True,False,False,True,False,False,False,False,False
2023884,False,False,False,False,True,True,False,False,True,False,False,False,False,False
2023895,False,False,False,False,False,True,False,False,True,False,False,False,False,False
2023901,False,False,False,False,True,True,False,False,True,False,False,False,False,False
2023903,False,False,False,False,True,True,False,False,True,False,False,False,False,False
2023904,False,False,False,False,False,True,False,False,True,False,False,False,False,False
2023913,False,False,False,False,True,True,False,False,True,False,False,True,True,False
2023915,False,False,False,False,False,True,False,False,True,False,False,False,False,False
2023917,False,False,False,False,False,False,False,False,False,False,False,False,False,False
2023924,False,False,False,False,True,True,False,False,True,False,False,True,True,False
2023926,False,False,False,False,True,True,False,False,True,False,False,False,False,False
2023934,False,False,False,False,False,True,False,False,True,False,False,False,False,False
2023936,False,False,False,False,True,True,False,False,True,False,False,False,False,False
2023957,False,False,False,False,True,True,False,False,True,False,False,False,False,False
2023963,False,False,False,False,False,True,False,False,True,False,False,False,False,False
2023984,False,False,False,False,True,True,False,False,True,False,False,False,False,False
2023988,False,False,False,False,True,True,False,False,True,False,False,False,False,False
2023998,False,False,False,False,True,True,False,False,True,False,False,True,True,False
2024004,False,False,False,False,True,True,False,False,True,False,False,True,True,False
2024005,False,False,False,False,False,True,False,False,True,False,False,False,False,False
2024006,False,False,False,False,True,True,False,False,True,False,False,False,False,False
2024010,False,False,False,False,True,True,False,False,True,False,False,True,True,False
2024032,False,False,False,False,True,True,False,False,True,False,False,True,True,False
2024034,False,False,False,False,True,True,False,False,True,False,False,False,False,False
2024045,False,False,False,False,True,True,False,False,True,False,False,False,False,False
2024067,False,False,False,False,False,False,False,False,False,False,False,False,True,False
2024070,False,False,False,False,False,False,False,False,False,False,False,True,True,False
2024074,False,False,False,False,True,True,False,False,True,False,False,False,False,False
2024076,False,False,False,False,False,False,False,False,False,False,False,True,True,False
2024086,False,False,False,False,True,True,False,False,True,False,False,True,True,False
2024087,False,False,False,False,True,True,False,False,True,False,False,False,False,False
2024102,False,False,False,False,True,True,False,False,True,False,False,True,True,False
2024111,False,False,False,False,True,True,False,False,True,False,False,False,False,False
2024112,False,False,False,False,True,True,False,False,True,False,False,False,False,False
2024116,False,False,False,False,True,True,False,False,True,False,False,False,False,False
2024117,False,False,False,False,False,True,False,False,True,False,False,False,False,False
2024132,False,False,False,False,False,False,False,False,False,False,False,True,True,False
2024137,False,False,False,False,False,True,False,False,True,False,False,False,False,False
2024138,False,False,False,False,True,True,False,False,True,False,False,False,False,False
2024139,False,False,False,False,True,True,False,False,True,False,False,False,False,False
2024148,False,False,False,False,False,False,False,False,False,False,False,True,True,False
2024150,False,False,False,False,True,True,False,False,True,False,False,False,False,False
2024156,False,False,False,False,True,True,False,False,True,False,False,True,True,False
2024163,False,False,False,False,True,True,False,False,True,False,False,True,True,False
2024173,False,False,False,False,True,True,False,False,True,False,False,False,False,False
2024178,False,False,False,False,True,False,False,False,True,False,False,False,False,False
2024182,False,False,False,False,True,True,False,False,True,False,False,True,True,False
2024185,False,False,False,False,True,True,False,False,True,False,False,False,False,False
2024190,False,False,False,False,False,False,False,False,False,False,False,False,True,False
2024194,False,False,False,False,True,True,False,False,True,False,False,False,False,False
2024198,False,False,False,False,False,False,False,False,False,False,False,True,True,False
2024199,False,False,False,False,True,True,False,False,True,False,False,True,True,False
2024200,False,False,False,False,True,True,False,False,True,False,False,True,True,False
2024201,False,False,False,False,True,True,False,False,True,False,False,False,False,False
2024208,False,False,False,False,False,False,False,False,False,False,False,True,True,False
2024218,False,False,False,False,True,True,False,False,True,False,False,True,True,False
2024219,False,False,False,False,True,True,False,False,True,False,False,True,True,False
2024220,False,False,False,False,True,True,False,False,True,False,False,False,False,False
2024227,False,False,False,False,True,True,False,False,True,False,False,True,True,False
2024249,False,False,False,False,False,False,False,False,False,False,False,True,True,False
2024253,False,False,False,False,False,False,False,False,False,False,False,False,False,False
2024254,False,False,False,False,False,False,False,False,False,False,False,True,True,False
2024258,False,False,False,False,True,True,False,False,True,False,False,True,True,False
2024265,False,False,False,False,True,True,False,False,True,False,False,True,True,False
2024269,False,False,False,False,False,False,False,False,False,False,False,True,True,False
2024271,False,False,False,False,True,True,False,False,True,False,False,False,False,False
2024284,False,False,False,False,False,True,False,False,True,False,False,False,False,False
2024288,False,False,False,False,True,True,False,False,True,False,False,False,False,False
2024312,False,False,False,False,False,False,False,False,False,False,False,True,False,False
2024315,False,False,False,False,True,False,False,False,True,False,False,False,False,False
2024343,False,False,False,False,True,True,False,False,True,False,False,True,True,False
2024368,False,False,False,False,False,False,False,False,False,False,False,False,False,False
2024379,False,False,False,False,False,True,False,False,True,False,False,False,False,False
2024444,False,False,False,False,True,True,False,False,True,False,False,False,False,False
2024446,False,False,False,False,True,True,False,False,True,False,False,False,False,False
2024447,False,False,False,False,True,True,False,False,True,False,False,False,False,False
2024450,False,False,False,False,True,True,False,False,True,False,False,False,False,False
2024452,False,False,False,False,False,True,False,False,True,False,False,False,False,False
2024458,False,False,False,False,True,True,False,False,True,False,False,True,True,False
2024462,False,False,False,False,False,True,False,False,True,False,False,False,False,False
2024463,False,False,False,False,True,True,False,False,True,False,False,False,False,False
2024472,False,False,False,False,False,True,False,False,True,False,False,False,False,False
2024474,False,False,False,False,False,True,False,False,True,False,False,False,False,False
2024490,False,False,False,False,True,True,False,False,True,False,False,False,False,False
2024503,False,False,False,False,False,False,False,False,False,False,False,False,False,False
2024506,False,False,False,False,False,False,False,False,False,False,False,False,False,False
2024532,False,False,False,False,False,False,False,False,False,False,False,True,True,False
2024552,False,False,False,False,False,False,False,False,False,False,False,True,True,False
2024572,False,False,False,False,True,True,False,False,True,False,False,False,False,False
2024588,False,False,False,False,False,False,False,False,False,False,False,False,False,False
2024594,False,False,False,False,True,True,False,False,True,False,False,False,False,False
2024618,False,False,False,False,True,True,False,False,True,False,False,False,False,False
2024625,False,False,False,False,False,False,False,False,False,False,False,False,False,False
2024627,False,False,False,False,True,True,False,False,True,False,False,False,False,False
2024631,False,False,False,False,False,False,False,False,False,False,False,False,False,False
2024638,False,False,False,False,True,True,False,False,True,False,False,False,False,False
2024646,False,False,False,False,False,False,False,False,False,False,False,False,False,False
2024648,False,False,False,False,False,False,False,False,False,False,False,False,False,False
2024652,False,False,False,False,False,False,False,False,False,False,False,True,True,False
2024659,False,False,False,False,False,False,False,False,False,False,False,False,False,False
2024728,False,False,False,False,False,False,False,False,False,False,False,False,False,False
2024729,False,False,False,False,False,False,False,False,False,False,False,False,False,False
2024741,False,False,False,False,False,False,False,False,False,False,False,False,False,False
2024742,False,False,False,False,False,False,False,False,False,False,False,False,False,False
2024770,False,False,False,False,False,False,False,False,False,False,False,False,False,False
2024777,False,False,False,False,False,False,False,False,False,False,False,False,False,False
2024793,False,False,False,False,False,False,False,False,False,False,False,False,False,False
2024827,False,False,False,False,False,False,False,False,False,False,False,False,False,False
2024935,False,False,False,False,False,False,False,False,False,False,False,False,False,False
2024966,False,False,False,False,True,True,False,False,True,False,False,False,False,False
2024977,False,False,False,False,False,False,False,False,False,False,False,False,False,False
2024996,False,False,False,False,False,False,False,False,False,False,False,False,False,False
2025008,False,False,False,False,False,False,False,False,False,False,False,True,True,False
2025107,False,False,False,False,False,True,False,False,True,False,False,False,False,False
2025124,False,False,False,False,True,True,False,False,True,False,False,False,False,False
2025125,False,False,False,False,True,True,False,False,True,False,False,False,False,False
2025128,False,False,False,False,False,True,False,False,True,False,False,False,False,False
2025130,False,False,False,False,False,True,False,False,True,False,False,False,False,False
2025134,False,False,False,False,False,True,False,False,True,False,False,False,False,False
2025135,False,False,False,False,True,True,False,False,True,False,False,False,False,False
2025141,False,False,False,False,True,True,False,False,True,False,False,False,False,False
2025150,False,False,False,False,False,True,False,False,True,False,False,False,False,False
2025165,False,False,False,False,False,True,False,False,True,False,False,False,False,False
2025169,False,False,False,False,True,True,False,False,True,False,False,False,False,False
2025171,False,False,False,False,False,True,False,False,True,False,False,False,False,False
2025175,False,False,False,False,True,True,False,False,True,False,False,False,False,False
2025248,False,False,False,False,True,True,False,False,True,False,False,False,False,False
2025261,False,False,False,False,False,True,False,False,True,False,False,False,False,False
2025268,False,False,False,False,False,True,False,False,True,False,False,False,False,False
2025269,False,False,False,False,True,True,False,False,True,False,False,False,False,False
2025273,False,False,False,False,True,True,False,False,True,False,False,False,False,False
2025275,False,False,False,False,True,True,False,False,True,False,False,False,False,False
2025279,False,False,False,False,True,False,False,False,True,False,False,False,False,False
2025280,False,False,False,False,True,True,False,False,True,False,False,False,False,False
2025282,False,False,False,False,True,True,False,False,True,False,False,False,False,False
2025308,False,False,False,False,False,False,False,False,False,False,False,False,False,False
2025327,False,False,False,False,True,True,False,False,True,False,False,False,False,False
2025375,False,False,False,False,True,True,False,False,True,False,False,False,False,False
2025379,False,False,False,False,False,False,False,False,False,False,False,False,False,False
2025384,False,False,False,False,True,True,False,False,True,False,False,False,False,False
2025386,False,False,False,False,True,True,False,False,True,False,False,False,False,False
2025396,False,False,False,False,False,True,False,False,True,False,False,False,False,False
2025399,False,False,False,False,True,True,False,False,True,False,False,False,False,False
2025409,False,False,False,False,True,True,False,False,True,False,False,False,False,False
2025413,False,False,False,False,True,True,False,False,True,False,False,False,False,False
2025419,False,False,False,False,True,True,False,False,True,False,False,False,False,False
2025420,False,False,False,False,True,True,False,False,True,False,False,False,False,False
2025423,False,False,False,False,True,True,False,False,True,False,False,False,False,False
2025425,False,False,False,False,False,False,False,False,False,False,False,False,False,False
2025426,False,False,False,False,False,True,False,False,True,False,False,False,False,False
2025428,False,False,False,False,True,True,False,False,True,False,False,False,False,False
2025435,False,False,False,False,True,True,False,False,True,False,False,False,False,False
2025489,False,False,False,False,True,True,False,False,True,False,False,False,False,False
2025492,False,False,False,False,True,True,False,False,True,False,False,False,False,False
2025496,False,False,False,False,True,True,False,False,True,False,False,False,False,False
2025503,False,False,False,False,True,True,False,False,True,False,False,False,False,False
2025505,False,False,False,False,True,True,False,False,True,False,False,False,False,False
2025507,False,False,False,False,False,False,False,False,False,False,False,False,False,False
2025514,False,False,False,False,True,True,False,False,True,False,False,False,False,False
2025522,False,False,False,False,True,True,False,False,True,False,False,False,False,False
2025536,False,False,False,False,False,True,False,False,True,False,False,False,False,False
2025538,False,False,False,False,True,True,False,False,True,False,False,False,False,False
2025539,False,False,False,False,False,True,False,False,True,False,False,False,False,False
2025540,False,False,False,False,True,True,False,False,True,False,False,False,False,False
2025561,False,False,False,False,True,True,False,False,True,False,False,False,False,False
2025576,False,False,False,False,True,True,False,False,True,False,False,False,False,False
2025577,False,False,False,False,True,True,False,False,True,False,False,False,False,False
2025595,False,False,False,False,False,True,False,False,True,False,False,False,False,False
2025597,False,False,False,False,False,True,False,False,True,False,False,False,False,False
2025601,False,False,False,False,True,True,False,False,True,False,False,False,False,False
2025604,False,False,False,False,True,True,False,False,True,False,False,False,False,False
2025615,False,False,False,False,False,False,False,False,False,False,False,False,False,False
2025616,False,False,False,False,False,False,False,False,False,False,False,False,False,False
2025627,False,False,False,False,False,False,False,False,False,False,False,False,False,False
2025648,False,False,False,False,False,False,False,False,False,False,False,False,False,False
2025652,False,False,False,False,True,True,False,False,True,False,False,False,False,False
2025655,False,False,False,False,True,True,False,False,True,False,False,False,False,False
2025667,False,False,False,False,True,True,False,False,True,False,False,False,False,False
2025677,False,False,False,False,True,True,False,False,True,False,False,False,False,False
2025678,False,False,False,False,True,True,False,False,True,False,False,False,False,False
2025682,False,False,False,False,True,True,False,False,True,False,False,False,False,False
2025683,False,False,False,False,True,True,False,False,True,False,False,False,False,False
2025685,False,False,False,False,True,True,False,False,True,False,False,False,False,False
2025689,False,False,False,False,True,True,False,False,True,False,False,False,False,False
2025692,False,False,False,False,True,True,False,False,True,False,False,False,False,False
2025701,False,False,False,False,True,True,False,False,True,False,False,False,False,False
2025703,False,False,False,False,False,False,False,False,True,False,False,False,False,False
2025704,False,False,False,False,True,True,False,False,True,False,False,False,False,False
2025705,False,False,False,False,True,True,False,False,True,False,False,False,False,False
2025712,False,False,False,False,False,False,False,False,True,False,False,False,False,False
2025713,False,False,False,False,True,True,False,False,True,False,False,False,False,False
2025718,False,False,False,False,True,True,False,False,True,False,False,False,False,False
2025723,False,False,False,False,True,True,False,False,True,False,False,False,False,False
2025724,False,False,False,False,True,True,False,False,True,False,False,False,False,False
2025726,False,False,False,False,True,True,False,False,True,False,False,False,False,False
2025727,False,False,False,False,False,True,False,False,True,False,False,False,False,False
2025728,False,False,False,False,True,True,False,False,True,False,False,False,False,False
2025730,False,False,False,False,True,True,False,False,True,False,False,False,False,False
2025733,False,False,False,False,True,True,False,False,True,False,False,False,False,False
2025735,False,False,False,False,True,True,False,False,True,False,False,False,False,False
2025736,False,False,False,False,True,True,False,False,True,False,False,False,False,False
2025738,False,False,False,False,True,True,False,False,True,False,False,False,False,False
2025741,False,False,False,False,False,False,False,False,False,False,False,False,False,False
2025744,False,False,False,False,True,True,False,False,True,False,False,False,False,False
2025754,False,False,False,False,True,True,False,False,True,False,False,False,False,False
2025760,False,False,False,False,True,True,False,False,True,False,False,False,False,False
2025761,False,False,False,False,True,True,False,False,True,False,False,False,False,False
2025765,False,False,False,False,True,True,False,False,True,False,False,False,False,False
2025781,False,False,False,False,True,True,False,False,True,False,False,False,False,False
2025787,False,False,False,False,False,True,False,False,True,False,False,False,False,False
2025788,False,False,False,False,True,True,False,False,True,False,False,False,False,False
2025796,False,False,False,False,True,True,False,False,True,False,False,False,False,False
2025808,False,False,False,False,True,True,False,False,True,False,False,False,False,False
2025809,False,False,False,False,True,True,False,False,True,False,False,False,False,False
2025846,False,False,False,False,True,True,False,False,True,False,False,False,False,False
2025850,False,False,False,False,True,False,False,False,True,False,False,False,False,False
2025851,False,False,False,False,False,False,False,False,False,False,False,False,False,False
2025858,False,False,False,False,False,True,False,False,True,False,False,False,False,False
2025859,False,False,False,False,True,True,False,False,True,False,False,False,False,False
2025872,False,False,False,False,True,True,False,False,True,False,False,False,False,False
2025875,False,False,False,False,True,True,False,False,True,False,False,False,False,False
2025895,False,False,False,False,True,True,False,False,True,False,False,False,False,False
2025900,False,False,False,False,False,False,False,False,False,False,False,False,False,False
2025907,False,False,False,False,False,True,False,False,True,False,False,False,False,False
2025930,False,False,False,False,True,False,False,False,True,False,False,False,False,False
2025933,False,False,False,False,False,False,False,False,True,False,False,False,False,False
2025934,False,False,False,False,True,True,False,False,True,False,False,False,False,False
2025939,False,False,False,False,True,False,False,False,True,False,False,False,False,False
2025941,False,False,False,False,False,False,False,False,False,False,False,False,False,False
2025962,False,False,False,False,False,False,False,False,True,False,False,False,False,False
2026032,False,False,False,False,False,True,False,False,True,False,False,False,False,False
2026079,False,False,False,False,True,True,False,False,True,False,False,False,False,False
2026246,False,False,False,False,False,False,False,False,False,False,False,False,False,False
2026255,False,False,False,False,True,True,False,False,True,False,False,False,False,False
2026284,False,False,False,False,False,False,False,False,False,False,False,False,False,False
2026293,False,False,False,False,False,True,False,False,True,False,False,False,False,False
2026299,False,False,False,False,False,False,False,False,False,False,False,False,False,False
2026310,False,False,False,False,False,False,False,False,False,False,False,False,False,False
2026383,False,False,False,False,True,True,False,False,True,False,False,False,False,False
2026469,False,False,False,False,False,False,False,False,False,False,False,False,False,False
2026480,False,False,False,False,False,False,False,False,False,False,False,False,False,False
2026505,False,False,False,False,False,False,False,False,False,False,False,False,False,False
2026512,False,False,False,False,False,False,False,False,False,False,False,False,False,False
2026528,False,False,False,False,False,False,False,False,False,False,False,False,False,False
2026533,False,False,False,False,False,False,False,False,False,False,False,False,False,False
2026553,False,False,False,False,False,False,False,False,False,False,False,False,False,False
2026670,False,False,False,False,True,True,False,False,True,False,False,False,False,False
2026699,False,False,False,False,True,True,False,False,True,False,False,False,False,False
2026700,False,False,False,False,True,True,False,False,True,False,False,False,False,False
2026709,False,False,False,False,False,False,False,False,False,False,False,False,False,False
2026710,False,False,False,False,True,True,False,False,True,False,False,False,False,False
2026715,False,False,False,False,False,False,False,False,False,False,False,False,False,False
2026721,False,False,False,False,False,False,False,False,False,False,False,False,False,False
2026728,False,False,False,False,False,False,False,False,False,False,False,False,False,False
2026738,False,False,False,False,True,True,False,False,True,False,False,False,False,False
2026760,False,False,False,False,False,False,False,False,False,False,False,False,False,False
2026772,False,False,False,False,True,True,False,False,True,False,False,False,False,False
2026773,False,False,False,False,True,True,False,False,True,False,False,False,False,False
2026808,False,False,False,False,False,False,False,False,False,False,False,False,False,False
2026833,False,False,False,False,False,False,False,False,False,False,False,False,False,False
2026854,False,False,False,False,True,True,False,False,True,False,False,False,False,False
2026866,False,False,False,False,False,False,False,False,False,False,False,False,False,False
2026905,False,False,False,False,False,False,False,False,False,False,False,False,False,False
2026906,False,False,False,False,False,False,False,False,False,False,False,False,False,False
2026924,False,False,False,False,False,False,False,False,False,False,False,False,False,False
2026947,False,False,False,False,False,False,False,False,False,False,False,False,False,False
2027082,False,False,False,False,False,False,False,False,False,False,False,False,False,False
2027105,False,False,False,False,False,False,False,False,False,False,False,False,False,False
2027118,False,False,False,False,False,False,False,False,False,False,False,False,False,False
2027125,False,False,False,False,False,False,False,False,False,False,False,False,False,False
2027201,False,False,False,False,False,False,False,False,False,False,False,False,False,False
2027227,False,False,False,False,False,False,False,False,False,False,False,False,False,False
2027280,False,False,False,False,False,False,False,False,False,False,False,False,False,False
2027287,False,False,False,False,False,False,False,False,False,False,False,False,False,False
2027295,False,False,False,False,False,False,False,False,False,False,False,False,False,False
2027296,False,False,False,False,False,False,False,False,False,False,False,False,False,False
2027297,False,False,False,False,False,False,False,False,False,False,False,False,False,False
2027298,False,False,False,False,False,False,False,False,False,False,False,False,False,False
2027300,False,False,False,False,False,False,False,False,False,False,False,False,False,False
2027318,False,False,False,False,False,False,False,False,False,False,False,False,False,False
2027325,False,False,False,False,False,False,False,False,False,False,False,False,False,False
2027340,False,False,False,False,False,False,False,False,False,False,False,False,False,False
2027398,False,False,False,False,False,False,False,False,False,False,False,False,False,False
2027406,False,False,False,False,False,False,False,False,False,False,False,False,False,False
2027447,False,False,False,False,False,False,False,False,False,False,False,False,False,False
